series_id,detector,operator,r,r_over_m,position,a,n_interior,n_boundary,n_untouched,dS_interior_mean,dS_boundary_mean,max_before,max_after,p99_normal,false_alarm,false_alarm_before,untouched_max_abs_delta,untouched_frac_bitexact,interior_min,interior_max,interior_n_unique,inc_full_max_abs_diff,inc_full_max_abs_diff_sq,inc_full_D_at_worst,t_incremental_s,t_full_s,t_operator_s,fill_min,fill_max,cr_j,cr_dist
66,Z,Zero,13,0.5,0,4126,0,38,9935,nan,2.6747498307729813,0.36273654768927854,3.9291226358880675,0.8045214677902984,True,False,1.3930523401484152e-13,0.8701560140915954,nan,nan,0,1.3930523401484152e-13,5.417888360170764e-13,0.1865074478021361,0.005585332997725345,0.04173862499737879,7.037499744910747e-05,0.04073601280516216,0.04073601280516216,,
66,R,Zero,13,0.5,0,4126,0,38,9935,nan,0.4443037696104419,0.1151633074730429,0.7018714394498683,0.26374787319419757,True,False,1.1900203045200897e-14,0.8940110719677906,nan,nan,0,1.1900203045200897e-14,3.9968028886505635e-15,0.05599498497525983,0.0041984999988926575,0.11037783400388435,7.037499744910747e-05,0.04073601280516216,0.04073601280516216,,
66,Z,SampleMean,13,0.5,0,4126,0,38,9935,nan,2.6747498307729813,0.36273654768927854,3.9291226358880675,0.8045214677902984,True,False,1.3930523401484152e-13,0.8719677906391545,nan,nan,0,1.3930523401484152e-13,5.417888360170764e-13,0.1865074478021361,0.005691042002581526,0.041461458000412676,6.087500514695421e-05,0.04073601280516217,0.04073601280516217,,
66,R,SampleMean,13,0.5,0,4126,0,38,9935,nan,0.4443037696104419,0.1151633074730429,0.7018714394498683,0.26374787319419757,True,False,1.1900203045200897e-14,0.8977352793155511,nan,nan,0,1.1900203045200897e-14,3.9968028886505635e-15,0.05599498497525983,0.004442208002728876,0.10916595800517825,6.087500514695421e-05,0.04073601280516217,0.04073601280516217,,
66,Z,OutOfDistHigh,13,0.5,0,4126,0,38,9935,nan,2.770963563965205,0.36273654768927854,6.012183616589292,0.8045214677902984,True,False,4.4531323073471185e-12,0.817916456970307,nan,nan,0,4.4531323073471185e-12,2.2457591342117666e-12,0.22039279697012512,0.0055990830005612224,0.04075783299776958,6.804099393775687e-05,34.92041229332137,34.92041229332137,,
66,R,OutOfDistHigh,13,0.5,0,4126,0,38,9935,nan,99.13380990395055,0.1151633074730429,124.81814592454806,0.26374787319419757,True,False,6.337175229020886e-11,0.8221439355812783,nan,nan,0,6.337175229020886e-11,1.1425086571259513e-11,0.09014335679120032,0.004490999999688938,0.10875495900108945,6.804099393775687e-05,34.92041229332137,34.92041229332137,,
66,Z,Inverse,13,0.5,0,4126,0,38,9935,nan,2.8322804488365305,0.36273654768927854,4.511203085789039,0.8045214677902984,True,False,1.1360357099476914e-13,0.8618017111222949,nan,nan,0,1.982303210468217e-13,1.5015766408055242e-13,0.3786959318119388,0.0055483329997514375,0.04008850000536768,6.195800233399495e-05,0.11038323280516218,0.6045482528051621,,
66,R,Inverse,13,0.5,0,4126,0,38,9935,nan,0.6558413046944429,0.1151633074730429,1.019170587697916,0.26374787319419757,True,False,2.215588823517578e-14,0.8658278812279819,nan,nan,0,2.215588823517578e-14,1.0103029524088925e-14,0.055119540982767994,0.00439941600052407,0.10313299999688752,6.195800233399495e-05,0.11038323280516218,0.6045482528051621,,
66,Z,UniformNoise100,13,0.5,0,4126,0,38,9935,nan,3.0066873857762992,0.36273654768927854,4.389853375451132,0.8045214677902984,True,False,1.1973755320582313e-13,0.8719677906391545,nan,nan,0,2.2354340600827527e-13,2.149391775674303e-13,0.34867222845310697,0.005427208001492545,0.04013837499951478,0.000185417004104238,-0.10691339868952517,0.2174346063221076,,
66,R,UniformNoise100,13,0.5,0,4126,0,38,9935,nan,0.5100849093805003,0.1151633074730429,0.7900097340496794,0.26374787319419757,True,False,1.4307999229856705e-14,0.8839456467035732,nan,nan,0,1.4307999229856705e-14,3.9968028886505635e-15,0.046574634941036766,0.004226832999847829,0.10463924999930896,0.000185417004104238,-0.10691339868952517,0.2174346063221076,,
66,Z,LinearInterpolation,13,0.5,0,4126,0,38,9935,nan,1.243042538007211,0.36273654768927854,2.1240784514906,0.8045214677902984,True,False,1.0833001162779965e-13,0.8788122798188224,nan,nan,0,1.9834134334928422e-13,1.5587531265737198e-13,0.39294610165871735,0.0052850840002065524,0.041423292001127265,0.00035524999839253724,-0.17182004499999998,0.18283893500000004,,
66,R,LinearInterpolation,13,0.5,0,4126,0,38,9935,nan,0.23801438081446086,0.1151633074730429,0.45769351241566747,0.26374787319419757,True,False,8.153200337090993e-15,0.9028686462003019,nan,nan,0,1.199040866595169e-14,3.982925100842749e-15,0.16600606817353086,0.004113540999242105,0.10654733299452346,0.00035524999839253724,-0.17182004499999998,0.18283893500000004,,
66,Z,NearestNeighborWindow,13,0.5,0,4126,0,38,9935,nan,1.3794010230149851,0.36273654768927854,2.316568155280777,0.8045214677902984,True,False,1.3233858453531866e-13,0.8671363865123302,nan,nan,0,2.4291679778798425e-13,1.7896795156957523e-13,0.3208898742881882,0.005563667000387795,0.041746041002625134,5.6666001910343766e-05,-0.22802749,0.21239385,,
66,R,NearestNeighborWindow,13,0.5,0,4126,0,38,9935,nan,0.24033884469690425,0.1151633074730429,0.4470268763215444,0.26374787319419757,True,False,1.4072076837123859e-14,0.8905888273779567,nan,nan,0,1.4072076837123859e-14,3.733124920302089e-15,0.06309135773201782,0.004100250000192318,0.10768920899863588,5.6666001910343766e-05,-0.22802749,0.21239385,,
66,Z,ContextReconstruct,13,0.5,0,4126,0,38,9935,nan,0.006301783774113049,0.36273654768927854,0.4064235206878101,0.8045214677902984,False,False,1.5490386751082497e-13,0.8743834927025667,nan,nan,0,2.902678097882472e-13,1.616484723854228e-13,0.2685027749789982,0.005470999996759929,0.04201337500126101,0.0008566249962314032,-0.20224638,0.28406359999999997,383,0.24776253728687564
66,R,ContextReconstruct,13,0.5,0,4126,0,38,9935,nan,0.012210570787844788,0.1151633074730429,0.14529047684966187,0.26374787319419757,False,False,8.618106228652778e-15,0.9372924006039255,nan,nan,0,1.0033640585049852e-14,2.381775332516156e-15,0.11864686692957187,0.004369374997622799,0.10893599999690196,0.0008566249962314032,-0.20224638,0.28406359999999997,383,0.24776253728687564
66,Z,Zero,26,1,0,4126,1,50,9922,4.808556152023283,3.0398025741444377,0.36273654768927854,5.99616733650604,0.8045214677902984,True,False,1.3233858453531866e-13,0.8686756702277767,5.0990195135927845,5.0990195135927845,1,1.3233858453531866e-13,5.400124791776761e-13,0.2618254019104578,0.00568816700251773,0.04210574999888195,5.9916994359809905e-05,0.04073601280516216,0.04073601280516216,,
66,R,Zero,26,1,0,4126,1,50,9922,0.7352846486082691,0.49647173370407954,0.1151633074730429,0.8493458119830635,0.26374787319419757,True,False,1.4085954624931674e-14,0.8843983067929853,0.8493458119830635,0.8493458119830635,1,1.4085954624931674e-14,3.941291737419306e-15,0.06309135773198966,0.004542000002402347,0.10465658400062239,5.9916994359809905e-05,0.04073601280516216,0.04073601280516216,,
66,Z,SampleMean,26,1,0,4126,1,50,9922,4.808556152023283,3.0398025741444377,0.36273654768927854,5.99616733650604,0.8045214677902984,True,False,1.3233858453531866e-13,0.8680709534368071,5.0990195135927845,5.0990195135927845,1,1.3233858453531866e-13,5.329070518200751e-13,0.2618254019104578,0.005721458001062274,0.04164920900075231,5.333399894880131e-05,0.04073601280516217,0.04073601280516217,,
66,R,SampleMean,26,1,0,4126,1,50,9922,0.7352846486082691,0.49647173370407954,0.1151633074730429,0.8493458119830635,0.26374787319419757,True,False,1.4085954624931674e-14,0.8824833702882483,0.8493458119830635,0.8493458119830635,1,1.4085954624931674e-14,3.941291737419306e-15,0.06309135773198966,0.004464625002583489,0.11418187499657506,5.333399894880131e-05,0.04073601280516217,0.04073601280516217,,
66,Z,OutOfDistHigh,26,1,0,4126,1,50,9922,4.808556152023283,3.2086127111695415,0.36273654768927854,6.047729838902974,0.8045214677902984,True,False,5.6058768738154185e-12,0.8226164079822617,5.0990195135927845,5.0990195135927845,1,5.6058768738154185e-12,2.453592884421596e-12,0.19155016739184585,0.005743999994592741,0.04238429100223584,6.25829998170957e-05,34.92041229332137,34.92041229332137,,
66,R,OutOfDistHigh,26,1,0,4126,1,50,9922,177.3406527220442,118.68432521648698,0.1151633074730429,177.454713885419,0.26374787319419757,True,False,1.9944074863831318e-10,0.8232211247732312,177.454713885419,177.454713885419,1,1.9944074863831318e-10,2.7128525120767577e-11,0.056180649345519994,0.004681625003286172,0.11776579199795378,6.25829998170957e-05,34.92041229332137,34.92041229332137,,
66,Z,Inverse,26,1,0,4126,1,50,9922,2.5460139632450174,4.045688140421561,0.36273654768927854,5.775208264702317,0.8045214677902984,True,False,1.5437651157412802e-13,0.8604112074178593,2.836477324814519,2.836477324814519,1,1.5437651157412802e-13,9.769962616701378e-14,0.2618254019104798,0.005869874999916647,0.04113708299701102,6.587500683963299e-05,0.11038323280516218,0.6045482528051621,,
66,R,Inverse,26,1,0,4126,1,50,9922,1.1907809372896514,1.0234609668126537,0.1151633074730429,1.4820795795782065,0.26374787319419757,True,False,3.615163723935666e-14,0.8366256803063898,1.3048421006644457,1.3048421006644457,1,3.615163723935666e-14,1.021405182655144e-14,0.06754604225188562,0.004574041005980689,0.10949929199705366,6.587500683963299e-05,0.11038323280516218,0.6045482528051621,,
66,Z,UniformNoise100,26,1,0,4126,1,50,9922,6.182788465953963,3.939411994764741,0.36273654768927854,6.473251827523464,0.8045214677902984,True,False,1.5437651157412802e-13,0.8665591614593832,6.473251827523464,6.473251827523464,1,1.5437651157412802e-13,2.504663143554353e-13,0.2618254019104798,0.005503750006027985,0.04044170799897984,0.00018154200370190665,-0.1522685793703099,0.2174346063221076,,
66,R,UniformNoise100,26,1,0,4126,1,50,9922,0.8200485880219983,0.6356863247972132,0.1151633074730429,0.9623301567403436,0.26374787319419757,True,False,1.1518563880485999e-14,0.8721023987099376,0.9341097513967926,0.9341097513967926,1,1.1518563880485999e-14,3.9968028886505635e-15,0.07706407445902273,0.004281457993783988,0.1091414580005221,0.00018154200370190665,-0.1522685793703099,0.2174346063221076,,
66,Z,LinearInterpolation,26,1,0,4126,1,50,9922,2.6308666032922825,2.4548849448133128,0.36273654768927854,5.622954029724606,0.8045214677902984,True,False,1.3233858453531866e-13,0.8692803870187462,2.9213299648617843,2.9213299648617843,1,1.603162047558726e-13,8.828493491819245e-13,2.7547260026242895,0.0056817919976310804,0.04222608400596073,0.00033320800139335915,-0.19882717185185184,-0.1351324681481481,,
66,R,LinearInterpolation,26,1,0,4126,1,50,9922,1.0483217945067205,0.5970534570757973,0.1151633074730429,1.2023457693835815,0.26374787319419757,True,False,2.0108914533523148e-14,0.8560774037492441,1.1623829578815148,1.1623829578815148,1,2.0108914533523148e-14,9.992007221626409e-15,0.0662215426810773,0.004742334000184201,0.10622187500121072,0.00033320800139335915,-0.19882717185185184,-0.1351324681481481,,
66,Z,NearestNeighborWindow,26,1,0,4126,1,50,9922,0.22159256684192657,3.648566352967938,0.36273654768927854,5.959865632896038,0.8045214677902984,True,False,1.6744938768908924e-13,0.8685748840959484,0.5120559284114283,0.5120559284114283,1,1.6744938768908924e-13,1.7053025658242404e-13,0.1896257655924769,0.0055738340015523136,0.04150791699794354,5.200000305194408e-05,-0.22802749,0.319116,,
66,R,NearestNeighborWindow,26,1,0,4126,1,50,9922,-0.01556236021383052,0.6742126827157372,0.1151633074730429,1.1299703253292723,0.26374787319419757,True,False,2.445960101127298e-14,0.8402539810522072,0.09849880316096385,0.09849880316096385,1,2.445960101127298e-14,8.770761894538737e-15,0.05446994548017397,0.004698917000496294,0.10999291599728167,5.200000305194408e-05,-0.22802749,0.319116,,
66,Z,ContextReconstruct,26,1,0,4126,1,50,9922,-0.29046336156950175,0.031831346068519034,0.36273654768927854,0.4830369547789227,0.8045214677902984,False,False,1.8307577676068831e-13,0.865349727877444,0.0,0.0,1,5.259126467649367e-13,4.3298697960381105e-13,0.3787128975927429,0.005657665999024175,0.04224616599822184,0.0008438329969067127,-0.23163936000000007,0.28406359999999997,383,0.24776253728687564
66,R,ContextReconstruct,26,1,0,4126,1,50,9922,-0.030306328852272787,0.01167116416652886,0.1151633074730429,0.12185246520374095,0.26374787319419757,False,False,8.021361352916756e-15,0.9304575690385003,0.08375483452252158,0.08375483452252158,1,1.4432899320127035e-14,2.654126918244515e-15,0.08244820450992728,0.004546042000583839,0.11184658399724867,0.0008438329969067127,-0.23163936000000007,0.28406359999999997,383,0.24776253728687564
66,Z,Zero,52,2,0,4126,27,50,9896,4.8531944580498205,3.0785362594134704,0.36273654768927854,5.99616733650604,0.8045214677902984,True,False,1.3700152123874432e-13,0.8698464025869038,5.0990195135927845,5.0990195135927845,1,1.3700152123874432e-13,2.7711166694643907e-13,0.18962576559244645,0.005664415999490302,0.0415858330015908,5.212500400375575e-05,0.04073601280516216,0.04073601280516216,,
66,R,Zero,52,2,0,4126,27,50,9896,0.7723217909604371,0.5033364487437181,0.1151633074730429,0.8493458119830644,0.26374787319419757,True,False,2.3051005548779813e-14,0.8755052546483427,0.8493458119830629,0.8493458119830644,10,2.3051005548779813e-14,1.2434497875801753e-14,0.0770640744590112,0.004950957998516969,0.10897249999834457,5.212500400375575e-05,0.04073601280516216,0.04073601280516216,,
66,Z,SampleMean,52,2,0,4126,27,50,9896,4.8531944580498205,3.078536259413471,0.36273654768927854,5.99616733650604,0.8045214677902984,True,False,1.3700152123874432e-13,0.8780315278900566,5.0990195135927845,5.0990195135927845,1,1.3700152123874432e-13,2.7711166694643907e-13,0.18962576559244645,0.005913250002777204,0.04133849999925587,5.7249999372288585e-05,0.04073601280516217,0.04073601280516217,,
66,R,SampleMean,52,2,0,4126,27,50,9896,0.7723217909604371,0.503336448743718,0.1151633074730429,0.8493458119830642,0.26374787319419757,True,False,2.3051005548779813e-14,0.8760105092966856,0.8493458119830628,0.8493458119830642,8,2.3051005548779813e-14,1.2212453270876722e-14,0.0770640744590112,0.004849541997828055,0.10776762499881443,5.7249999372288585e-05,0.04073601280516217,0.04073601280516217,,
66,Z,OutOfDistHigh,52,2,0,4126,27,50,9896,4.8531944580498205,3.1958060111346134,0.36273654768927854,6.054384343325476,0.8045214677902984,True,False,6.153633158589855e-12,0.8163904607922393,5.0990195135927845,5.0990195135927845,1,6.153633158589855e-12,2.6498733762814197e-12,0.21530974718002227,0.005719500004488509,0.041238083998905495,5.93330041738227e-05,34.92041229332137,34.92041229332137,,
66,R,OutOfDistHigh,52,2,0,4126,27,50,9896,177.3776898643964,118.6893994488871,0.1151633074730429,177.45471388541904,0.26374787319419757,True,False,1.743721694813516e-10,0.8253839935327405,177.454713885419,177.45471388541904,2,1.743721694813516e-10,3.0545900878142795e-11,0.0875882251462277,0.004674832998716738,0.11120574999949895,5.93330041738227e-05,34.92041229332137,34.92041229332137,,
66,Z,Inverse,52,2,0,4126,27,50,9896,2.296525921966643,3.928136024711675,0.36273654768927854,5.840744632282252,0.8045214677902984,True,False,2.1890822488046524e-13,0.8490299110751819,2.3428650306225194,2.836477324814519,27,2.1890822488046524e-13,1.509903313490213e-13,0.18460575959500006,0.0056687079995754175,0.041920083000150044,5.1957998948637396e-05,0.09608315280516219,0.6325742928051622,,
66,R,Inverse,52,2,0,4126,27,50,9896,1.235332690737498,1.0455618966061366,0.1151633074730429,1.4820795795782065,0.26374787319419757,True,False,5.2437221231826925e-14,0.836802748585287,1.2798826403282266,1.351755560187885,27,5.2437221231826925e-14,1.021405182655144e-14,0.04657463494110351,0.0046030420053284615,0.10987849999946775,5.1957998948637396e-05,0.09608315280516219,0.6325742928051622,,
66,Z,UniformNoise100,52,2,0,4126,27,50,9896,5.784148509732693,3.935307846903924,0.36273654768927854,6.581450102892267,0.8045214677902984,True,False,1.3700152123874432e-13,0.8700485044462409,5.480198251928556,6.528133780786549,27,1.3700152123874432e-13,4.263256414560601e-13,0.18962576559244645,0.00558525000087684,0.04363141700014239,0.00018237499898532405,-0.1522685793703099,0.22495878416960252,,
66,R,UniformNoise100,52,2,0,4126,27,50,9896,0.8217420031904934,0.6319215567728509,0.1151633074730429,0.989149598541835,0.26374787319419757,True,False,1.3447576385772209e-14,0.874090541632983,0.8286421130144664,0.989149598541835,27,1.3447576385772209e-14,3.9968028886505635e-15,0.09903662717826603,0.00500833299884107,0.10926529100106563,0.00018237499898532405,-0.1522685793703099,0.22495878416960252,,
66,Z,LinearInterpolation,52,2,0,4126,27,50,9896,2.6755049093188084,2.5828289948429917,0.36273654768927854,5.9009152794668,0.8045214677902984,True,False,1.6744938768908924e-13,0.8646928051738076,2.921329964861566,2.9213299648618967,27,5.728750807065808e-13,3.346656285430072e-12,2.921329964861232,0.005809125002997462,0.041438291998929344,0.00030112499371171,-0.20083299905660373,-0.17319299094339624,,
66,R,LinearInterpolation,52,2,0,4126,27,50,9896,1.1704989855188628,0.6282111599620509,0.1151633074730429,1.2965535356180127,0.26374787319419757,True,False,2.5604518505417673e-14,0.8451899757477769,1.225228314582013,1.2702208228292249,27,2.8380076066980564e-14,6.231126725708691e-15,0.06259231929182922,0.004797082998265978,0.10593166600301629,0.00030112499371171,-0.20083299905660373,-0.17319299094339624,,
66,Z,NearestNeighborWindow,52,2,0,4126,27,50,9896,0.0014538360053601923,0.08047869111903143,0.36273654768927854,0.5709910252331799,0.8045214677902984,False,False,1.4746537324583642e-13,0.8642886014551334,0.20180258127161613,0.30438996883670844,27,3.747835375378372e-13,1.9050039323786905e-13,0.24645423022917004,0.005748832998506259,0.04244170800666325,5.558399425353855e-05,-0.25167508,0.28871192000000007,,
66,R,NearestNeighborWindow,52,2,0,4126,27,50,9896,0.0026784308524091444,0.002619804118674797,0.1151633074730429,0.12147237272279694,0.26374787319419757,False,False,1.4072076837123859e-14,0.9142077607113985,0.06267065828154016,0.10362200539350946,27,2.5590640717609858e-14,3.2760252843822002e-15,0.0640058493555072,0.004754207999212667,0.10551500000292435,5.558399425353855e-05,-0.25167508,0.28871192000000007,,
66,Z,ContextReconstruct,52,2,0,4126,27,50,9896,-0.24582503632693276,-0.03542910651433042,0.36273654768927854,0.49532994397685487,0.8045214677902984,False,False,2.1890822488046524e-13,0.8604486661277284,0.0,1.519626234052415e-07,3,1.519626234052415e-07,1.6163459459761498e-13,1.519626234052415e-07,0.005593083995336201,0.04268887500074925,0.0008349999989150092,-0.23163936000000007,0.2842846,383,0.24776253728687564
66,R,ContextReconstruct,52,2,0,4126,27,50,9896,-0.0033039667545206155,0.009732823693771809,0.1151633074730429,0.11288193185409319,0.26374787319419757,False,False,1.5862311464331924e-14,0.9113783346806791,0.05979087037678169,0.08981230580494344,27,2.5424107263916085e-14,4.721917301608869e-15,0.0655089987232777,0.004451166998478584,0.1055612909985939,0.0008349999989150092,-0.23163936000000007,0.2842846,383,0.24776253728687564
66,Z,Zero,104,4,0,4126,79,50,9844,4.8137276686192525,3.0169168501557153,0.4712312794458636,5.99616733650604,0.8045214677902984,True,False,1.6744938768908924e-13,0.8745428687525396,5.0990195135927845,5.0990195135927845,1,1.6744938768908924e-13,3.197442310920451e-13,0.1896257655924769,0.005977624998195097,0.04149808300280711,5.7207995268981904e-05,0.04073601280516216,0.04073601280516216,,
66,R,Zero,104,4,0,4126,79,50,9844,0.7722947938601998,0.48188047690414215,0.12483598452257133,0.8493458119830652,0.26374787319419757,True,False,1.907501934184097e-14,0.8585940674522552,0.8493458119830629,0.8493458119830652,13,1.907501934184097e-14,1.3211653993039363e-14,0.046574634941032,0.005495375000464264,0.10687999999936437,5.7207995268981904e-05,0.04073601280516216,0.04073601280516216,,
66,Z,SampleMean,104,4,0,4126,79,50,9844,4.8137276686192525,3.0169168501557153,0.4712312794458636,5.99616733650604,0.8045214677902984,True,False,1.8762769116165146e-13,0.8743396993092238,5.0990195135927845,5.0990195135927845,1,1.8762769116165146e-13,3.197442310920451e-13,0.18460575959496878,0.005788999995274935,0.043482917004439514,5.879200034542009e-05,0.04073601280516217,0.04073601280516217,,
66,R,SampleMean,104,4,0,4126,79,50,9844,0.7722947938601996,0.48188047690414215,0.12483598452257133,0.8493458119830651,0.26374787319419757,True,False,1.5557000132560006e-14,0.8566639577407558,0.8493458119830626,0.8493458119830651,13,1.5557000132560006e-14,1.3433698597964394e-14,0.08565571057429947,0.005557666998356581,0.11221950000617653,5.879200034542009e-05,0.04073601280516217,0.04073601280516217,,
66,Z,OutOfDistHigh,104,4,0,4126,79,50,9844,4.8137276686192525,3.188245184985407,0.4712312794458636,6.05433566959388,0.8045214677902984,True,False,7.48090478452923e-12,0.8154205607476636,5.0990195135927845,5.0990195135927845,1,7.48090478452923e-12,3.2214231282523542e-12,0.215309747178695,0.0059552090024226345,0.042570791993057355,5.108299956191331e-05,34.92041229332137,34.92041229332137,,
66,R,OutOfDistHigh,104,4,0,4126,79,50,9844,177.37766286729615,118.67172016416953,0.12483598452257133,177.45471388541907,0.26374787319419757,True,False,1.4735136721899522e-10,0.8270012190166599,177.45471388541898,177.45471388541907,4,1.4735136721899522e-10,4.3060728593946607e-11,0.05717209236774694,0.005534042000363115,0.10791570899891667,5.108299956191331e-05,34.92041229332137,34.92041229332137,,
66,Z,Inverse,104,4,0,4126,79,50,9844,2.22640746685319,3.993949596740367,0.4712312794458636,5.724920788086435,0.8045214677902984,True,False,2.970956813896919e-13,0.8380739536773669,2.12367103644298,2.8611845376755323,79,2.970956813896919e-13,1.9052814881348468e-13,0.18460575959507824,0.005973792001896072,0.04074316599871963,5.358300404623151e-05,0.09608315280516219,0.6668742328051622,,
66,R,Inverse,104,4,0,4126,79,50,9844,1.3352557980321427,1.0285334795166658,0.12483598452257133,1.5508304616404198,0.26374787319419757,True,False,6.419864639894968e-14,0.8393945550589191,1.2798826403282266,1.5508304616404198,79,6.419864639894968e-14,1.021405182655144e-14,0.058794917618862255,0.005455042002722621,0.11062679199676495,5.358300404623151e-05,0.09608315280516219,0.6668742328051622,,
66,Z,UniformNoise100,104,4,0,4126,79,50,9844,5.8033670576406,3.7218508907344545,0.4712312794458636,6.640344246114082,0.8045214677902984,True,False,2.0061730054976579e-13,0.8582893132872816,5.480198251928556,6.640344246114082,79,2.0061730054976579e-13,4.263256414560601e-13,0.31653063324221636,0.005982666996715125,0.042638124999939464,0.0002010000025620684,-0.1522685793703099,0.23156450225855374,,
66,R,UniformNoise100,104,4,0,4126,79,50,9844,0.8228828124020386,0.5932747565737789,0.12483598452257133,0.989149598541835,0.26374787319419757,True,False,1.3627987627273797e-14,0.8588988216172287,0.8286421130144664,0.989149598541835,79,1.3627987627273797e-14,8.215650382226158e-15,0.07325062316484007,0.00545116700232029,0.1070653749993653,0.0002010000025620684,-0.1522685793703099,0.23156450225855374,,
66,Z,LinearInterpolation,104,4,0,4126,79,50,9844,2.636038119888253,2.6199793040606876,0.4712312794458636,5.9212419184464835,0.8045214677902984,True,False,1.6744938768908924e-13,0.8520926452661519,2.92132996486159,2.921329964861963,64,1.13509202037676e-12,6.631140081481135e-12,2.9213299648608277,0.0057486250007059425,0.04175808300351491,0.00032174999796552584,-0.20089688314285714,-0.1516549668571428,,
66,R,LinearInterpolation,104,4,0,4126,79,50,9844,1.1378199033679426,0.5997919027093813,0.12483598452257133,1.2986638967940891,0.26374787319419757,True,False,2.681188604469753e-14,0.8456928078017066,1.1596601625965273,1.2732309881360906,79,2.681188604469753e-14,5.995204332975845e-15,0.07453842433809885,0.0055874999961815774,0.10959174999879906,0.00032174999796552584,-0.20089688314285714,-0.1516549668571428,,
66,Z,NearestNeighborWindow,104,4,0,4126,79,50,9844,0.07760833855771443,0.309337130704175,0.4712312794458636,0.851605942089989,0.8045214677902984,True,False,3.2834845953289005e-13,0.8527021535960991,0.1585687361183742,0.7033476522755387,79,3.2834845953289005e-13,1.7895407378176742e-13,0.1846057595951095,0.0059373749973019585,0.04224650000105612,6.608299736399204e-05,-0.26325887,0.31962805,,
66,R,NearestNeighborWindow,104,4,0,4126,79,50,9844,0.024644029963761457,0.05758914928289097,0.12483598452257133,0.23808331224137114,0.26374787319419757,False,False,2.964295475749168e-14,0.8983136936204795,0.05160060527909937,0.20707132268657144,79,2.964295475749168e-14,6.217248937900877e-15,0.10486755253915704,0.005415291998360772,0.1059687090018997,6.608299736399204e-05,-0.26325887,0.31962805,,
66,Z,ContextReconstruct,104,4,0,4126,79,50,9844,-0.28529182245470436,0.25731839600122247,0.4712312794458636,1.2028415266806898,0.8045214677902984,True,False,2.645661467681748e-13,0.848435595286469,0.0,1.519626234052415e-07,4,1.698993779866603e-07,1.0392381399881856e-13,1.698993779866603e-07,0.005782584004919045,0.04206675000023097,0.0008383750027860515,-0.31095024,0.30464601999999996,383,0.24776253728687564
66,R,ContextReconstruct,104,4,0,4126,79,50,9844,0.026139899158420507,0.049237245984361876,0.12483598452257133,0.2505144130320197,0.26374787319419757,False,False,2.8144153674247718e-14,0.8773872409589598,0.04831308980644785,0.20064259359524103,70,2.8144153674247718e-14,4.440892098500626e-15,0.0630913577320319,0.005421875001047738,0.11257641699921805,0.0008383750027860515,-0.31095024,0.30464601999999996,383,0.24776253728687564
66,Z,Zero,13,0.5,1,9370,0,38,9935,nan,2.843568921575952,0.44849385005564857,4.3077139515564795,0.8045214677902984,True,False,9.697798120100742e-14,0.9571212883744338,nan,nan,0,9.697798120100742e-14,2.913225216616411e-13,0.26796499630498577,0.00551758299843641,0.041597000003093854,5.5374999647028744e-05,0.04073601280516216,0.04073601280516216,,
66,R,Zero,13,0.5,1,9370,0,38,9935,nan,0.46487339620989543,0.13067758461326417,0.7434345759274015,0.26374787319419757,True,False,3.83026943495679e-15,0.9581278309008555,nan,nan,0,6.6058269965196814e-15,7.216449660063518e-15,0.3380718218161574,0.004422958001669031,0.10683412499929545,5.5374999647028744e-05,0.04073601280516216,0.04073601280516216,,
66,Z,SampleMean,13,0.5,1,9370,0,38,9935,nan,2.843568921575952,0.44849385005564857,4.3077139515564795,0.8045214677902984,True,False,9.697798120100742e-14,0.9576245596376447,nan,nan,0,9.697798120100742e-14,2.913225216616411e-13,0.26796499630498577,0.0055775419968995266,0.043697166998754255,5.124999734107405e-05,0.04073601280516217,0.04073601280516217,,
66,R,SampleMean,13,0.5,1,9370,0,38,9935,nan,0.46487339620989543,0.13067758461326417,0.7434345759274014,0.26374787319419757,True,False,3.83026943495679e-15,0.9607448414695521,nan,nan,0,6.6058269965196814e-15,7.216449660063518e-15,0.3380718218161574,0.0044197079987498,0.11271954200492473,5.124999734107405e-05,0.04073601280516217,0.04073601280516217,,
66,Z,OutOfDistHigh,13,0.5,1,9370,0,38,9935,nan,2.726598599683731,0.44849385005564857,6.025226165840411,0.8045214677902984,True,False,3.2950864259362334e-12,0.9468545546049321,nan,nan,0,3.2950864259362334e-12,1.570327201605437e-12,0.17170128797613388,0.005648083999403752,0.04324666699540103,5.812499875901267e-05,34.92041229332137,34.92041229332137,,
66,R,OutOfDistHigh,13,0.5,1,9370,0,38,9935,nan,99.12407689877001,0.13067758461326417,124.81871374629499,0.26374787319419757,True,False,1.0591748311750138e-10,0.9466532460996477,nan,nan,0,1.0591748311750138e-10,1.4962476570234973e-11,0.07063269759817342,0.004512416999205016,0.10758024999813642,5.812499875901267e-05,34.92041229332137,34.92041229332137,,
66,Z,Inverse,13,0.5,1,9370,0,38,9935,nan,2.8212400884087394,0.44849385005564857,5.481201326863663,0.8045214677902984,True,False,1.2928547121759948e-13,0.9605435329642678,nan,nan,0,1.5115686480271506e-13,1.5587531265737198e-13,0.4202536022700486,0.005902040997170843,0.04214479100483004,5.654200504068285e-05,0.1361018528051622,0.6635782528051621,,
66,R,Inverse,13,0.5,1,9370,0,38,9935,nan,0.7981554078022463,0.13067758461326417,1.2914136650976273,0.26374787319419757,True,False,2.4022450695326825e-14,0.9488676396577755,nan,nan,0,5.43315392675936e-14,1.3329615189405786e-14,0.12261241297929085,0.004367791996628512,0.10550874999898952,5.654200504068285e-05,0.1361018528051622,0.6635782528051621,,
66,Z,UniformNoise100,13,0.5,1,9370,0,38,9935,nan,3.6777730641893287,0.44849385005564857,5.316390611655611,0.8045214677902984,True,False,1.277589145587399e-13,0.9564167086059386,nan,nan,0,1.277589145587399e-13,2.540190280342358e-13,0.22592062895126092,0.005675917003827635,0.04136795800150139,0.00018500000442145392,-0.14418902949072743,0.22922316193599784,,
66,R,UniformNoise100,13,0.5,1,9370,0,38,9935,nan,0.5994156444468849,0.13067758461326417,0.9218923084803212,0.26374787319419757,True,False,5.6343818499726694e-15,0.95832913940614,nan,nan,0,4.654610030740969e-14,1.3326145742453832e-14,0.14313828978641702,0.003921458002878353,0.11111499999969965,0.00018500000442145392,-0.14418902949072743,0.22922316193599784,,
66,Z,LinearInterpolation,13,0.5,1,9370,0,38,9935,nan,1.084738263912403,0.44849385005564857,1.892090657275258,0.8045214677902984,True,False,1.5332179970073412e-13,0.9536990437845999,nan,nan,0,1.5332179970073412e-13,1.6786572132332367e-13,0.22592062895123535,0.005630457999359351,0.041246458000387065,0.00038379200123017654,-0.2280298,0.17866124000000005,,
66,R,LinearInterpolation,13,0.5,1,9370,0,38,9935,nan,0.19528367145151562,0.13067758461326417,0.4018280207305895,0.26374787319419757,True,False,4.1772141301521515e-15,0.9626572722697534,nan,nan,0,5.262457136723242e-14,1.317002062961592e-14,0.12499710065869227,0.004367667002952658,0.10731633399700513,0.00038379200123017654,-0.2280298,0.17866124000000005,,
66,Z,NearestNeighborWindow,13,0.5,1,9370,0,38,9935,nan,2.0691566191121447,0.44849385005564857,3.200554590469761,0.8045214677902984,True,False,1.1851630787873546e-13,0.9580271766482134,nan,nan,0,1.329492071988625e-13,1.559863349598345e-13,0.49931159467958575,0.00547420800285181,0.04082195800583577,5.0791997637134045e-05,-0.27317266,0.21255216,,
66,R,NearestNeighborWindow,13,0.5,1,9370,0,38,9935,nan,0.3461961078685432,0.13067758461326417,0.5944765679350077,0.26374787319419757,True,False,7.563394355258879e-15,0.9573225968797182,nan,nan,0,4.7628567756419216e-14,1.3107570584480754e-14,0.13752130075288027,0.004345916997408494,0.10790708300191909,5.0791997637134045e-05,-0.27317266,0.21255216,,
66,Z,ContextReconstruct,13,0.5,1,9370,0,38,9935,nan,0.02252916451140236,0.44849385005564857,0.7363682130672499,0.8045214677902984,False,False,1.5332179970073412e-13,0.9582284851534978,nan,nan,0,1.801891968966629e-13,1.674216321134736e-13,0.41643179066799396,0.005492042000696529,0.04216187499696389,0.0008253330015577376,-0.25215993,0.24693920000000003,89,0.3600072407906357
66,R,ContextReconstruct,13,0.5,1,9370,0,38,9935,nan,-0.006750244654817742,0.13067758461326417,0.1901240001190536,0.26374787319419757,False,False,6.078471059822732e-15,0.9661801711122295,nan,nan,0,6.013245457126004e-14,1.3159612288760059e-14,0.10937234326626567,0.0043112089988426305,0.10564483400230529,0.0008253330015577376,-0.25215993,0.24693920000000003,89,0.3600072407906357
66,Z,Zero,26,1,1,9370,1,50,9922,4.771430272638747,3.04877344747558,0.44849385005564857,5.996167336506037,0.8045214677902984,True,False,1.2742584765135234e-13,0.9561580326547067,5.0990195135927845,5.0990195135927845,1,1.2742584765135234e-13,2.7711166694643907e-13,0.22653810761740079,0.005829834000905976,0.043698916997527704,5.158299609320238e-05,0.04073601280516216,0.04073601280516216,,
66,R,Zero,26,1,1,9370,1,50,9922,0.7471510984396426,0.4857764330629065,0.13067758461326417,0.8493458119830634,0.26374787319419757,True,False,5.564992910933597e-15,0.9580729691594436,0.8493458119830634,0.8493458119830634,1,1.7319479184152442e-14,1.2684298056342413e-14,0.36482162392873657,0.004684332998294849,0.10505049999483163,5.158299609320238e-05,0.04073601280516216,0.04073601280516216,,
66,Z,SampleMean,26,1,1,9370,1,50,9922,4.771430272638747,3.04877344747558,0.44849385005564857,5.996167336506038,0.8045214677902984,True,False,1.413036354591668e-13,0.9549485990727676,5.0990195135927845,5.0990195135927845,1,1.413036354591668e-13,2.7711166694643907e-13,0.2451286941066401,0.005705250005121343,0.04267841699765995,5.749999399995431e-05,0.04073601280516217,0.04073601280516217,,
66,R,SampleMean,26,1,1,9370,1,50,9922,0.7471510984396423,0.48577643306290647,0.13067758461326417,0.8493458119830632,0.26374787319419757,True,False,5.564992910933597e-15,0.9595847611368675,0.8493458119830632,0.8493458119830632,1,1.73749903353837e-14,1.2684298056342413e-14,0.3648216239287367,0.004616624995833263,0.10491916699538706,5.749999399995431e-05,0.04073601280516217,0.04073601280516217,,
66,Z,OutOfDistHigh,26,1,1,9370,1,50,9922,4.771430272638747,3.151472436084897,0.44849385005564857,6.106719915583617,0.8045214677902984,True,False,3.5168257195294927e-12,0.9469864946583351,5.0990195135927845,5.0990195135927845,1,3.5168257195294927e-12,1.951327988081175e-12,0.22653810762104504,0.005739874999562744,0.04363112499413546,5.645799683406949e-05,34.92041229332137,34.92041229332137,,
66,R,OutOfDistHigh,26,1,1,9370,1,50,9922,177.35251917187563,118.66743711928915,0.13067758461326417,177.45471388541904,0.26374787319419757,True,False,1.223239148862021e-10,0.9475912114493046,177.45471388541904,177.45471388541904,1,1.223239148862021e-10,2.1002980604700738e-11,0.08481380727594252,0.004485457997361664,0.11127566700452007,5.645799683406949e-05,34.92041229332137,34.92041229332137,,
66,Z,Inverse,26,1,1,9370,1,50,9922,2.3487485732715347,3.708539682268407,0.44849385005564857,5.7129590288703875,0.8045214677902984,True,False,1.277589145587399e-13,0.9563596049183632,2.6763378142255725,2.6763378142255725,1,1.277589145587399e-13,9.592326932761353e-14,0.22592062895126092,0.005667500001436565,0.042465000005904585,5.479099490912631e-05,0.1361018528051622,0.6635782528051621,,
66,R,Inverse,26,1,1,9370,1,50,9922,1.394774619129864,1.0576693111074247,0.13067758461326417,1.658229831799133,0.26374787319419757,True,False,2.295386103412511e-14,0.9483975005039307,1.496969332673285,1.496969332673285,1,2.295386103412511e-14,6.217248937900877e-15,0.06771525925711729,0.004402958002174273,0.10450312499597203,5.479099490912631e-05,0.1361018528051622,0.6635782528051621,,
66,Z,UniformNoise100,26,1,1,9370,1,50,9922,4.992955423640141,3.4375256331329247,0.44849385005564857,5.625241866643726,0.8045214677902984,True,False,1.1851630787873546e-13,0.9613989115097763,5.320544664594179,5.320544664594179,1,1.1851630787873546e-13,3.019806626980426e-13,0.2679649963050073,0.005732500001613516,0.04247020799812162,0.00018279199866810814,-0.14418902949072743,0.22922316193599784,,
66,R,UniformNoise100,26,1,1,9370,1,50,9922,0.7041369959084103,0.5458534271568849,0.13067758461326417,0.9235409433890777,0.26374787319419757,True,False,6.300515664747763e-15,0.9509171537996371,0.8063317094518312,0.8063317094518312,1,1.3877787807814457e-14,9.103828801926284e-15,0.24002939150939948,0.004586541996104643,0.1077467909999541,0.00018279199866810814,-0.14418902949072743,0.22922316193599784,,
66,Z,LinearInterpolation,26,1,1,9370,1,50,9922,2.5937407239077603,2.444973807285289,0.44849385005564857,5.357539010525521,0.8045214677902984,True,False,1.277589145587399e-13,0.953940737754485,2.921329964861798,2.921329964861798,1,1.277589145587399e-13,3.9257486150745535e-13,0.22592062895126092,0.005903624994971324,0.045914582995465025,0.000334249998559244,-0.25902725851851854,-0.18669072148148147,,
66,R,LinearInterpolation,26,1,1,9370,1,50,9922,1.2445616507022372,0.6738213519451922,0.13067758461326417,1.3778712348451678,0.26374787319419757,True,False,1.7208456881689926e-14,0.9535375932271719,1.3467563642456581,1.3467563642456581,1,3.2529534621517087e-14,1.2434497875801753e-14,0.0819409756846936,0.004716124996775761,0.11068449999584118,0.000334249998559244,-0.25902725851851854,-0.18669072148148147,,
66,Z,NearestNeighborWindow,26,1,1,9370,1,50,9922,0.40444768217135707,3.6205429283013832,0.44849385005564857,6.0722640565349435,0.8045214677902984,True,False,1.101063684671999e-13,0.9580729691594436,0.7320369231253948,0.7320369231253948,1,1.101063684671999e-13,2.042810365310288e-13,0.20973487255166506,0.00561300000117626,0.041571292000298854,5.3625000873580575e-05,-0.27317266,0.34668714,,
66,R,NearestNeighborWindow,26,1,1,9370,1,50,9922,0.05852857202414277,0.6770762203370039,0.13067758461326417,1.1567654705152832,0.26374787319419757,True,False,1.5668022435022522e-14,0.9505140092723241,0.16072328556756363,0.16072328556756363,1,1.5668022435022522e-14,1.4765966227514582e-14,0.07089313152681383,0.004464917001314461,0.10788325000612531,5.3625000873580575e-05,-0.27317266,0.34668714,,
66,Z,ContextReconstruct,26,1,1,9370,1,50,9922,-0.3275891335002362,-0.10046266304259749,0.44849385005564857,0.4446581526945558,0.8045214677902984,False,False,1.6564527527407336e-13,0.9624067728280589,1.0745380149674383e-07,1.0745380149674383e-07,1,1.6564527527407336e-13,8.659739592076221e-14,0.22653810761736257,0.005655916000250727,0.04311841600429034,0.0008945000008679926,-0.25215993,0.24693920000000003,89,0.3600072407906357
66,R,ContextReconstruct,26,1,1,9370,1,50,9922,-0.02814823088268542,-0.024538758666178388,0.13067758461326417,0.09705892253223941,0.26374787319419757,False,False,7.563394355258879e-15,0.9631122757508567,0.07404648266073544,0.07404648266073544,1,2.643718577388654e-14,4.553649124439119e-15,0.08608230278728718,0.004579374995955732,0.11294291700323811,0.0008945000008679926,-0.25215993,0.24693920000000003,89,0.3600072407906357
66,Z,Zero,52,2,1,9370,27,50,9896,4.741926909836267,3.0613791966609467,0.44849385005564857,5.996167336506037,0.8045214677902984,True,False,1.5332179970073412e-13,0.957053354890865,5.0990195135927845,5.0990195135927845,1,1.5332179970073412e-13,2.7711166694643907e-13,0.22592062895123535,0.005831000002217479,0.0420735829975456,5.158299609320238e-05,0.04073601280516216,0.04073601280516216,,
66,R,Zero,52,2,1,9370,27,50,9896,0.744642322448607,0.48431864211167813,0.14640375587830148,0.8493458119830648,0.26374787319419757,True,False,6.286637876939949e-15,0.954122877930477,0.8493458119830629,0.8493458119830648,14,1.2989609388114332e-14,1.176836406102666e-14,0.4524232133330189,0.0048646249997545965,0.1086227090054308,5.158299609320238e-05,0.04073601280516216,0.04073601280516216,,
66,Z,SampleMean,52,2,1,9370,27,50,9896,4.741926909836267,3.0613791966609467,0.44849385005564857,5.996167336506038,0.8045214677902984,True,False,1.5332179970073412e-13,0.9563459983831851,5.0990195135927845,5.0990195135927845,1,1.5332179970073412e-13,2.7711166694643907e-13,0.22592062895123535,0.005768416995124426,0.04150324999500299,6.633399607380852e-05,0.04073601280516217,0.04073601280516217,,
66,R,SampleMean,52,2,1,9370,27,50,9896,0.7446423224486068,0.48431864211167813,0.14640375587830148,0.8493458119830646,0.26374787319419757,True,False,7.868705687030797e-15,0.957962813257882,0.8493458119830628,0.8493458119830646,12,1.304512053934559e-14,1.1796119636642288e-14,0.45242321333301877,0.004984708000847604,0.10544099999970058,6.633399607380852e-05,0.04073601280516217,0.04073601280516217,,
66,Z,OutOfDistHigh,52,2,1,9370,27,50,9896,4.741926909836267,3.199732292574577,0.44849385005564857,6.112058360559389,0.8045214677902984,True,False,4.270167552888893e-12,0.9494745351657236,5.0990195135927845,5.0990195135927845,1,4.270167552888893e-12,1.8127582768201478e-12,0.1717012879751588,0.005767292001110036,0.04035920900059864,6.145799852674827e-05,34.92041229332137,34.92041229332137,,
66,R,OutOfDistHigh,52,2,1,9370,27,50,9896,177.35001039588457,118.6672202739476,0.14640375587830148,177.45471388541904,0.26374787319419757,True,False,1.1681103306848684e-10,0.9500808407437349,177.454713885419,177.45471388541904,2,1.1681103306848684e-10,1.991784862043211e-11,0.061489902654167594,0.004939999998896383,0.1076567919953959,6.145799852674827e-05,34.92041229332137,34.92041229332137,,
66,Z,Inverse,52,2,1,9370,27,50,9896,2.084199852358802,3.698759110833261,0.44849385005564857,5.721605792857823,0.8045214677902984,True,False,2.299826995511012e-13,0.9554365400161682,1.9886820825817844,3.0408239517491276,27,2.299826995511012e-13,1.0391687510491465e-13,0.2259206289511587,0.005770832998678088,0.04339587499998743,5.525000597117469e-05,0.0685120128051622,0.6635782528051621,,
66,R,Inverse,52,2,1,9370,27,50,9896,1.300075905768583,0.9776951472656376,0.14640375587830148,1.658229831799133,0.26374787319419757,True,False,5.3262949606391885e-14,0.9521018593371059,1.2537765527984117,1.496969332673285,27,5.3262949606391885e-14,6.994405055138486e-15,0.0614899025373033,0.004890917000011541,0.10785079200286418,5.525000597117469e-05,0.0685120128051622,0.6635782528051621,,
66,Z,UniformNoise100,52,2,1,9370,27,50,9896,4.805659276589813,3.6341239675488977,0.44849385005564857,5.745701106775001,0.8045214677902984,True,False,1.5332179970073412e-13,0.96089329021827,4.315551634640019,5.745701106775001,27,1.5332179970073412e-13,3.872457909892546e-13,0.22592062895123535,0.005760000000009313,0.04110587499599205,0.0001870829946710728,-0.14796171548452536,0.22922316193599784,,
66,R,UniformNoise100,52,2,1,9370,27,50,9896,0.7078162140326328,0.571797340120404,0.14640375587830148,0.9235409433890777,0.26374787319419757,True,False,8.090750291955828e-15,0.958872271624899,0.727171558818672,0.8904886158819629,27,1.2601031329495527e-14,1.1879386363489175e-14,0.4661052235050006,0.004786417004652321,0.10917337499995483,0.0001870829946710728,-0.14796171548452536,0.22922316193599784,,
66,Z,LinearInterpolation,52,2,1,9370,27,50,9896,2.5642373611052687,2.5879790510551453,0.44849385005564857,5.513141590319467,0.8045214677902984,True,False,1.7891244041834398e-13,0.9578617623282134,2.9213299648617634,2.921329964861812,18,1.7891244041834398e-13,9.467981954003335e-13,0.20973487255159626,0.005722375004552305,0.04325645799690392,0.0003404579983907752,-0.26000260566037736,-0.16217877433962263,,
66,R,LinearInterpolation,52,2,1,9370,27,50,9896,1.2189079277281465,0.6701577361598662,0.14640375587830148,1.4335889174862229,0.26374787319419757,True,False,1.7819079545233762e-14,0.9526071139854486,1.2374796069415699,1.4123915669389784,27,1.7819079545233762e-14,1.2656542480726785e-14,0.07477792919816337,0.004702582999016158,0.10704237499885494,0.0003404579983907752,-0.26000260566037736,-0.16217877433962263,,
66,Z,NearestNeighborWindow,52,2,1,9370,27,50,9896,0.47286924872950675,0.03878723101595684,0.44849385005564857,1.1864995888680239,0.8045214677902984,True,False,1.3761214390228815e-13,0.9565481002425222,0.27612456429619053,1.1864995888680239,27,1.80855330711438e-13,1.3866685577568205e-13,0.28725494080596004,0.0056606250000186265,0.041208582995750476,5.833299655932933e-05,-0.27317266,0.36873666,,
66,R,NearestNeighborWindow,52,2,1,9370,27,50,9896,0.08248743187621034,0.014932117000837608,0.14640375587830148,0.22894542213814267,0.26374787319419757,False,False,7.271960811294775e-15,0.964733225545675,0.08705491424880792,0.22894542213814267,27,5.551115123125783e-14,1.2673889715486553e-14,0.11024283836974275,0.004718374999356456,0.10592995800107019,5.833299655932933e-05,-0.27317266,0.36873666,,
66,Z,ContextReconstruct,52,2,1,9370,27,50,9896,-0.3570925020420636,-0.06588256010282051,0.44849385005564857,0.45311690091892054,0.8045214677902984,False,False,1.3450351943333771e-13,0.9571544058205336,0.0,1.86115443658781e-07,6,1.9328982858723975e-13,1.1546319456101628e-13,0.29868686955256596,0.005761750006058719,0.04212866699526785,0.00089487499644747,-0.25215993,0.29161509,89,0.3600072407906357
66,R,ContextReconstruct,52,2,1,9370,27,50,9896,-0.03228967953193497,-0.011821273639906267,0.14640375587830148,0.14859376847705544,0.26374787319419757,False,False,7.591149930874508e-15,0.9609943411479386,0.06354740307733314,0.07404648266073545,11,7.249756350802272e-14,9.215718466126788e-15,0.06354740307726064,0.004860125001869164,0.106183541000064,0.00089487499644747,-0.25215993,0.29161509,89,0.3600072407906357
66,Z,Zero,104,4,1,9370,79,50,9844,4.801029149519485,2.931973194248245,0.44849385005564857,5.996167336506037,0.8045214677902984,True,False,1.6650569811815785e-13,0.9617025599349858,5.0990195135927845,5.0990195135927845,1,1.6650569811815785e-13,2.7711166694643907e-13,0.20803381510552696,0.005884582998987753,0.04170387500198558,5.8582998462952673e-05,0.04073601280516216,0.04073601280516216,,
66,R,Zero,104,4,1,9370,79,50,9844,0.7372713959207116,0.46477632021888304,0.15099322089960637,0.8493458119830652,0.26374787319419757,True,False,8.881784197001252e-15,0.9569280780170663,0.8493458119830629,0.8493458119830652,16,1.4876988529977098e-14,1.609823385706477e-14,0.2387721684620933,0.005580833996646106,0.11261133399966639,5.8582998462952673e-05,0.04073601280516216,0.04073601280516216,,
66,Z,SampleMean,104,4,1,9370,79,50,9844,4.801029149519485,2.931973194248245,0.44849385005564857,5.996167336506038,0.8045214677902984,True,False,1.6650569811815785e-13,0.9589597724502235,5.0990195135927845,5.0990195135927845,1,1.6650569811815785e-13,2.7711166694643907e-13,0.20803381510552696,0.005945083001279272,0.04138974999659695,5.499999679159373e-05,0.04073601280516217,0.04073601280516217,,
66,R,SampleMean,104,4,1,9370,79,50,9844,0.7372713959207111,0.46477632021888304,0.15099322089960637,0.8493458119830651,0.26374787319419757,True,False,9.33975119465913e-15,0.953474197480699,0.8493458119830628,0.8493458119830651,16,1.3933298959045715e-14,1.5987211554602254e-14,0.23877216846209118,0.005597584000497591,0.10653420900052879,5.499999679159373e-05,0.04073601280516217,0.04073601280516217,,
66,Z,OutOfDistHigh,104,4,1,9370,79,50,9844,4.801029149519485,3.194876573921229,0.44849385005564857,6.123585575828091,0.8045214677902984,True,False,3.854278007864309e-12,0.954083705810646,5.0990195135927845,5.0990195135927845,1,3.854278007864309e-12,2.0148605006653497e-12,0.1894793336186622,0.005767209004261531,0.04313116700359387,5.424999835668132e-05,34.92041229332137,34.92041229332137,,
66,R,OutOfDistHigh,104,4,1,9370,79,50,9844,177.34263946935664,118.66372414196107,0.15099322089960637,177.45471388541907,0.26374787319419757,True,False,1.3326828529613977e-10,0.9518488419341731,177.454713885419,177.45471388541907,3,1.3326828529613977e-10,2.3776598745417488e-11,0.07874275017382301,0.0055913340038387105,0.10748237500229152,5.424999835668132e-05,34.92041229332137,34.92041229332137,,
66,Z,Inverse,104,4,1,9370,79,50,9844,2.203374426791232,3.5719223993879803,0.44849385005564857,5.842823293731508,0.8045214677902984,True,False,2.646494134950217e-13,0.9587566030069078,1.9886820825817844,3.092460416317597,79,2.646494134950217e-13,1.2702339180492572e-13,0.22903862729194163,0.00573616600013338,0.041808582995145116,5.941700510447845e-05,0.04347044280516215,0.6635782528051621,,
66,R,Inverse,104,4,1,9370,79,50,9844,1.178100077890229,0.945400201794305,0.15099322089960637,1.658229831799133,0.26374787319419757,True,False,3.429895256701343e-14,0.953474197480699,1.1541058130598287,1.496969332673285,79,3.429895256701343e-14,7.330941409477987e-15,0.06148990253732226,0.005500499995832797,0.1074658340003225,5.941700510447845e-05,0.04347044280516215,0.6635782528051621,,
66,Z,UniformNoise100,104,4,1,9370,79,50,9844,5.083376238323355,3.4911900658832047,0.44849385005564857,6.28826960363876,0.8045214677902984,True,False,1.6650569811815785e-13,0.9614993904916701,4.315551634640019,6.28826960363876,79,1.6650569811815785e-13,3.730349362740526e-13,0.20803381510552696,0.005842083002789877,0.03997245800564997,0.00018149999959859997,-0.1516104973534636,0.22922316193599784,,
66,R,UniformNoise100,104,4,1,9370,79,50,9844,0.7325852106742364,0.5486245028496277,0.15099322089960637,0.9443800513341077,0.26374787319419757,True,False,9.728329253277934e-15,0.9574360016253556,0.727171558818672,0.9443800513341077,79,1.557087792036782e-14,9.353628982466944e-15,0.21416149292593836,0.005296624993206933,0.10792995899828384,0.00018149999959859997,-0.1516104973534636,0.22922316193599784,,
66,Z,LinearInterpolation,104,4,1,9370,79,50,9844,2.6233396007884897,2.764403718268697,0.44849385005564857,5.861334804327444,0.8045214677902984,True,False,1.6561751969845773e-13,0.9605851279967493,2.9213299648617093,2.9213299648619215,60,7.318590178329032e-13,4.275690912436403e-12,2.9213299648624886,0.005987374999676831,0.040081541999825276,0.0003603750010370277,-0.26117972866666667,-0.18485762133333333,,
66,R,LinearInterpolation,104,4,1,9370,79,50,9844,1.2587128885469758,0.702521336735474,0.15099322089960637,1.4857750938106538,0.26374787319419757,True,False,2.0788926136106056e-14,0.9544900446972775,1.269902095942211,1.476953699848331,79,2.0788926136106056e-14,1.2656542480726785e-14,0.08814120421187104,0.0054318750044330955,0.10877212500054156,0.0003603750010370277,-0.26117972866666667,-0.18485762133333333,,
66,Z,NearestNeighborWindow,104,4,1,9370,79,50,9844,0.20366138622436233,0.36156674968414704,0.44849385005564857,1.1318992859216483,0.8045214677902984,True,False,2.087774397807607e-13,0.9560138155221455,0.16848646658606478,1.1318992859216483,79,2.4050206270942454e-13,1.268984917146554e-13,0.21606017930181046,0.005927165999310091,0.04171925000264309,6.162500358186662e-05,-0.27317266,0.3605473,,
66,R,NearestNeighborWindow,104,4,1,9370,79,50,9844,0.03452761096672974,0.04782710501497561,0.15099322089960637,0.3014807311053855,0.26374787319419757,True,False,7.369105325949477e-15,0.9582486793986185,0.0777786201238677,0.3014807311053855,79,1.740274591099933e-14,6.217248937900877e-15,0.17853947827085043,0.005487041002197657,0.1119962079974357,6.162500358186662e-05,-0.27317266,0.3605473,,
66,Z,ContextReconstruct,104,4,1,9370,79,50,9844,-0.29799019300382656,-0.10848221474599783,0.44849385005564857,0.3491547082822976,0.8045214677902984,False,False,1.758593271006248e-13,0.9570296627387241,0.0,2.739545153208112e-07,13,1.9972912213006566e-13,1.2122247650125928e-13,0.28909803113127025,0.005605500002275221,0.04273437500523869,0.0007895839953562245,-0.25215993,0.33184065,89,0.3600072407906357
66,R,ContextReconstruct,104,4,1,9370,79,50,9844,-0.03858593544936095,-0.023233591333982097,0.15099322089960637,0.12956902258894626,0.26374787319419757,False,False,9.103828801926284e-15,0.9644453474197481,0.06354740307733314,0.07404648266073545,13,7.249756350802272e-14,9.215718466126788e-15,0.06354740307726064,0.0054283749996102415,0.11275820800074143,0.0007895839953562245,-0.25215993,0.33184065,89,0.3600072407906357
66,Z,Zero,13,0.5,2,9783,0,38,9935,nan,1.8919210668830895,0.3571651230844516,2.8739864468516454,0.8045214677902984,True,False,6.478151348687788e-14,0.9880221439355813,nan,nan,0,6.478151348687788e-14,2.5934809855243657e-13,0.3566285214058056,0.005632917003822513,0.04206716600310756,5.249999958323315e-05,0.04073601280516216,0.04073601280516216,,
66,R,Zero,13,0.5,2,9783,0,38,9935,nan,0.39295958862831926,0.10573928370092993,0.6067263086035468,0.26374787319419757,True,False,4.704570066849101e-15,0.982687468545546,nan,nan,0,1.1157741397482823e-14,5.079270337660091e-15,0.22264489508542246,0.004352625001047272,0.11174220799875911,5.249999958323315e-05,0.04073601280516216,0.04073601280516216,,
66,Z,SampleMean,13,0.5,2,9783,0,38,9935,nan,1.8919210668830895,0.3571651230844516,2.8739864468516485,0.8045214677902984,True,False,6.478151348687788e-14,0.9864116758933065,nan,nan,0,6.478151348687788e-14,2.5934809855243657e-13,0.3566285214058056,0.005686082993634045,0.042878375003056135,5.866699939360842e-05,0.04073601280516217,0.04073601280516217,,
66,R,SampleMean,13,0.5,2,9783,0,38,9935,nan,0.39295958862831937,0.10573928370092993,0.6067263086035469,0.26374787319419757,True,False,4.704570066849101e-15,0.982687468545546,nan,nan,0,1.1157741397482823e-14,5.10702591327572e-15,0.22264489508542246,0.004353332995378878,0.11350012500042794,5.866699939360842e-05,0.04073601280516217,0.04073601280516217,,
66,Z,OutOfDistHigh,13,0.5,2,9783,0,38,9935,nan,2.8421675755441465,0.3571651230844516,6.058122391265249,0.8045214677902984,True,False,3.91192633841797e-12,0.9821841972823352,nan,nan,0,3.91192633841797e-12,1.8012535907274696e-12,0.158646824657922,0.005533666000701487,0.041913207998732105,5.820899968966842e-05,34.92041229332137,34.92041229332137,,
66,R,OutOfDistHigh,13,0.5,2,9783,0,38,9935,nan,99.1591096791619,0.10573928370092993,124.82218669311057,0.26374787319419757,True,False,5.890703203004222e-11,0.9821841972823352,nan,nan,0,5.890703203004222e-11,9.186547356154762e-12,0.07089313146792246,0.0044450839995988645,0.1153005000014673,5.820899968966842e-05,34.92041229332137,34.92041229332137,,
66,Z,Inverse,13,0.5,2,9783,0,38,9935,nan,3.431963059006812,0.3571651230844516,4.875659443798002,0.8045214677902984,True,False,8.273937091018979e-14,0.9847005535983895,nan,nan,0,2.1793677973391823e-13,1.687538997430238e-13,0.2649225090955188,0.0057598330022301525,0.04119925000122748,5.287499516271055e-05,0.22734153280516217,0.6344612628051622,,
66,R,Inverse,13,0.5,2,9783,0,38,9935,nan,1.1651647432651375,0.10573928370092993,1.5721342093698174,0.26374787319419757,True,False,2.450817326860033e-14,0.9850025163563161,nan,nan,0,2.450817326860033e-14,7.327471962526033e-15,0.09512106917795897,0.004247832999681123,0.10646270799770718,5.287499516271055e-05,0.22734153280516217,0.6344612628051622,,
66,Z,UniformNoise100,13,0.5,2,9783,0,38,9935,nan,2.8042735344694862,0.3571651230844516,4.089935346741356,0.8045214677902984,True,False,7.610578833805448e-14,0.989028686462003,nan,nan,0,3.0714319976254956e-13,2.184918912462308e-13,0.20675504257196864,0.005648999998811632,0.0430641659986577,0.0001870420019258745,-0.12308103352925671,0.23330788014612747,,
66,R,UniformNoise100,13,0.5,2,9783,0,38,9935,nan,0.5257900006130763,0.10573928370092993,0.7856421496667301,0.26374787319419757,True,False,4.288236432614667e-15,0.9833920483140413,nan,nan,0,8.548717289613705e-15,8.548717289613705e-15,0.10183576974049259,0.004334416997153312,0.10891083299793536,0.0001870420019258745,-0.12308103352925671,0.23330788014612747,,
66,Z,LinearInterpolation,13,0.5,2,9783,0,38,9935,nan,1.1941089430677116,0.3571651230844516,2.239183204119459,0.8045214677902984,True,False,7.288614156664153e-14,0.9854051333668847,nan,nan,0,2.5709989692757063e-13,2.7755575615628914e-13,0.2357776522458572,0.005623333003313746,0.044014792001689784,0.0003367079989402555,-0.09648597285714285,0.16606871285714286,,
66,R,LinearInterpolation,13,0.5,2,9783,0,38,9935,nan,0.2694450053519074,0.10573928370092993,0.4777691578331829,0.26374787319419757,True,False,4.371503159461554e-15,0.9830900855561148,nan,nan,0,2.609024107869118e-14,4.971717482149529e-15,0.09528306732105718,0.0045294590017874725,0.11037745900102891,0.0003367079989402555,-0.09648597285714285,0.16606871285714286,,
66,Z,NearestNeighborWindow,13,0.5,2,9783,0,38,9935,nan,3.923310947676103,0.3571651230844516,5.608733699103793,0.8045214677902984,True,False,6.48925357893404e-14,0.9833920483140413,nan,nan,0,1.5787371410169726e-13,2.0961010704922955e-13,0.3473685760157967,0.005753292003646493,0.044288584002060816,5.9958998463116586e-05,-0.11836552999999998,0.31122277,,
66,R,NearestNeighborWindow,13,0.5,2,9783,0,38,9935,nan,0.7296584540285013,0.10573928370092993,1.0510037702799468,0.26374787319419757,True,False,8.729128531115293e-15,0.9822848515349774,nan,nan,0,8.729128531115293e-15,1.1657341758564144e-14,0.10167809794153333,0.004482417003600858,0.10484770900075091,5.9958998463116586e-05,-0.11836552999999998,0.31122277,,
66,Z,ContextReconstruct,13,0.5,2,9783,0,38,9935,nan,0.7779985065950211,0.3571651230844516,1.5573641497709392,0.8045214677902984,True,False,7.152611836147571e-14,0.9834927025666834,nan,nan,0,4.109490525650017e-13,1.5587531265737198e-13,0.18262820079648398,0.005408707998867612,0.04468383399944287,0.0008945840017986484,-0.19286118000000002,0.17341422,3621,0.2080338151053882
66,R,ContextReconstruct,13,0.5,2,9783,0,38,9935,nan,0.14781498909141627,0.10573928370092993,0.29883284317282416,0.26374787319419757,True,False,3.7192471324942744e-15,0.9841972823351787,nan,nan,0,3.0281332996651145e-14,5.962244586932286e-15,0.09844131574014127,0.004417457996169105,0.10989041699940572,0.0008945840017986484,-0.19286118000000002,0.17341422,3621,0.2080338151053882
66,Z,Zero,26,1,2,9783,1,50,9922,4.890586870118414,2.6610143784035096,0.4316767144342756,6.031363938576591,0.8045214677902984,True,False,1.0730305533002138e-13,0.9844789356984479,5.0990195135927845,5.0990195135927845,1,1.0730305533002138e-13,7.389644451905042e-13,0.16143148122955564,0.0055253340033232234,0.041682875002152286,5.333299486665055e-05,0.04073601280516216,0.04073601280516216,,
66,R,Zero,26,1,2,9783,1,50,9922,0.7822810361632138,0.459520940214967,0.1232489803460954,0.8550004482300911,0.26374787319419757,True,False,6.286637876939949e-15,0.9878048780487805,0.8493458119830638,0.8493458119830638,1,1.1157741397482823e-14,1.5987211554602254e-14,0.22264489508542246,0.0043451670062495396,0.11526124999363674,5.333299486665055e-05,0.04073601280516216,0.04073601280516216,,
66,Z,SampleMean,26,1,2,9783,1,50,9922,4.890586870118414,2.66101437840351,0.4316767144342756,6.031363938576591,0.8045214677902984,True,False,1.0730305533002138e-13,0.9856883692803871,5.0990195135927845,5.0990195135927845,1,1.0730305533002138e-13,7.389644451905042e-13,0.16143148122955564,0.005557208001846448,0.04235970800073119,5.5666998378001153e-05,0.04073601280516217,0.04073601280516217,,
66,R,SampleMean,26,1,2,9783,1,50,9922,0.7822810361632135,0.459520940214967,0.1232489803460954,0.855000448230091,0.26374787319419757,True,False,3.927413949611491e-15,0.9867970167304979,0.8493458119830636,0.8493458119830636,1,1.1157741397482823e-14,1.5987211554602254e-14,0.22264489508542246,0.004661333994590677,0.10605754200514639,5.5666998378001153e-05,0.04073601280516217,0.04073601280516217,,
66,Z,OutOfDistHigh,26,1,2,9783,1,50,9922,4.890586870118414,3.220561810791583,0.4316767144342756,6.090528906717229,0.8045214677902984,True,False,4.2203740502344544e-12,0.9837734327756501,5.0990195135927845,5.0990195135927845,1,4.2203740502344544e-12,1.5010215292932116e-12,0.174410219458142,0.005553834002057556,0.045089250001183245,5.93330041738227e-05,34.92041229332137,34.92041229332137,,
66,R,OutOfDistHigh,26,1,2,9783,1,50,9922,177.38764910959918,118.68876031577129,0.1232489803460954,177.45471388541904,0.26374787319419757,True,False,8.282585728380809e-11,0.9834710743801653,177.45471388541904,177.45471388541904,1,8.282585728380809e-11,2.0485300955552788e-11,0.09499496631461507,0.004715082999609876,0.10543666699959431,5.93330041738227e-05,34.92041229332137,34.92041229332137,,
66,Z,Inverse,26,1,2,9783,1,50,9922,1.9542839206859992,2.120976701154014,0.4316767144342756,4.875659443798002,0.8045214677902984,True,False,1.2781442570997115e-13,0.9854867970167305,2.16271656416037,2.16271656416037,1,2.1793677973391823e-13,1.8385293287792592e-13,0.2649225090955188,0.005704125003830995,0.04234504099440528,5.504200089490041e-05,0.10397638280516219,0.6344612628051622,,
66,R,Inverse,26,1,2,9783,1,50,9922,1.3287099585846995,0.8436169322801236,0.1232489803460954,1.5500955977348094,0.26374787319419757,True,False,2.8629876247521224e-14,0.9838742189074783,1.3957747344045495,1.3957747344045495,1,2.8629876247521224e-14,1.0436096431476471e-14,0.0949949663974123,0.004276416999346111,0.1067631670011906,5.504200089490041e-05,0.10397638280516219,0.6344612628051622,,
66,Z,UniformNoise100,26,1,2,9783,1,50,9922,5.872939017747776,3.384066154334872,0.4316767144342756,6.271927858029073,0.8045214677902984,True,False,7.610578833805448e-14,0.9846805079621044,6.081371661222147,6.081371661222147,1,3.0714319976254956e-13,2.5579538487363607e-13,0.20675504257196864,0.00562191700009862,0.04357187500136206,0.00018166700465371832,-0.15491841545364599,0.23330788014612747,,
66,R,UniformNoise100,26,1,2,9783,1,50,9922,0.86154943045272,0.5681836204719344,0.1232489803460954,0.9906772782253946,0.26374787319419757,True,False,8.770761894538737e-15,0.9834710743801653,0.92861420627257,0.92861420627257,1,8.770761894538737e-15,1.0325074129013956e-14,0.07599754811748713,0.00457879199529998,0.10754816600092454,0.00018166700465371832,-0.15491841545364599,0.23330788014612747,,
66,Z,LinearInterpolation,26,1,2,9783,1,50,9922,1.746364191573542,2.2556389598513054,0.4316767144342756,5.375684625309575,0.8045214677902984,True,False,1.2781442570997115e-13,0.9857891554122152,1.9547968350479128,1.9547968350479128,1,3.3661962106634746e-13,1.6466827901240322e-12,1.9547968350481373,0.005540834004932549,0.04166737500054296,0.00034308299655094743,0.17412296259259263,0.18741652740740739,,
66,R,LinearInterpolation,26,1,2,9783,1,50,9922,0.936715791195589,0.5087856736610497,0.1232489803460954,1.005175022016946,0.26374787319419757,True,False,8.604228440844963e-15,0.9834710743801653,1.003780567015439,1.003780567015439,1,2.360611706109239e-14,8.43769498715119e-15,0.1128870408605658,0.00440645900380332,0.10920308400091017,0.00034308299655094743,0.17412296259259263,0.18741652740740739,,
66,Z,NearestNeighborWindow,26,1,2,9783,1,50,9922,0.06706463294567408,3.2997072819661586,0.4316767144342756,5.707324633566168,0.8045214677902984,True,False,1.0730305533002138e-13,0.9846805079621044,0.2754972764200449,0.2754972764200449,1,1.9906298831529057e-13,4.440892098500626e-13,0.27549727642024396,0.005644457996822894,0.04226524999830872,5.425000563263893e-05,-0.23021926000000004,0.3102588,,
66,R,NearestNeighborWindow,26,1,2,9783,1,50,9922,0.017211134126911415,0.6604676754844192,0.1232489803460954,1.1230219852817922,0.26374787319419757,True,False,2.1316282072803006e-14,0.9844789356984479,0.0842759099467614,0.0842759099467614,1,2.6353919047039653e-14,9.783840404509192e-15,0.08427590994673505,0.0044170840046717785,0.10880920800263993,5.425000563263893e-05,-0.23021926000000004,0.3102588,,
66,Z,ContextReconstruct,26,1,2,9783,1,50,9922,-0.20843264347437082,0.17121618133815836,0.4316767144342756,1.1791480236115113,0.8045214677902984,True,False,8.337774914934926e-14,0.9857891554122152,0.0,0.0,1,3.563839418620288e-07,1.5587531265737198e-13,3.563839418620288e-07,0.005481749998580199,0.04128770799434278,0.0008426249987678602,-0.19286118000000002,0.30992875999999997,3621,0.2080338151053882
66,R,ContextReconstruct,26,1,2,9783,1,50,9922,-0.011407845107170127,0.028577168510693737,0.1232489803460954,0.24972164467370436,0.26374787319419757,False,False,3.2057689836051395e-15,0.9839750050393066,0.05565693071267986,0.05565693071267986,1,3.0281332996651145e-14,5.962244586932286e-15,0.09844131574014127,0.0044571670005097985,0.11228862500138348,0.0008426249987678602,-0.19286118000000002,0.30992875999999997,3621,0.2080338151053882
66,Z,Zero,52,2,2,9783,27,50,9896,4.813386849486337,2.7417277295948725,0.4316767144342756,6.031363938576591,0.8045214677902984,True,False,1.967037643879621e-13,0.9863581244947454,5.0990195135927845,5.0990195135927845,1,1.967037643879621e-13,9.805489753489383e-13,0.16143148122964504,0.0057454580019111745,0.04156983400025638,5.358400085242465e-05,0.04073601280516216,0.04073601280516216,,
66,R,Zero,52,2,2,9783,27,50,9896,0.7581937343337204,0.4575876353592193,0.1526574442959654,0.8563749950556631,0.26374787319419757,True,False,7.466249840604178e-15,0.9872675828617623,0.8493458119830634,0.8493458119830652,11,1.8512968935624485e-14,1.5987211554602254e-14,0.23983552680373235,0.004843291004362982,0.10681841600307962,5.358400085242465e-05,0.04073601280516216,0.04073601280516216,,
66,Z,SampleMean,52,2,2,9783,27,50,9896,4.813386849486337,2.741727729594872,0.4316767144342756,6.031363938576591,0.8045214677902984,True,False,1.967037643879621e-13,0.9864591754244139,5.0990195135927845,5.0990195135927845,1,1.967037643879621e-13,9.805489753489383e-13,0.16143148122964504,0.005573707996518351,0.04158037500019418,4.9500005843583494e-05,0.04073601280516217,0.04073601280516217,,
66,R,SampleMean,52,2,2,9783,27,50,9896,0.7581937343337203,0.4575876353592193,0.1526574442959654,0.8563749950556631,0.26374787319419757,True,False,7.466249840604178e-15,0.986661277283751,0.849345811983063,0.8493458119830651,10,1.8512968935624485e-14,1.5987211554602254e-14,0.23983552680373282,0.0048022089977166615,0.11370295900269412,4.9500005843583494e-05,0.04073601280516217,0.04073601280516217,,
66,Z,OutOfDistHigh,52,2,2,9783,27,50,9896,4.813386849486337,3.1798548518355125,0.4316767144342756,6.075039803236044,0.8045214677902984,True,False,4.468647674116255e-12,0.9860549717057397,5.0990195135927845,5.0990195135927845,1,4.468647674116255e-12,1.7204154767469504e-12,0.17441021945789373,0.005591540997556876,0.04170891700050561,5.416599742602557e-05,34.92041229332137,34.92041229332137,,
66,R,OutOfDistHigh,52,2,2,9783,27,50,9896,177.36356180776968,118.67187330464014,0.1526574442959654,177.45471388541904,0.26374787319419757,True,False,8.690466402061503e-11,0.9860549717057397,177.454713885419,177.45471388541904,2,8.690466402061503e-11,1.4156677566323772e-11,0.07790690308688138,0.004640792001737282,0.10735995799768716,5.416599742602557e-05,34.92041229332137,34.92041229332137,,
66,Z,Inverse,52,2,2,9783,27,50,9896,2.2084261938757863,2.221089615112346,0.4316767144342756,4.875659443798002,0.8045214677902984,True,False,3.218536548388329e-13,0.9880759902991108,2.16271656416037,2.68853174643615,27,3.218536548388329e-13,1.8385293287792592e-13,0.1614314812297702,0.005690749996574596,0.042251458995451685,5.220800085226074e-05,0.07186799280516214,0.6454184128051622,,
66,R,Inverse,52,2,2,9783,27,50,9896,1.329220117235405,0.8593688849134965,0.1526574442959654,1.5500955977348094,0.26374787319419757,True,False,2.0469737016526324e-14,0.9862570735650767,1.3481511843176532,1.489375762727453,27,2.1760371282653068e-14,1.2545520178264269e-14,0.20418828407156836,0.004800542003067676,0.11100837500271155,5.220800085226074e-05,0.07186799280516214,0.6454184128051622,,
66,Z,UniformNoise100,52,2,2,9783,27,50,9896,5.876935637249918,3.1494059616214587,0.4316767144342756,6.524317330879678,0.8045214677902984,True,False,2.3245294578089215e-13,0.9872675828617623,5.805493245248661,6.524317330879678,27,3.0714319976254956e-13,3.232969447708456e-13,0.20675504257196864,0.0057199579969164915,0.04285645900381496,0.00018904099852079526,-0.15491841545364599,0.23364460327797204,,
66,R,UniformNoise100,52,2,2,9783,27,50,9896,0.8555587812080668,0.5047225342015802,0.1526574442959654,1.033349234864155,0.26374787319419757,True,False,8.909539772616881e-15,0.9861560226354082,0.8943431790295246,1.033349234864155,27,1.7708057242771247e-14,1.1962653090336062e-14,0.2506890546688782,0.0047737920031067915,0.1044401659964933,0.00018904099852079526,-0.15491841545364599,0.23364460327797204,,
66,Z,LinearInterpolation,52,2,2,9783,27,50,9896,2.6356973007553735,2.605721585001013,0.4316767144342756,5.760561030055247,0.8045214677902984,True,False,1.967037643879621e-13,0.987570735650768,2.921329964861073,2.9213299648629096,27,3.718358954074574e-12,2.1724844145865063e-11,2.9213299648650284,0.005670583006576635,0.04318704199977219,0.00034866700298152864,0.18803168641509432,0.19228592358490565,,
66,R,LinearInterpolation,52,2,2,9783,27,50,9896,0.9306312709430685,0.5236299856816563,0.1526574442959654,1.0252573951101687,0.26374787319419757,True,False,6.564193633096238e-15,0.9861560226354082,1.0185711403955957,1.025008239300514,27,2.603472992745992e-14,1.4432899320127035e-14,0.17057293856486158,0.0046248329963418655,0.10863583399623167,0.00034866700298152864,0.18803168641509432,0.19228592358490565,,
66,Z,NearestNeighborWindow,52,2,2,9783,27,50,9896,0.3140387915648791,0.04155994109690142,0.4316767144342756,0.9557864675284278,0.8045214677902984,True,False,1.967037643879621e-13,0.9867623282134196,0.19995132999806944,0.9557864675284278,27,4.5247139368598255e-13,2.7135238500619607e-13,0.29985138379184356,0.005682374998286832,0.043267208006000146,5.51249977434054e-05,-0.24339880000000003,0.31129262,,
66,R,NearestNeighborWindow,52,2,2,9783,27,50,9896,0.06047690039901948,-0.005003296890041023,0.1526574442959654,0.22870148338086047,0.26374787319419757,False,False,6.189493362285248e-15,0.9874696847210994,0.07622700342135473,0.22870148338086047,27,5.094535904248687e-14,1.2656542480726785e-14,0.08138216366615982,0.004947375004121568,0.11000291600066703,5.51249977434054e-05,-0.24339880000000003,0.31129262,,
66,Z,ContextReconstruct,52,2,2,9783,27,50,9896,-0.28563261832849396,0.3427548474996479,0.4316767144342756,1.8425428220292102,0.8045214677902984,True,False,1.637578961322106e-13,0.9894907033144705,0.0,1.519626234052415e-07,4,4.020553101072324e-07,1.616484723854228e-13,4.020553101072324e-07,0.005442166999273468,0.04122708400245756,0.000826165996841155,-0.22666820999999998,0.30992875999999997,3621,0.2080338151053882
66,R,ContextReconstruct,52,2,2,9783,27,50,9896,-0.02946102162863538,0.053408038104436256,0.1526574442959654,0.3391234805644241,0.26374787319419757,True,False,4.954370247389761e-15,0.986661277283751,0.054044995701886256,0.076049727543683,27,3.0281332996651145e-14,8.659739592076221e-15,0.09844131574014127,0.00495283400232438,0.11146745800215285,0.000826165996841155,-0.22666820999999998,0.30992875999999997,3621,0.2080338151053882
66,Z,Zero,104,4,2,9783,79,50,9844,4.740700543021234,2.789891344377116,0.7007639799822598,6.031363938576591,0.8045214677902984,True,False,4.470313008653193e-13,0.9912637139374239,5.0990195135927845,5.0990195135927845,1,4.470313008653193e-13,4.334310688136611e-13,0.16143148122989537,0.005988291995890904,0.04232741699524922,4.8000001697801054e-05,0.04073601280516216,0.04073601280516216,,
66,R,Zero,104,4,2,9783,79,50,9844,0.738133477871385,0.45442673799905264,0.17860353433301504,0.8546041079474146,0.26374787319419757,True,False,6.675215935558754e-15,0.9912637139374239,0.8493458119830629,0.8493458119830656,16,1.1157741397482823e-14,1.5987211554602254e-14,0.22264489508542246,0.005567167005210649,0.10662745899753645,4.8000001697801054e-05,0.04073601280516216,0.04073601280516216,,
66,Z,SampleMean,104,4,2,9783,79,50,9844,4.740700543021234,2.789891344377116,0.7007639799822598,6.031363938576591,0.8045214677902984,True,False,4.470313008653193e-13,0.9913652986590816,5.0990195135927845,5.0990195135927845,1,4.470313008653193e-13,4.334310688136611e-13,0.16143148122989537,0.005807875000755303,0.04211837500042748,5.1959003030788153e-05,0.04073601280516217,0.04073601280516217,,
66,R,SampleMean,104,4,2,9783,79,50,9844,0.7381334778713847,0.45442673799905264,0.17860353433301504,0.8546041079474145,0.26374787319419757,True,False,5.467848396278896e-15,0.9912637139374239,0.8493458119830626,0.8493458119830654,14,1.1157741397482823e-14,1.5987211554602254e-14,0.22264489508542246,0.005104084004415199,0.11663291700097034,5.1959003030788153e-05,0.04073601280516217,0.04073601280516217,,
66,Z,OutOfDistHigh,104,4,2,9783,79,50,9844,4.740700543021234,3.1481886237365018,0.7007639799822598,6.084539320463913,0.8045214677902984,True,False,5.749622999928761e-12,0.9912637139374239,5.0990195135927845,5.0990195135927845,1,5.749622999928761e-12,1.893596390800667e-12,0.1586468246560843,0.006044000001566019,0.04417683300562203,5.5666998378001153e-05,34.92041229332137,34.92041229332137,,
66,R,OutOfDistHigh,104,4,2,9783,79,50,9844,177.34350155130736,118.66857830460589,0.17860353433301504,177.45471388541907,0.26374787319419757,True,False,1.2902735824216194e-10,0.9912637139374239,177.454713885419,177.45471388541907,3,1.2902735824216194e-10,2.1485037707269505e-11,0.07063269736322858,0.005559249999350868,0.11087275000318186,5.5666998378001153e-05,34.92041229332137,34.92041229332137,,
66,Z,Inverse,104,4,2,9783,79,50,9844,2.10486971311461,2.1690175246862307,0.7007639799822598,4.875659443798002,0.8045214677902984,True,False,6.368239269249898e-13,0.9923811458756603,1.8255202513492108,2.999312249014417,79,6.368239269249898e-13,2.020605904817785e-13,0.15864682466247074,0.005936458001087885,0.04101474999333732,5.358400085242465e-05,0.07186799280516214,0.6585979528051622,,
66,R,Inverse,104,4,2,9783,79,50,9844,1.2748160634528516,0.8431557104345382,0.17860353433301504,1.5500955977348094,0.26374787319419757,True,False,3.0184188481996443e-14,0.9913652986590816,1.3197859449540024,1.489375762727453,79,3.0184188481996443e-14,7.108896804552955e-15,0.08814120421182006,0.005337791997590102,0.11101470799621893,5.358400085242465e-05,0.07186799280516214,0.6585979528051622,,
66,Z,UniformNoise100,104,4,2,9783,79,50,9844,5.867297396123319,3.2178326483315938,0.7007639799822598,6.631371473319003,0.8045214677902984,True,False,4.1128211947238924e-13,0.9923811458756603,5.805493245248661,6.631371473319003,79,4.1128211947238924e-13,3.410605131648481e-13,0.16143148122985962,0.005993250000756234,0.04276304200175218,0.00018054199608741328,-0.15592344711335054,0.2350983970596333,,
66,R,UniformNoise100,104,4,2,9783,79,50,9844,0.8434022587186332,0.5287097476118027,0.17860353433301504,1.033349234864155,0.26374787319419757,True,False,8.340550472496489e-15,0.9914668833807395,0.8943431790295246,1.033349234864155,79,1.607047828144914e-14,1.432187701766452e-14,0.22114740566745503,0.00545816700469004,0.11506108300091,0.00018054199608741328,-0.15592344711335054,0.2350983970596333,,
66,Z,LinearInterpolation,104,4,2,9783,79,50,9844,2.5630109942902384,2.3147681770705226,0.7007639799822598,5.311503358136334,0.8045214677902984,True,False,4.1128211947238924e-13,0.9916700528240553,2.9213299648616373,2.9213299648619215,65,7.922551503725117e-13,5.4001247917767614e-12,2.9213299648626743,0.005829916997754481,0.041893582994816825,0.000337416997354012,0.188437138,0.238790542,,
66,R,LinearInterpolation,104,4,2,9783,79,50,9844,0.9681097821787927,0.5305140159024162,0.17860353433301504,1.1347392366499514,0.26374787319419757,True,False,9.3119956190435e-15,0.9913652986590816,1.02768132172363,1.1303349369917202,79,2.864375403532904e-14,1.4654943925052066e-14,0.12407420765129316,0.005599625001195818,0.10662474999844562,0.000337416997354012,0.188437138,0.238790542,,
66,Z,NearestNeighborWindow,104,4,2,9783,79,50,9844,0.014388333279053854,0.06159011804291909,0.7007639799822598,0.7200309891122784,0.8045214677902984,False,False,3.5763059180737855e-13,0.9913652986590816,0.19703521932366727,0.7200309891122784,79,4.384270724244743e-13,1.9628743075372768e-13,0.22384885922078632,0.005881083001440857,0.04370033400482498,5.408300057752058e-05,-0.23973059000000002,0.33161072,,
66,R,NearestNeighborWindow,104,4,2,9783,79,50,9844,-0.0008105168047622442,0.012479814962749627,0.17860353433301504,0.16979443480803144,0.26374787319419757,False,False,3.802513859341161e-15,0.9914668833807395,0.06148990253736404,0.1623266107274313,79,4.9335535656780394e-14,6.995272416876475e-15,0.07089313152680436,0.005486916001245845,0.10816916600015247,5.408300057752058e-05,-0.23973059000000002,0.33161072,,
66,Z,ContextReconstruct,104,4,2,9783,79,50,9844,-0.3583187967984447,0.15002003201121822,0.7007639799822598,0.8982944303577859,0.8045214677902984,True,False,3.820832539247476e-13,0.9912637139374239,0.0,3.03925246810483e-07,16,1.698993779866603e-07,1.21243293182971e-13,0.0,0.005761291002272628,0.04195029199763667,0.0008656670033815317,-0.24006414000000004,0.30585715999999996,637,0.3197864569532249
66,R,ContextReconstruct,104,4,2,9783,79,50,9844,-0.08409013941692757,0.011751297170077906,0.17860353433301504,0.21263275275910687,0.26374787319419757,False,False,3.7192471324942744e-15,0.9913652986590816,0.027122194694751533,0.027122194694751616,21,4.113376306236205e-14,1.1487338857918417e-14,0.13965166176001487,0.006156290997751057,0.13481629199668532,0.0008656670033815317,-0.24006414000000004,0.30585715999999996,637,0.3197864569532249
