num,name,filename,sha256,length,train_end_raw,begin_raw,end_raw,start0,stop0,train_stop0,index_convention,anom_len,variant,is_distorted,is_noise,domain_goswami,is_medical,domain_official,domain_official_basis,domain_agree,source_official,deck_slides,in_tsbad,tsbad_filename,tsbad_domain,match_method,tsbad_label_n_segments,tsbad_label_start0,tsbad_label_stop0,gt_agree,audit_flags
1,DISTORTED1sddb40,001_UCR_Anomaly_DISTORTED1sddb40_35000_52000_52620.txt,e064e98e0b41d117f666945459671d3eec014ff9ac2457401befd8a244b9b93f,79795,35000,52000,52620,51999,52620,35000,matlab_1based_inclusive,621,DISTORTED,True,False,ECG,True,ECG,source_line,True,"Selected input: record sddb/40 , annotator atr , from [03:27:00.000 1] to [04:27:00.000 1] | Sudden Cardiac Death Holter Database (sddb)",28,NA,NA,NA,NA,NA,NA,NA,NA,none
2,DISTORTED2sddb40,002_UCR_Anomaly_DISTORTED2sddb40_35000_56600_56900.txt,1c730e485f186aa39859ac0fca707a7977860b8db49112489270990b7f240e84,80001,35000,56600,56900,56599,56900,35000,matlab_1based_inclusive,301,DISTORTED,True,False,ECG,True,ECG,source_line,True,"Selected input: record sddb/40 , annotator atr , from [03:27:00.000 1] to [04:27:00.000 1] | Sudden Cardiac Death Holter Database (sddb)",29,NA,NA,NA,NA,NA,NA,NA,NA,none
3,DISTORTED3sddb40,003_UCR_Anomaly_DISTORTED3sddb40_35000_46600_46900.txt,557cbf5463ea3fc9cc1d17be60157c737de7a01810bc4907ab252e746eb6a7ae,80000,35000,46600,46900,46599,46900,35000,matlab_1based_inclusive,301,DISTORTED,True,False,ECG,True,ECG,source_line,True,"Selected input: record sddb/40 , annotator atr , from [03:27:00.000 1] to [04:27:00.000 1] | Sudden Cardiac Death Holter Database (sddb)",30,NA,NA,NA,NA,NA,NA,NA,NA,none
4,DISTORTEDBIDMC1,004_UCR_Anomaly_DISTORTEDBIDMC1_2500_5400_5600.txt,f76d4cbc56328179183f3ce69a92f5a22389135a786d8f0bb1662bcfc748ede6,11000,2500,5400,5600,5399,5600,2500,matlab_1based_inclusive,201,DISTORTED,True,False,ECG,True,PPG (bidmc),source_line,False,"Selected input: record bidmc/bidmc01 , annotator ann1 , from 0:00.000 to 1:00.000",55,NA,NA,NA,NA,NA,NA,NA,NA,DOMAIN_DISAGREE
5,DISTORTEDCIMIS44AirTemperature1,005_UCR_Anomaly_DISTORTEDCIMIS44AirTemperature1_4000_5391_5392.txt,076a847fcefaf023942db0324186aa976407c43a8d699beaee8b77527bb5ceae,8184,4000,5391,5392,5390,5392,4000,matlab_1based_inclusive,2,DISTORTED,True,False,Air Temperature,False,NA,none,NA,NA,NA,NA,NA,NA,NA,NA,NA,NA,NA,NOT_IN_DECK;DOMAIN_OFFICIAL_NA
6,DISTORTEDCIMIS44AirTemperature2,006_UCR_Anomaly_DISTORTEDCIMIS44AirTemperature2_4000_5703_5727.txt,7a3689efacf6003dbaada4be6c2423d83f008409da4f1e3e4388705e6117f98a,8184,4000,5703,5727,5702,5727,4000,matlab_1based_inclusive,25,DISTORTED,True,False,Air Temperature,False,Air Temperature,source_line,True,The data comes from the public weather data report from CIMIS station 44 in Riverside [1].,95,NA,NA,NA,NA,NA,NA,NA,NA,none
7,DISTORTEDCIMIS44AirTemperature3,007_UCR_Anomaly_DISTORTEDCIMIS44AirTemperature3_4000_6520_6544.txt,d63280ad6baffbe055edaa756aa43feff093ed517e0fa5017c312d6cac4c4792,8184,4000,6520,6544,6519,6544,4000,matlab_1based_inclusive,25,DISTORTED,True,False,Air Temperature,False,Air Temperature,source_line,True,The data comes from the public weather data report from CIMIS station 44 in Riverside [1].,96,NA,NA,NA,NA,NA,NA,NA,NA,none
8,DISTORTEDCIMIS44AirTemperature4,008_UCR_Anomaly_DISTORTEDCIMIS44AirTemperature4_4000_5549_5597.txt,564e885f1910b19e2d762f369a669ce0097b6ce1706da337a3315333f27ec9f7,8184,4000,5549,5597,5548,5597,4000,matlab_1based_inclusive,49,DISTORTED,True,False,Air Temperature,False,Air Temperature,source_line,True,The data comes from the public weather data report from CIMIS station 44 in Riverside [1].,97,NA,NA,NA,NA,NA,NA,NA,NA,DECK_FIELDS_DIFFER
9,DISTORTEDCIMIS44AirTemperature5,009_UCR_Anomaly_DISTORTEDCIMIS44AirTemperature5_4000_4852_4900.txt,5450cae11e0b3a7c9f536f24c943db5e3bac3223e30cfe0288497ad0294a4c52,8184,4000,4852,4900,4851,4900,4000,matlab_1based_inclusive,49,DISTORTED,True,False,Air Temperature,False,Air Temperature,source_line,True,The data comes from the public weather data report from CIMIS station 44 in Riverside [1].,98,NA,NA,NA,NA,NA,NA,NA,NA,none
10,DISTORTEDCIMIS44AirTemperature6,010_UCR_Anomaly_DISTORTEDCIMIS44AirTemperature6_4000_6006_6054.txt,76a00b51e39993cb325ca7a933a1895add9c774cd1b17d819d1b5cb99cf74423,8184,4000,6006,6054,6005,6054,4000,matlab_1based_inclusive,49,DISTORTED,True,False,Air Temperature,False,Air Temperature,source_line,True,The data comes from the public weather data report from CIMIS station 44 in Riverside [1].,99,NA,NA,NA,NA,NA,NA,NA,NA,none
11,DISTORTEDECG1,011_UCR_Anomaly_DISTORTEDECG1_10000_11800_12100.txt,9f0cccecd43376f0347d5c2df6648f3be3f33a5be955d4af66fb670c02e39afd,30000,10000,11800,12100,11799,12100,10000,matlab_1based_inclusive,301,DISTORTED,True,False,ECG,True,ECG,source_line,True,"Selected input: record afpdb/n04 , annotator qrs , from 8:10.000 to 8:20.000 | PAF Prediction Challenge Database (afpdb)",35,NA,NA,NA,NA,NA,NA,NA,NA,none
12,DISTORTEDECG2,012_UCR_Anomaly_DISTORTEDECG2_15000_16000_16100.txt,918236c9ecd8e65f0e61df7209c5874b811657177de2ea982ef98c6f3ac6172f,30000,15000,16000,16100,15999,16100,15000,matlab_1based_inclusive,101,DISTORTED,True,False,ECG,True,ECG,source_line,True,"Selected input: record afpdb/n04 , annotator qrs , from 8:10.000 to 8:20.000 | PAF Prediction Challenge Database (afpdb)",36,NA,NA,NA,NA,NA,NA,NA,NA,none
13,DISTORTEDECG3,013_UCR_Anomaly_DISTORTEDECG3_15000_16000_16100.txt,d34aeecf64127212a6a7290c02d675de48c05ad83e783ba4e0a52b571ad71128,30000,15000,16000,16100,15999,16100,15000,matlab_1based_inclusive,101,DISTORTED,True,False,ECG,True,ECG,source_line,True,"Selected input: record afpdb/n20 , annotator qrs , from 9:50.000 to 30:00.000 | PAF Prediction Challenge Database (afpdb)",37,NA,NA,NA,NA,NA,NA,NA,NA,DECK_FIELDS_DIFFER
14,DISTORTEDECG3,014_UCR_Anomaly_DISTORTEDECG3_8000_17000_17100.txt,cf49ee0039979e7526988fcf2abc9db20bcc96b9dd3f3ee311881640fe989e94,30000,8000,17000,17100,16999,17100,8000,matlab_1based_inclusive,101,DISTORTED,True,False,ECG,True,ECG,source_line,True,"Selected input: record afpdb/n20 , annotator qrs , from 9:50.000 to 30:00.000 | PAF Prediction Challenge Database (afpdb)",37,NA,NA,NA,NA,NA,NA,NA,NA,none
15,DISTORTEDECG4,015_UCR_Anomaly_DISTORTEDECG4_5000_16800_17100.txt,f8338392db031531633a1b636a948199cfa710a093a6191eabbe56e5a793370c,200000,5000,16800,17100,16799,17100,5000,matlab_1based_inclusive,301,DISTORTED,True,False,ECG,True,ECG,source_line,True,"Selected input: record afpdb/n20 , annotator qrs , from 9:50.000 to 30:00.000 | PAF Prediction Challenge Database (afpdb)",38;100,NA,NA,NA,NA,NA,NA,NA,NA,none
16,DISTORTEDECG4,016_UCR_Anomaly_DISTORTEDECG4_5000_16900_17100.txt,de679b477e6ca1db24972ad3b3e66bfa2812ea7f41bca4b29d663e639763d253,30000,5000,16900,17100,16899,17100,5000,matlab_1based_inclusive,201,DISTORTED,True,False,ECG,True,ECG,source_line,True,"Selected input: record afpdb/n20 , annotator qrs , from 9:50.000 to 30:00.000 | PAF Prediction Challenge Database (afpdb)",38;100,NA,NA,NA,NA,NA,NA,NA,NA,DECK_FIELDS_DIFFER
17,DISTORTEDECG4,017_UCR_Anomaly_DISTORTEDECG4_5000_17000_17100.txt,4cdef36a92a9f3f7d5c94de3e31f8fbdd49fd671c8ea4f3f8e53ce5b6c209a82,30000,5000,17000,17100,16999,17100,5000,matlab_1based_inclusive,101,DISTORTED,True,False,ECG,True,ECG,source_line,True,"Selected input: record afpdb/n20 , annotator qrs , from 9:50.000 to 30:00.000 | PAF Prediction Challenge Database (afpdb)",38;100,NA,NA,NA,NA,NA,NA,NA,NA,none
18,DISTORTEDECG4,018_UCR_Anomaly_DISTORTEDECG4_8000_17000_17100.txt,ee6e4b0d7d6ccd355614825c7480836dbed05943ba60e5fb0f768d60e9337cd7,30000,8000,17000,17100,16999,17100,8000,matlab_1based_inclusive,101,DISTORTED,True,False,ECG,True,ECG,source_line,True,"Selected input: record afpdb/n20 , annotator qrs , from 9:50.000 to 30:00.000 | PAF Prediction Challenge Database (afpdb)",38;100,NA,NA,NA,NA,NA,NA,NA,NA,DECK_FIELDS_DIFFER
19,DISTORTEDGP711MarkerLFM5z1,019_UCR_Anomaly_DISTORTEDGP711MarkerLFM5z1_5000_6168_6212.txt,d5ef58edd75915cd1cfb88368905186281e25eb7587e2c5cd28a44f4a3e2fb8f,12000,5000,6168,6212,6167,6212,5000,matlab_1based_inclusive,45,DISTORTED,True,False,Gait,False,Gait,source_line,True,The data comes from subject 7 in the GaitPhase Database [1]. The subject was required to walk,90,NA,NA,NA,NA,NA,NA,NA,NA,none
20,DISTORTEDGP711MarkerLFM5z2,020_UCR_Anomaly_DISTORTEDGP711MarkerLFM5z2_5000_7175_7388.txt,8a1e8225a1f6251425782a1bce150db1cb4d2c55431278f73465538166c7a6db,12000,5000,7175,7388,7174,7388,5000,matlab_1based_inclusive,214,DISTORTED,True,False,Gait,False,Gait,source_line,True,The data comes from subject 7 in the GaitPhase Database [1]. The subject was required to walk,91,NA,NA,NA,NA,NA,NA,NA,NA,DECK_FIELDS_DIFFER
21,DISTORTEDGP711MarkerLFM5z3,021_UCR_Anomaly_DISTORTEDGP711MarkerLFM5z3_5000_5948_5993.txt,f777776c072630c3b7970e684392ed0d5121fb9d2bb0277934f1440ae6c973ac,12000,5000,5948,5993,5947,5993,5000,matlab_1based_inclusive,46,DISTORTED,True,False,Gait,False,Gait,source_line,True,The data comes from subject 7 in the GaitPhase Database [1]. The subject was required to walk,92,NA,NA,NA,NA,NA,NA,NA,NA,DECK_FIELDS_DIFFER
22,DISTORTEDGP711MarkerLFM5z4,022_UCR_Anomaly_DISTORTEDGP711MarkerLFM5z4_4000_6527_6645.txt,e8c3474887d6e892b6872b105658424d50befbbf0b4f5255670a39094e901ad7,12000,4000,6527,6645,6526,6645,4000,matlab_1based_inclusive,119,DISTORTED,True,False,Gait,False,Gait,source_line,True,The data comes from subject 7 in the GaitPhase Database [1]. The subject was required to walk,93,NA,NA,NA,NA,NA,NA,NA,NA,DECK_FIELDS_DIFFER
23,DISTORTEDGP711MarkerLFM5z5,023_UCR_Anomaly_DISTORTEDGP711MarkerLFM5z5_5000_8612_8716.txt,61ade6be0922f071980b97adce4a31a50260562303fa9012fd03c9a9d06db00d,12000,5000,8612,8716,8611,8716,5000,matlab_1based_inclusive,105,DISTORTED,True,False,Gait,False,Gait,source_line,True,The data comes from subject 7 in the GaitPhase Database [1]. The subject was required to walk,94,NA,NA,NA,NA,NA,NA,NA,NA,none
24,DISTORTEDInternalBleeding10,024_UCR_Anomaly_DISTORTEDInternalBleeding10_3200_4526_4556.txt,c9dd6e2d6f05791f47a1d7798e33fd48861561d7e1bf3eaa592f8b7a5f5685a7,7501,3200,4526,4556,4525,4556,3200,matlab_1based_inclusive,31,DISTORTED,True,False,ABP,True,ABP,source_line,True,"The data comes from an internal bleeding dataset[1]. From the dataset, we extracted the arterial blood pressure measurements of pigs.",86,NA,NA,NA,NA,NA,NA,NA,NA,none
25,DISTORTEDInternalBleeding14,025_UCR_Anomaly_DISTORTEDInternalBleeding14_2800_5607_5634.txt,8e0dc61a006bc5917166d69dbc84e6a5b575fdaa490d7fed79f62138adf6f644,7501,2800,5607,5634,5606,5634,2800,matlab_1based_inclusive,28,DISTORTED,True,False,ABP,True,ABP,source_line,True,"The data comes from an internal bleeding dataset[1]. From the dataset, we extracted the arterial blood pressure measurements of pigs.",87,NA,NA,NA,NA,NA,NA,NA,NA,none
26,DISTORTEDInternalBleeding15,026_UCR_Anomaly_DISTORTEDInternalBleeding15_1700_5684_5854.txt,4d1cf1a9307630613e8da2adef8d91fe0ad4d2a8c23469ecc49d6bf97baea9ee,7601,1700,5684,5854,5683,5854,1700,matlab_1based_inclusive,171,DISTORTED,True,False,ABP,True,ABP,source_line,True,"The data comes from an internal bleeding dataset[1]. From the dataset, we extracted the arterial blood pressure measurements of pigs.",82,NA,NA,NA,NA,NA,NA,NA,NA,none
27,DISTORTEDInternalBleeding16,027_UCR_Anomaly_DISTORTEDInternalBleeding16_1200_4187_4199.txt,8245646efd247a8a6a938de02df5067f546cc06573897c20eaaa9710d8dc8d13,7501,1200,4187,4199,4186,4199,1200,matlab_1based_inclusive,13,DISTORTED,True,False,ABP,True,ABP,source_line,True,"The data comes from an internal bleeding dataset[1]. From the dataset, we extracted the arterial blood pressure measurements of pigs.",70,NA,NA,NA,NA,NA,NA,NA,NA,none
28,DISTORTEDInternalBleeding17,028_UCR_Anomaly_DISTORTEDInternalBleeding17_1600_3198_3309.txt,9857e5486d03e7f5a70153473682cd005f80ac7af155ed58190b75431860533b,7500,1600,3198,3309,3197,3309,1600,matlab_1based_inclusive,112,DISTORTED,True,False,ABP,True,ABP,source_line,True,"The data comes from an internal bleeding dataset[1]. From the dataset, we extracted the arterial blood pressure measurements of pigs.",71,NA,NA,NA,NA,NA,NA,NA,NA,none
29,DISTORTEDInternalBleeding18,029_UCR_Anomaly_DISTORTEDInternalBleeding18_2300_4485_4587.txt,99b6a580cfea028d6405bc775f581ee6cb097a1af2ec13b254f5effd62f7fd28,7500,2300,4485,4587,4484,4587,2300,matlab_1based_inclusive,103,DISTORTED,True,False,ABP,True,ABP,source_line,True,"The data comes from an internal bleeding dataset[1]. From the dataset, we extracted the arterial blood pressure measurements of pigs.",72,NA,NA,NA,NA,NA,NA,NA,NA,none
30,DISTORTEDInternalBleeding19,030_UCR_Anomaly_DISTORTEDInternalBleeding19_3000_4187_4197.txt,3f034620d2c0b4089b6825e38609acad71fb8ea1c6e8635e53b8f5eb993e11ad,7500,3000,4187,4197,4186,4197,3000,matlab_1based_inclusive,11,DISTORTED,True,False,ABP,True,ABP,source_line,True,"The data comes from an internal bleeding dataset[1]. From the dataset, we extracted the arterial blood pressure measurements of pigs.",73,NA,NA,NA,NA,NA,NA,NA,NA,none
31,DISTORTEDInternalBleeding20,031_UCR_Anomaly_DISTORTEDInternalBleeding20_2700_5759_5919.txt,eaf66fa6fd05cd9f0cc8060ecc1aeb4896304675edc71a9194241e915604a609,7500,2700,5759,5919,5758,5919,2700,matlab_1based_inclusive,161,DISTORTED,True,False,ABP,True,ABP,source_line,True,"The data comes from an internal bleeding dataset[1]. From the dataset, we extracted the arterial blood pressure measurements of pigs.",74,NA,NA,NA,NA,NA,NA,NA,NA,none
32,DISTORTEDInternalBleeding4,032_UCR_Anomaly_DISTORTEDInternalBleeding4_1000_4675_5033.txt,90bb58ed2d8c100486d6ab744eb385960583f882a0c185cdd86ba81a588a278e,7321,1000,4675,5033,4674,5033,1000,matlab_1based_inclusive,359,DISTORTED,True,False,ABP,True,ABP,source_line,True,"The data comes from an internal bleeding dataset[1]. From the dataset, we extracted the arterial blood pressure measurements of pigs.",79,NA,NA,NA,NA,NA,NA,NA,NA,none
33,DISTORTEDInternalBleeding5,033_UCR_Anomaly_DISTORTEDInternalBleeding5_4000_6200_6370.txt,c36ef2b78f91e35bb5101b7e853d35bed473f06b4d37c06db28cad4aa3d279f9,7415,4000,6200,6370,6199,6370,4000,matlab_1based_inclusive,171,DISTORTED,True,False,ABP,True,ABP,source_line,True,"The data comes from an internal bleeding dataset[1]. From the dataset, we extracted the arterial blood pressure measurements of pigs.",80,NA,NA,NA,NA,NA,NA,NA,NA,none
34,DISTORTEDInternalBleeding6,034_UCR_Anomaly_DISTORTEDInternalBleeding6_1500_3474_3629.txt,08e75edd22f5dde2288f62d9905fca368158ca30365b812673756c91062615b8,7654,1500,3474,3629,3473,3629,1500,matlab_1based_inclusive,156,DISTORTED,True,False,ABP,True,ABP,source_line,True,"The data comes from an internal bleeding dataset[1]. From the dataset, we extracted the arterial blood pressure measurements of pigs.",81,NA,NA,NA,NA,NA,NA,NA,NA,none
35,DISTORTEDInternalBleeding8,035_UCR_Anomaly_DISTORTEDInternalBleeding8_2500_5865_5974.txt,16ccd3d315befe99a2719b617bd7cbfb21dd63001f1b42f4a0f457ca8df88360,7501,2500,5865,5974,5864,5974,2500,matlab_1based_inclusive,110,DISTORTED,True,False,ABP,True,ABP,source_line,True,"The data comes from an internal bleeding dataset[1]. From the dataset, we extracted the arterial blood pressure measurements of pigs.",84,NA,NA,NA,NA,NA,NA,NA,NA,none
36,DISTORTEDInternalBleeding9,036_UCR_Anomaly_DISTORTEDInternalBleeding9_4200_6599_6681.txt,a73d21afafbf10fd8ea0ccdcd2f150947bb7b253eed282aff43566869889854f,7501,4200,6599,6681,6598,6681,4200,matlab_1based_inclusive,83,DISTORTED,True,False,ABP,True,ABP,source_line,True,"The data comes from an internal bleeding dataset[1]. From the dataset, we extracted the arterial blood pressure measurements of pigs.",85,NA,NA,NA,NA,NA,NA,NA,NA,none
37,DISTORTEDLab2Cmac011215EPG1,037_UCR_Anomaly_DISTORTEDLab2Cmac011215EPG1_5000_17210_17260.txt,331e6897552ddef61e222dc1805462d0eee8408eb22c496e8f88fef0a3894f70,30001,5000,17210,17260,17209,17260,5000,matlab_1based_inclusive,51,DISTORTED,True,False,EPG,False,EPG,source_line,True,"This is a real dataset from an insect, and Asian Citrus Psyllid, recorded using an EPG apparatus.",9,NA,NA,NA,NA,NA,NA,NA,NA,none
38,DISTORTEDLab2Cmac011215EPG2,038_UCR_Anomaly_DISTORTEDLab2Cmac011215EPG2_5000_27862_27932.txt,fce7b5c43f1ddf676397a7e23c5ec6edb0e90deb0bd34bb4be12eb531354fdf9,29950,5000,27862,27932,27861,27932,5000,matlab_1based_inclusive,71,DISTORTED,True,False,EPG,False,EPG,source_line,True,"This is a real dataset from an insect, and Asian Citrus Psyllid, recorded using an EPG apparatus.",10,NA,NA,NA,NA,NA,NA,NA,NA,none
39,DISTORTEDLab2Cmac011215EPG3,039_UCR_Anomaly_DISTORTEDLab2Cmac011215EPG3_5000_16390_16420.txt,bf8a6bb5243eec8cc4712030872a156337f61094dc70f3f0fcdf30425292318c,29950,5000,16390,16420,16389,16420,5000,matlab_1based_inclusive,31,DISTORTED,True,False,EPG,False,EPG,source_line,True,"This is a real dataset from an insect, and Asian Citrus Psyllid, recorded using an EPG apparatus.",11,NA,NA,NA,NA,NA,NA,NA,NA,none
40,DISTORTEDLab2Cmac011215EPG4,040_UCR_Anomaly_DISTORTEDLab2Cmac011215EPG4_6000_17390_17520.txt,b8473d208caa69f2f2ee5865b8b8af2cec54517d63c01e9d451e470d32108521,30066,6000,17390,17520,17389,17520,6000,matlab_1based_inclusive,131,DISTORTED,True,False,EPG,False,EPG,source_line,True,"This is a real dataset from an insect, and Asian Citrus Psyllid, recorded using an EPG apparatus.",12,NA,NA,NA,NA,NA,NA,NA,NA,none
41,DISTORTEDLab2Cmac011215EPG5,041_UCR_Anomaly_DISTORTEDLab2Cmac011215EPG5_7000_17390_17520.txt,727b4ca43ea0c7562b03592738b10830e819b2567cc92bcabde8d1b5b70f33de,29826,7000,17390,17520,17389,17520,7000,matlab_1based_inclusive,131,DISTORTED,True,False,EPG,False,EPG,source_line,True,"This is a real dataset from an insect, and Asian Citrus Psyllid, recorded using an EPG apparatus.",13,NA,NA,NA,NA,NA,NA,NA,NA,none
42,DISTORTEDLab2Cmac011215EPG6,042_UCR_Anomaly_DISTORTEDLab2Cmac011215EPG6_7000_12190_12420.txt,3eb98c85f8e2b3063900ecec683fcc63e3f2b66529f9cc768c423d8ea45b2886,29859,7000,12190,12420,12189,12420,7000,matlab_1based_inclusive,231,DISTORTED,True,False,EPG,False,EPG,source_line,True,"This is a real dataset from an insect, and Asian Citrus Psyllid, recorded using an EPG apparatus.",14,NA,NA,NA,NA,NA,NA,NA,NA,none
43,DISTORTEDMesoplodonDensirostris,043_UCR_Anomaly_DISTORTEDMesoplodonDensirostris_10000_19280_19440.txt,241271e6b255d97184928478470632deaa4525a0bd005f4f4f2b87ed4860b103,24667,10000,19280,19440,19279,19440,10000,matlab_1based_inclusive,161,DISTORTED,True,False,Acceleration,False,Acceleration,source_line,True,This data comes from an accelerometer attached to a Blainville's beaked whale.,54;100,NA,NA,NA,NA,NA,NA,NA,NA,none
44,DISTORTEDPowerDemand1,044_UCR_Anomaly_DISTORTEDPowerDemand1_9000_18485_18821.txt,a7ca3d07ad8d56e274197c5f617da49fb0176c438add92d58a1a97aaf0d8280d,29931,9000,18485,18821,18484,18821,9000,matlab_1based_inclusive,337,DISTORTED,True,False,Power Demand,False,Power Demand,source_line,True,The data comes from an Italian power demand dataset. (from 1/1/1995 to 5/31/1998),75,NA,NA,NA,NA,NA,NA,NA,NA,none
45,DISTORTEDPowerDemand2,045_UCR_Anomaly_DISTORTEDPowerDemand2_14000_23357_23717.txt,39e72cdcd0c18022f06012b49020bdc01bb0424a12a78f6fb1eeee7c4ff65e9e,29931,14000,23357,23717,23356,23717,14000,matlab_1based_inclusive,361,DISTORTED,True,False,Power Demand,False,Power Demand,source_line,True,The data comes from an Italian power demand dataset. (from 1/1/1995 to 5/31/1998),76,NA,NA,NA,NA,NA,NA,NA,NA,none
46,DISTORTEDPowerDemand3,046_UCR_Anomaly_DISTORTEDPowerDemand3_16000_23405_23477.txt,9810ba6b50d7d589b6d4c170bdf4b4d53f18ef8a1ecb41bd5f5cf4b0c00c0962,29931,16000,23405,23477,23404,23477,16000,matlab_1based_inclusive,73,DISTORTED,True,False,Power Demand,False,Power Demand,source_line,True,"The data comes from an Italian power demand dataset. (from 1/1/1995 to 5/31/1998) The red curve indicates the pig arterial blood pressure, and the yellow curve indicates the Italian power demand. These two curves look similar.",77,NA,NA,NA,NA,NA,NA,NA,NA,none
47,DISTORTEDPowerDemand4,047_UCR_Anomaly_DISTORTEDPowerDemand4_18000_24005_24077.txt,39394bdf1b84658899f86f6062838ecdba404c63c612b9d807fc573752e1aff6,29931,18000,24005,24077,24004,24077,18000,matlab_1based_inclusive,73,DISTORTED,True,False,Power Demand,False,Power Demand,source_line,True,Italian Power Demand,78,NA,NA,NA,NA,NA,NA,NA,NA,none
48,DISTORTEDTkeepFifthMARS,048_UCR_Anomaly_DISTORTEDTkeepFifthMARS_3500_5988_6085.txt,a93a5fa9a5c95f1a3e975f1bbc7cf8f6adac879b6d95d7605337b8e38798ae7e,11334,3500,5988,6085,5987,6085,3500,matlab_1based_inclusive,98,DISTORTED,True,False,NASA,False,NASA,source_line,True,"This is a real dataset from NASA spacecraft,  that appeared in a KDD 2018 paper.",19,NA,NA,NA,NA,NA,NA,NA,NA,none
49,DISTORTEDTkeepFirstMARS,049_UCR_Anomaly_DISTORTEDTkeepFirstMARS_3500_5365_5380.txt,b8c044c35a05bb686bd6062c4b36df2e866026d3ae549a5c7869bb980ada0b5f,11406,3500,5365,5380,5364,5380,3500,matlab_1based_inclusive,16,DISTORTED,True,False,NASA,False,NASA,source_line,True,"This is a real dataset from NASA spacecraft,  that appeared in a KDD 2018 paper.",15,NA,NA,NA,NA,NA,NA,NA,NA,none
50,DISTORTEDTkeepForthMARS,050_UCR_Anomaly_DISTORTEDTkeepForthMARS_3500_5988_6085.txt,b1013e448307799d8973b4e9596398332e3b85215cafb13cc8a1711b7cedd583,11308,3500,5988,6085,5987,6085,3500,matlab_1based_inclusive,98,DISTORTED,True,False,NASA,False,NASA,source_line,True,"This is a real dataset from NASA spacecraft,  that appeared in a KDD 2018 paper.",18,NA,NA,NA,NA,NA,NA,NA,NA,none
51,DISTORTEDTkeepSecondMARS,051_UCR_Anomaly_DISTORTEDTkeepSecondMARS_3500_9330_9340.txt,58196dccc482e44ce36dddc5cc59f04c63bb4b8effad8ce9f85681e8bd8b8b1f,11388,3500,9330,9340,9329,9340,3500,matlab_1based_inclusive,11,DISTORTED,True,False,NASA,False,NASA,source_line,True,"This is a real dataset from NASA spacecraft,  that appeared in a KDD 2018 paper.",16,NA,NA,NA,NA,NA,NA,NA,NA,none
52,DISTORTEDTkeepThirdMARS,052_UCR_Anomaly_DISTORTEDTkeepThirdMARS_3500_4711_4809.txt,cf4119f581310a6afadd01ef53dada8bbe197d56a8ed8fdece19eae106e1648d,11308,3500,4711,4809,4710,4809,3500,matlab_1based_inclusive,99,DISTORTED,True,False,NASA,False,NASA,source_line,True,"This is a real dataset from NASA spacecraft,  that appeared in a KDD 2018 paper.",17,NA,NA,NA,NA,NA,NA,NA,NA,none
53,DISTORTEDWalkingAceleration1,053_UCR_Anomaly_DISTORTEDWalkingAceleration1_1500_2764_2995.txt,fb9d208282ac882717053f3865ebf0e721964f61a63e9e7d0ca45990bffc8f64,6684,1500,2764,2995,2763,2995,1500,matlab_1based_inclusive,232,DISTORTED,True,False,Acceleration,False,Acceleration,source_line,True,"The dataset is built based on an activity recognition system benchmark data[2]. We extracted an acceleration data measured by the sensor when an experimental subject is walking. Since the acceleration is 3-dimensional, we obtained our data by averaging the values in x, y and z axes.",88,NA,NA,NA,NA,NA,NA,NA,NA,none
54,DISTORTEDWalkingAceleration5,054_UCR_Anomaly_DISTORTEDWalkingAceleration5_2700_5920_5979.txt,552c90f7228d92b7c3d6b86bcd1b754617131df814e24d88e5f8f5fdfb4f58a7,6684,2700,5920,5979,5919,5979,2700,matlab_1based_inclusive,60,DISTORTED,True,False,Acceleration,False,Acceleration,source_line,True,"The dataset is built based on an activity recognition system benchmark data[2]. We extracted an acceleration data measured by the sensor when an experimental subject is walking. Since the acceleration is 3-dimensional, we obtained our data by averaging the values in x, y and z axes.",89,NA,NA,NA,NA,NA,NA,NA,NA,none
55,DISTORTEDapneaecg2,055_UCR_Anomaly_DISTORTEDapneaecg2_10000_20950_21100.txt,9056ff4e0ae2f5c721f2ed861164063eb8f01fe805355b94183fdaec9353426e,38501,10000,20950,21100,20949,21100,10000,matlab_1based_inclusive,151,DISTORTED,True,False,ECG,True,ECG,source_line,True,"Selected input: record apnea-ecg/b05 , annotator apn , from 1:03:20.000 to 2:03:20.000 | Apnea-ECG Database (apnea-ecg)",58,NA,NA,NA,NA,NA,NA,NA,NA,none
56,DISTORTEDapneaecg3,056_UCR_Anomaly_DISTORTEDapneaecg3_5000_11111_11211.txt,034d2da9ce10bdc96915d7b6cff81966beaa4acb93f7530564f18b28b68d7b0a,38379,5000,11111,11211,11110,11211,5000,matlab_1based_inclusive,101,DISTORTED,True,False,ECG,True,ECG,source_line,True,"Selected input: record apnea-ecg/b05 , annotator apn , from 1:03:20.000 to 2:03:20.000 | Apnea-ECG Database (apnea-ecg)",59,NA,NA,NA,NA,NA,NA,NA,NA,none
57,DISTORTEDapneaecg4,057_UCR_Anomaly_DISTORTEDapneaecg4_6000_16000_16100.txt,b619fbd2c69a2dad77feabd80ae75058b614d655e5b78d0a929c42e8ce3371dd,38269,6000,16000,16100,15999,16100,6000,matlab_1based_inclusive,101,DISTORTED,True,False,ECG,True,ECG,source_line,True,"Selected input: record apnea-ecg/b05 , annotator apn , from 1:03:20.000 to 2:03:20.000 | Apnea-ECG Database (apnea-ecg)",60,NA,NA,NA,NA,NA,NA,NA,NA,none
58,DISTORTEDapneaecg,058_UCR_Anomaly_DISTORTEDapneaecg_10000_12240_12308.txt,56d2afe698783adc102e742623206dbaff27dcfe8570ad0dcde06e1de51734b6,38501,10000,12240,12308,12239,12308,10000,matlab_1based_inclusive,69,DISTORTED,True,False,ECG,True,ECG,source_line,True,"Selected input: record apnea-ecg/b05 , annotator apn , from 1:03:20.000 to 2:03:20.000 | Apnea-ECG Database (apnea-ecg)",57,NA,NA,NA,NA,NA,NA,NA,NA,none
59,DISTORTEDgait1,059_UCR_Anomaly_DISTORTEDgait1_20000_38500_38800.txt,e4d5b4e84913b24f193a6b90d2982c0a26971fb8cfc4f3e58205106106af1852,65000,20000,38500,38800,38499,38800,20000,matlab_1based_inclusive,301,DISTORTED,True,False,Gait,False,Gait,source_line,True,"Selected input: record gaitndd/hunt14 , from 0:00.000 to 5:00.000 | Gait in Neurodegenerative Disease Database (gaitndd)",24,NA,NA,NA,NA,NA,NA,NA,NA,none
60,DISTORTEDgait2,060_UCR_Anomaly_DISTORTEDgait2_22000_46500_46800.txt,17fedf5e1159899f9333a6eb74326d28e7231689740359fb1c03185408aff4da,65000,22000,46500,46800,46499,46800,22000,matlab_1based_inclusive,301,DISTORTED,True,False,Gait,False,Gait,source_line,True,"Selected input: record gaitndd/hunt14 , from 0:00.000 to 5:00.000 | Gait in Neurodegenerative Disease Database (gaitndd)",25,NA,NA,NA,NA,NA,NA,NA,NA,none
61,DISTORTEDgait3,061_UCR_Anomaly_DISTORTEDgait3_24500_59900_60500.txt,e0529205646fff9cd6a0690617c7052771143774937dffbbab1c9207e3fd805a,65000,24500,59900,60500,59899,60500,24500,matlab_1based_inclusive,601,DISTORTED,True,False,Gait,False,Gait,source_line,True,"Selected input: record gaitndd/hunt14 , from 0:00.000 to 5:00.000 | Gait in Neurodegenerative Disease Database (gaitndd)",26,NA,NA,NA,NA,NA,NA,NA,NA,none
62,DISTORTEDgaitHunt1,062_UCR_Anomaly_DISTORTEDgaitHunt1_18500_33070_33180.txt,969c1876508d1c0926944e31dcbfad4eb19b1ad3b44dc35d1a430a508903187e,64000,18500,33070,33180,33069,33180,18500,matlab_1based_inclusive,111,DISTORTED,True,False,Gait,False,Gait,source_line,True,"Selected input: record gaitndd/hunt17 , from 0:00.000 to 5:00.000 | Gait in Neurodegenerative Disease Database (gaitndd)",20,NA,NA,NA,NA,NA,NA,NA,NA,none
63,DISTORTEDgaitHunt2,063_UCR_Anomaly_DISTORTEDgaitHunt2_18500_31200_31850.txt,2414c00fdf139963e748c9474617829cdbe813c9ec73b59bd8b4c69994828251,64000,18500,31200,31850,31199,31850,18500,matlab_1based_inclusive,651,DISTORTED,True,False,Gait,False,Gait,source_line,True,"Selected input: record gaitndd/hunt17 , from 0:00.000 to 5:00.000 | Gait in Neurodegenerative Disease Database (gaitndd)",21,NA,NA,NA,NA,NA,NA,NA,NA,none
64,DISTORTEDgaitHunt3,064_UCR_Anomaly_DISTORTEDgaitHunt3_23400_38400_39200.txt,a78e2c7d6f11f16703b6e6ffa00e8f85ae87914b3a3eb8652cae09a542fd4982,64000,23400,38400,39200,38399,39200,23400,matlab_1based_inclusive,801,DISTORTED,True,False,Gait,False,Gait,source_line,True,"Selected input: record gaitndd/hunt17 , from 0:00.000 to 5:00.000 | Gait in Neurodegenerative Disease Database (gaitndd)",22,NA,NA,NA,NA,NA,NA,NA,NA,none
65,DISTORTEDinsectEPG1,065_UCR_Anomaly_DISTORTEDinsectEPG1_3000_7000_7030.txt,8a7441fde208ec79fa41fb5c0c05df3b531792fee8ab359440c4404b4c5fc8fc,10001,3000,7000,7030,6999,7030,3000,matlab_1based_inclusive,31,DISTORTED,True,False,EPG,False,EPG,source_line,True,"This is an insect EPG dataset, an Asian Citrus Psyllid.",47,NA,NA,NA,NA,NA,NA,NA,NA,none
66,DISTORTEDinsectEPG2,066_UCR_Anomaly_DISTORTEDinsectEPG2_3700_8000_8025.txt,ad103a4f8a0f30f07dd022dc8753a71a60a0ac9609a6523edb6468043a8e2605,9998,3700,8000,8025,7999,8025,3700,matlab_1based_inclusive,26,DISTORTED,True,False,EPG,False,EPG,source_line,True,"This is an insect EPG dataset, an Asian Citrus Psyllid.",48,NA,NA,NA,NA,NA,NA,NA,NA,none
67,DISTORTEDinsectEPG3,067_UCR_Anomaly_DISTORTEDinsectEPG3_5200_7000_7050.txt,523f307c81aad1e40a91a0d7f2569f381ddba412f2b397226b44905d1078aa86,9998,5200,7000,7050,6999,7050,5200,matlab_1based_inclusive,51,DISTORTED,True,False,EPG,False,EPG,source_line,True,"This is an insect EPG dataset, an Asian Citrus Psyllid.",49,NA,NA,NA,NA,NA,NA,NA,NA,none
68,DISTORTEDinsectEPG4,068_UCR_Anomaly_DISTORTEDinsectEPG4_1300_6508_6558.txt,7cd52f1ab6af8aeef1fdaf208607d36350ddf4ccc065cf3c9874d61629ffe62c,9998,1300,6508,6558,6507,6558,1300,matlab_1based_inclusive,51,DISTORTED,True,False,EPG,False,EPG,source_line,True,"This is an insect EPG dataset, an Asian Citrus Psyllid.",50,NA,NA,NA,NA,NA,NA,NA,NA,none
69,DISTORTEDinsectEPG5,069_UCR_Anomaly_DISTORTEDinsectEPG5_3200_8500_8501.txt,f987bbe39e02265c3bbf6ebc0eed2b4e9cd39e7eb4a1bf9340313715580efdaf,10028,3200,8500,8501,8499,8501,3200,matlab_1based_inclusive,2,DISTORTED,True,False,EPG,False,EPG,source_line,True,"This is an insect EPG dataset, an Asian Citrus Psyllid.",51,NA,NA,NA,NA,NA,NA,NA,NA,none
70,DISTORTEDltstdbs30791AI,070_UCR_Anomaly_DISTORTEDltstdbs30791AI_17555_52600_52800.txt,e58040b17f807cdf8660574c7d20f8ccecf405ce848ca936cb47c3f545d5868a,56123,17555,52600,52800,52599,52800,17555,matlab_1based_inclusive,201,DISTORTED,True,False,ECG,True,ECG,source_line,True,"This dataset contains normal beats, with a single ventricular beat between  52600 and 52800.",65,NA,NA,NA,NA,NA,NA,NA,NA,none
71,DISTORTEDltstdbs30791AS,071_UCR_Anomaly_DISTORTEDltstdbs30791AS_23000_52600_52800.txt,0b99f53b29cbe01706f5f0389554c8c876f87d3f47f7fb0773672595dd1336fa,55000,23000,52600,52800,52599,52800,23000,matlab_1based_inclusive,201,DISTORTED,True,False,ECG,True,ECG,source_line,True,"This dataset contains normal beats, with a single ventricular beat between  52600 and 52800.",64,NA,NA,NA,NA,NA,NA,NA,NA,none
72,DISTORTEDltstdbs30791ES,072_UCR_Anomaly_DISTORTEDltstdbs30791ES_20000_52600_52800.txt,da6888f980d4ecd9f90fcebe4c5f5d15ca4b6f071284ed0164cc9f6b15aed761,55000,20000,52600,52800,52599,52800,20000,matlab_1based_inclusive,201,DISTORTED,True,False,ECG,True,ECG,source_line,True,"This dataset contains normal beats, with a single ventricular beat between  52600 and 52800.",63,NA,NA,NA,NA,NA,NA,NA,NA,none
73,DISTORTEDpark3m,073_UCR_Anomaly_DISTORTEDpark3m_60000_72150_72495.txt,a9a749b18f4b69fa17371a44c54de64518de76199926e238919046970bd72111,90000,60000,72150,72495,72149,72495,60000,matlab_1based_inclusive,346,DISTORTED,True,False,Gait,False,Gait,source_line,True,"Selected input: record gaitndd/park3 , from 0:00.000 to 5:00.000 | Gait in Neurodegenerative Disease Database (gaitndd)",56,NA,NA,NA,NA,NA,NA,NA,NA,none
74,DISTORTEDqtdbSel1005V,074_UCR_Anomaly_DISTORTEDqtdbSel1005V_4000_12400_12800.txt,30b4ca1b33219240fb8125e1eb3b1f3d3c6dab54505794aed71f77ab0658cd88,36001,4000,12400,12800,12399,12800,4000,matlab_1based_inclusive,401,DISTORTED,True,False,ECG,True,ECG,source_line,True,"Selected input: record qtdb/sel100 , annotator atr , from 0:50.000 to 1:00.000 | QT Database (qtdb)",67,NA,NA,NA,NA,NA,NA,NA,NA,none
75,DISTORTEDqtdbSel100MLII,075_UCR_Anomaly_DISTORTEDqtdbSel100MLII_4000_13400_13800.txt,8b963d85f6b0c1216905e96d786c8cf88574ee65e03493383a5cfbbf5b478ba8,30000,4000,13400,13800,13399,13800,4000,matlab_1based_inclusive,401,DISTORTED,True,False,ECG,True,ECG,source_line,True,"Selected input: record qtdb/sel100 , annotator atr , from 0:50.000 to 1:00.000 | QT Database (qtdb)",66,NA,NA,NA,NA,NA,NA,NA,NA,none
76,DISTORTEDresperation10,076_UCR_Anomaly_DISTORTEDresperation10_48000_130700_131880.txt,928e07f4ed9ebaa9172442d83163d2910ec67566784668b3326a461ebdab5aee,195000,48000,130700,131880,130699,131880,48000,matlab_1based_inclusive,1181,DISTORTED,True,False,RESP,True,RESP,source_line,True,"Selected input: record mimicdb/037/037 , annotator abp , from [13:30:35.000 14/08/1994] to [14:30:35.000 14/08/1994] | MIMIC Database (mimicdb)",45,NA,NA,NA,NA,NA,NA,NA,NA,none
77,DISTORTEDresperation11,077_UCR_Anomaly_DISTORTEDresperation11_58000_110800_110801.txt,1a4579a125c16ae2bee77e374c904b79d4b70ed274c64fc15f0a509ee8831e5f,195000,58000,110800,110801,110799,110801,58000,matlab_1based_inclusive,2,DISTORTED,True,False,RESP,True,RESP,source_line,True,"Selected input: record mimicdb/037/037 , annotator abp , from [13:30:35.000 14/08/1994] to [14:30:35.000 14/08/1994] | MIMIC Database (mimicdb)",46,NA,NA,NA,NA,NA,NA,NA,NA,none
78,DISTORTEDresperation1,078_UCR_Anomaly_DISTORTEDresperation1_100000_110260_110412.txt,b2c72cf631268a469e90106a63efb911b499aceb7ec7149d48b692bb7f1e7a41,200000,100000,110260,110412,110259,110412,100000,matlab_1based_inclusive,153,DISTORTED,True,False,RESP,True,RESP,source_line,True,"Selected input: record mimicdb/037/037 , annotator abp , from [13:30:35.000 14/08/1994] to [14:30:35.000 14/08/1994] | MIMIC Database (mimicdb)",2;39,NA,NA,NA,NA,NA,NA,NA,NA,none
79,DISTORTEDresperation2,079_UCR_Anomaly_DISTORTEDresperation2_30000_168250_168250.txt,9b1c5b263bd3488c63d2e9cea88f82a98c08cce326631a117d7e957710beb620,200051,30000,168250,168250,168249,168250,30000,matlab_1based_inclusive,1,DISTORTED,True,False,RESP,True,RESP,source_line,True,"Selected input: record mimicdb/037/037 , annotator abp , from [13:30:35.000 14/08/1994] to [14:30:35.000 14/08/1994] | MIMIC Database (mimicdb)",40,NA,NA,NA,NA,NA,NA,NA,NA,DECK_FIELDS_DIFFER
80,DISTORTEDresperation2,080_UCR_Anomaly_DISTORTEDresperation2_30000_168250_168251.txt,7c274cb483f86c92a508a75e42a1824e811de17adccfd932d653a8f61145ce9d,190050,30000,168250,168251,168249,168251,30000,matlab_1based_inclusive,2,DISTORTED,True,False,RESP,True,RESP,source_line,True,"Selected input: record mimicdb/037/037 , annotator abp , from [13:30:35.000 14/08/1994] to [14:30:35.000 14/08/1994] | MIMIC Database (mimicdb)",40,NA,NA,NA,NA,NA,NA,NA,NA,none
81,DISTORTEDresperation3,081_UCR_Anomaly_DISTORTEDresperation3_45000_158250_158251.txt,30ab10f0387706be945aadc400a30b5cbf8edc0a21d52bc21c9e57a111aa6ebe,190100,45000,158250,158251,158249,158251,45000,matlab_1based_inclusive,2,DISTORTED,True,False,RESP,True,RESP,source_line,True,"Selected input: record mimicdb/037/037 , annotator abp , from [13:30:35.000 14/08/1994] to [14:30:35.000 14/08/1994] | MIMIC Database (mimicdb)",41,NA,NA,NA,NA,NA,NA,NA,NA,none
82,DISTORTEDresperation4,082_UCR_Anomaly_DISTORTEDresperation4_70000_128430_128431.txt,2e114686688e0415c22d48f109540f4c282d3be97a41a4e9ce41c162b1afdd0f,195250,70000,128430,128431,128429,128431,70000,matlab_1based_inclusive,2,DISTORTED,True,False,RESP,True,RESP,source_line,True,"Selected input: record mimicdb/037/037 , annotator abp , from [13:30:35.000 14/08/1994] to [14:30:35.000 14/08/1994] | MIMIC Database (mimicdb)",42,NA,NA,NA,NA,NA,NA,NA,NA,none
83,DISTORTEDresperation9,083_UCR_Anomaly_DISTORTEDresperation9_38000_143411_143511.txt,b9432d2b2dc707348ac701ad6ef3de4194f00cf83e5188cd0591da289a4eb222,195000,38000,143411,143511,143410,143511,38000,matlab_1based_inclusive,101,DISTORTED,True,False,RESP,True,RESP,source_line,True,"Selected input: record mimicdb/037/037 , annotator abp , from [13:30:35.000 14/08/1994] to [14:30:35.000 14/08/1994] | MIMIC Database (mimicdb)",44,NA,NA,NA,NA,NA,NA,NA,NA,none
84,DISTORTEDs20101mML2,084_UCR_Anomaly_DISTORTEDs20101mML2_12000_35774_35874.txt,cd871eec0f583d2f41fa673532730b9965bfa98968fc8675b960c21912b76bb8,40000,12000,35774,35874,35773,35874,12000,matlab_1based_inclusive,101,DISTORTED,True,False,ECG,True,ECG,source_line,True,"Selected input: record ltstdb/s20101 , annotator atr , from [10:25:40.000 01/11/1994] to [10:25:50.000 01/11/1994] | Long Term ST Database (ltstdb)",62,NA,NA,NA,NA,NA,NA,NA,NA,none
85,DISTORTEDs20101m,085_UCR_Anomaly_DISTORTEDs20101m_10000_35774_35874.txt,7b6ec96ee3f38e759d14f3914c5b0f86efe89eb420666f436eaa902ea03cb6be,40000,10000,35774,35874,35773,35874,10000,matlab_1based_inclusive,101,DISTORTED,True,False,ECG,True,ECG,source_line,True,"Selected input: record ltstdb/s20101 , annotator atr , from [10:25:40.000 01/11/1994] to [10:25:50.000 01/11/1994] | Long Term ST Database (ltstdb)",61,NA,NA,NA,NA,NA,NA,NA,NA,none
86,DISTORTEDsddb49,086_UCR_Anomaly_DISTORTEDsddb49_20000_67950_68200.txt,9484a1baeb8e61873bc1a7af94f21fbcba409dd3990889d7379e4adc5ca5c034,80000,20000,67950,68200,67949,68200,20000,matlab_1based_inclusive,251,DISTORTED,True,False,ECG,True,ECG,source_line,True,"Selected input: record sddb/49 , annotator atr , from [17:01:50.000] to [18:01:50.000] | Sudden Cardiac Death Holter Database (sddb)",27,NA,NA,NA,NA,NA,NA,NA,NA,none
87,DISTORTEDsel840mECG1,087_UCR_Anomaly_DISTORTEDsel840mECG1_17000_51370_51740.txt,aca05d00079158f999d02eab7ef3d3e4d6212414111551c3ff7ff0c92edf150f,60000,17000,51370,51740,51369,51740,17000,matlab_1based_inclusive,371,DISTORTED,True,False,ECG,True,ECG,source_line,True,"Selected input: record qtdb/sel840 , annotator atr , from 0:10.000 to 14:59.996 | QT Database (qtdb)",68,NA,NA,NA,NA,NA,NA,NA,NA,none
88,DISTORTEDsel840mECG2,088_UCR_Anomaly_DISTORTEDsel840mECG2_20000_49370_49740.txt,b9f8a964773f1be81dce39bae7e9cd6f459e28e5b5d9e01336ab4932a8f28704,57001,20000,49370,49740,49369,49740,20000,matlab_1based_inclusive,371,DISTORTED,True,False,ECG,True,ECG,source_line,True,"Selected input: record qtdb/sel840 , annotator atr , from 0:10.000 to 14:59.996 | QT Database (qtdb)",69,NA,NA,NA,NA,NA,NA,NA,NA,none
89,DISTORTEDtiltAPB1,089_UCR_Anomaly_DISTORTEDtiltAPB1_100000_114283_114350.txt,4f4984e84ed00e12c9a6c4ad3561ce0eebaa864266fd9baab666745e1cdae71c,130001,100000,114283,114350,114282,114350,100000,matlab_1based_inclusive,68,DISTORTED,True,False,ABP,True,ABP,source_line,True,The data comes from a healthy male on a tilt table.,5;31,NA,NA,NA,NA,NA,NA,NA,NA,none
90,DISTORTEDtiltAPB2,090_UCR_Anomaly_DISTORTEDtiltAPB2_50000_124159_124985.txt,535574833feb1f3af8b834ea5675dd132b146705d2a3edd3fca92f5710637ec7,128767,50000,124159,124985,124158,124985,50000,matlab_1based_inclusive,827,DISTORTED,True,False,ABP,True,ABP,source_line,True,The data comes from a healthy male on a tilt table.,32,NA,NA,NA,NA,NA,NA,NA,NA,none
91,DISTORTEDtiltAPB3,091_UCR_Anomaly_DISTORTEDtiltAPB3_40000_114000_114370.txt,ad3ca29dcca3024f277815291c26c9df2c49b07cbef545e67db583ded7331da6,129489,40000,114000,114370,113999,114370,40000,matlab_1based_inclusive,371,DISTORTED,True,False,ABP,True,ABP,source_line,True,The data comes from a healthy male on a tilt table.,33,NA,NA,NA,NA,NA,NA,NA,NA,none
92,DISTORTEDtiltAPB4,092_UCR_Anomaly_DISTORTEDtiltAPB4_20000_67995_67996.txt,2653ba05eaf57ed53271e45b561de5eec3d981702af40459ae7330879159a8ad,128001,20000,67995,67996,67994,67996,20000,matlab_1based_inclusive,2,DISTORTED,True,False,ABP,True,ABP,source_line,True,The data comes from a healthy male on a tilt table.,34,NA,NA,NA,NA,NA,NA,NA,NA,none
93,NOISE1sddb40,093_UCR_Anomaly_NOISE1sddb40_35000_52000_52620.txt,35347097c5c7af99a25302c3ab335f51c8159f4968514dd67382c07d19269892,79795,35000,52000,52620,51999,52620,35000,matlab_1based_inclusive,621,NOISE,False,True,ECG,True,ECG,source_line,True,"Selected input: record sddb/40 , annotator atr , from [03:27:00.000 1] to [04:27:00.000 1] | Sudden Cardiac Death Holter Database (sddb)",28,NA,NA,NA,NA,NA,NA,NA,NA,none
94,NOISEBIDMC1,094_UCR_Anomaly_NOISEBIDMC1_2500_5400_5600.txt,4c304300bb128007891d08cb0777cd0d863f2284aa6347e78be3f88d028732fc,11000,2500,5400,5600,5399,5600,2500,matlab_1based_inclusive,201,NOISE,False,True,ECG,True,PPG (bidmc),source_line,False,"Selected input: record bidmc/bidmc01 , annotator ann1 , from 0:00.000 to 1:00.000",55,NA,NA,NA,NA,NA,NA,NA,NA,DOMAIN_DISAGREE
95,NOISECIMIS44AirTemperature4,095_UCR_Anomaly_NOISECIMIS44AirTemperature4_4000_5549_5597.txt,01f3d58b115c0b55361d99c1456f402a379da3d4b09d7a8996a2c011ed1b5312,8184,4000,5549,5597,5548,5597,4000,matlab_1based_inclusive,49,NOISE,False,True,Air Temperature,False,Air Temperature,source_line,True,The data comes from the public weather data report from CIMIS station 44 in Riverside [1].,97,NA,NA,NA,NA,NA,NA,NA,NA,DECK_FIELDS_DIFFER
96,NOISEECG4,096_UCR_Anomaly_NOISEECG4_5000_16900_17100.txt,5b723c125d9e1d1c01c0ed1847e6b1e12d3cabeb934ea57db41b93a795a1314d,30000,5000,16900,17100,16899,17100,5000,matlab_1based_inclusive,201,NOISE,False,True,ECG,True,ECG,source_line,True,"Selected input: record afpdb/n20 , annotator qrs , from 9:50.000 to 30:00.000 | PAF Prediction Challenge Database (afpdb)",38;100,NA,NA,NA,NA,NA,NA,NA,NA,DECK_FIELDS_DIFFER
97,NOISEGP711MarkerLFM5z3,097_UCR_Anomaly_NOISEGP711MarkerLFM5z3_5000_5948_5993.txt,2adb060a70f5c070439392b00bd310342ec09b8f41def9913994c2bc1eece163,12000,5000,5948,5993,5947,5993,5000,matlab_1based_inclusive,46,NOISE,False,True,Gait,False,Gait,source_line,True,The data comes from subject 7 in the GaitPhase Database [1]. The subject was required to walk,92,NA,NA,NA,NA,NA,NA,NA,NA,DECK_FIELDS_DIFFER
98,NOISEInternalBleeding16,098_UCR_Anomaly_NOISEInternalBleeding16_1200_4187_4199.txt,06f923ba22247e602ba40b2b4e616d39b02f37beea50a3a94e4081c814734c75,7501,1200,4187,4199,4186,4199,1200,matlab_1based_inclusive,13,NOISE,False,True,ABP,True,ABP,source_line,True,"The data comes from an internal bleeding dataset[1]. From the dataset, we extracted the arterial blood pressure measurements of pigs.",70,NA,NA,NA,NA,NA,NA,NA,NA,none
99,NOISEInternalBleeding6,099_UCR_Anomaly_NOISEInternalBleeding6_1500_3474_3629.txt,996063dd0fd67c79cce0b49f80a61e3f67bbb50e00ec437e2ffdb23114f956ea,7654,1500,3474,3629,3473,3629,1500,matlab_1based_inclusive,156,NOISE,False,True,ABP,True,ABP,source_line,True,"The data comes from an internal bleeding dataset[1]. From the dataset, we extracted the arterial blood pressure measurements of pigs.",81,NA,NA,NA,NA,NA,NA,NA,NA,none
100,NOISELab2Cmac011215EPG1,100_UCR_Anomaly_NOISELab2Cmac011215EPG1_5000_17210_17260.txt,8a9d4725fc1b4663eb02907b31e25a664ef0c652646fc1438a7c30e04b7f0488,30001,5000,17210,17260,17209,17260,5000,matlab_1based_inclusive,51,NOISE,False,True,EPG,False,EPG,source_line,True,"This is a real dataset from an insect, and Asian Citrus Psyllid, recorded using an EPG apparatus.",9,NA,NA,NA,NA,NA,NA,NA,NA,none
101,NOISELab2Cmac011215EPG4,101_UCR_Anomaly_NOISELab2Cmac011215EPG4_6000_17390_17520.txt,9e5418d0004d2f41c6e1f285dee53dd5c77765f0ce4be8b070d29d1cbe7fa852,30066,6000,17390,17520,17389,17520,6000,matlab_1based_inclusive,131,NOISE,False,True,EPG,False,EPG,source_line,True,"This is a real dataset from an insect, and Asian Citrus Psyllid, recorded using an EPG apparatus.",12,NA,NA,NA,NA,NA,NA,NA,NA,none
102,NOISEMesoplodonDensirostris,102_UCR_Anomaly_NOISEMesoplodonDensirostris_10000_19280_19440.txt,72c78e33f07dfa6f9c83096fcc3c4d2d7002bdb50293fc57f371841dccb50c93,24667,10000,19280,19440,19279,19440,10000,matlab_1based_inclusive,161,NOISE,False,True,Acceleration,False,Acceleration,source_line,True,This data comes from an accelerometer attached to a Blainville's beaked whale.,54;100,NA,NA,NA,NA,NA,NA,NA,NA,none
103,NOISETkeepThirdMARS,103_UCR_Anomaly_NOISETkeepThirdMARS_3500_4711_4809.txt,de1205fb960a0126f9450661e6cf91b708d5e5c24b3f6c91282d2acc49eb8a75,11308,3500,4711,4809,4710,4809,3500,matlab_1based_inclusive,99,NOISE,False,True,NASA,False,NASA,source_line,True,"This is a real dataset from NASA spacecraft,  that appeared in a KDD 2018 paper.",17,NA,NA,NA,NA,NA,NA,NA,NA,none
104,NOISEapneaecg4,104_UCR_Anomaly_NOISEapneaecg4_6000_16000_16100.txt,781d3517d0ca30f77500449c9782b59999d338e2c24a50bf32f36dbf7579ccb2,38269,6000,16000,16100,15999,16100,6000,matlab_1based_inclusive,101,NOISE,False,True,ECG,True,ECG,source_line,True,"Selected input: record apnea-ecg/b05 , annotator apn , from 1:03:20.000 to 2:03:20.000 | Apnea-ECG Database (apnea-ecg)",60,NA,NA,NA,NA,NA,NA,NA,NA,none
105,NOISEgait3,105_UCR_Anomaly_NOISEgait3_24500_59900_60500.txt,1423d3c337bd9e99f96562f9cdabb51cc84fbee65a063a5a7b79214745761bdf,65000,24500,59900,60500,59899,60500,24500,matlab_1based_inclusive,601,NOISE,False,True,Gait,False,Gait,source_line,True,"Selected input: record gaitndd/hunt14 , from 0:00.000 to 5:00.000 | Gait in Neurodegenerative Disease Database (gaitndd)",26,NA,NA,NA,NA,NA,NA,NA,NA,none
106,NOISEgaitHunt2,106_UCR_Anomaly_NOISEgaitHunt2_18500_31200_31850.txt,3d1006255185d645cc6d9a2f50ae8a30677c0169d3a647433d9af4d3fd4b4974,64000,18500,31200,31850,31199,31850,18500,matlab_1based_inclusive,651,NOISE,False,True,Gait,False,Gait,source_line,True,"Selected input: record gaitndd/hunt17 , from 0:00.000 to 5:00.000 | Gait in Neurodegenerative Disease Database (gaitndd)",21,NA,NA,NA,NA,NA,NA,NA,NA,none
107,NOISEinsectEPG3,107_UCR_Anomaly_NOISEinsectEPG3_5200_7000_7050.txt,8d36127e154d71d9738e61432f3ae54dd571563dcded23798ab71276ab1756f7,9998,5200,7000,7050,6999,7050,5200,matlab_1based_inclusive,51,NOISE,False,True,EPG,False,EPG,source_line,True,"This is an insect EPG dataset, an Asian Citrus Psyllid.",49,NA,NA,NA,NA,NA,NA,NA,NA,none
108,NOISEresperation2,108_UCR_Anomaly_NOISEresperation2_30000_168250_168250.txt,a11d3200eb13303976a709dbf5fc68fe343d2c062274861065e32fc7ecf4180c,200051,30000,168250,168250,168249,168250,30000,matlab_1based_inclusive,1,NOISE,False,True,RESP,True,RESP,source_line,True,"Selected input: record mimicdb/037/037 , annotator abp , from [13:30:35.000 14/08/1994] to [14:30:35.000 14/08/1994] | MIMIC Database (mimicdb)",40,NA,NA,NA,NA,NA,NA,NA,NA,DECK_FIELDS_DIFFER
109,1sddb40,109_UCR_Anomaly_1sddb40_35000_52000_52620.txt,c053d8bd208c0714fc4ddecbb69f401ed3e3aa5748f965c7b824f2a9209e723e,79795,35000,52000,52620,51999,52620,35000,matlab_1based_inclusive,621,plain,False,False,ECG,True,ECG,source_line,True,"Selected input: record sddb/40 , annotator atr , from [03:27:00.000 1] to [04:27:00.000 1] | Sudden Cardiac Death Holter Database (sddb)",28,NA,NA,NA,NA,NA,NA,NA,NA,none
110,2sddb40,110_UCR_Anomaly_2sddb40_35000_56600_56900.txt,cf909cb2238c9851cc164a23bbbfd50b09226427c61a74d022c4e210064b8f29,80001,35000,56600,56900,56599,56900,35000,matlab_1based_inclusive,301,plain,False,False,ECG,True,ECG,source_line,True,"Selected input: record sddb/40 , annotator atr , from [03:27:00.000 1] to [04:27:00.000 1] | Sudden Cardiac Death Holter Database (sddb)",29,NA,NA,NA,NA,NA,NA,NA,NA,none
111,3sddb40,111_UCR_Anomaly_3sddb40_35000_46600_46900.txt,413275b1b4b7b1f671ed8d7faae433f2f0891a7b373b1b97d5364903c75b142f,80000,35000,46600,46900,46599,46900,35000,matlab_1based_inclusive,301,plain,False,False,ECG,True,ECG,source_line,True,"Selected input: record sddb/40 , annotator atr , from [03:27:00.000 1] to [04:27:00.000 1] | Sudden Cardiac Death Holter Database (sddb)",30,NA,NA,NA,NA,NA,NA,NA,NA,none
112,BIDMC1,112_UCR_Anomaly_BIDMC1_2500_5400_5600.txt,e96e3b8c49967eadae8336ba2969982c9fa6b6467324cf2b9d51e100d9e1603f,11000,2500,5400,5600,5399,5600,2500,matlab_1based_inclusive,201,plain,False,False,ECG,True,PPG (bidmc),source_line,False,"Selected input: record bidmc/bidmc01 , annotator ann1 , from 0:00.000 to 1:00.000",55,NA,NA,NA,NA,NA,NA,NA,NA,DOMAIN_DISAGREE
113,CIMIS44AirTemperature1,113_UCR_Anomaly_CIMIS44AirTemperature1_4000_5391_5392.txt,e1dd9e26e6e7156aa3616aa44123061064e9ef3a8ea32b05e7d328fce1caa0ed,8184,4000,5391,5392,5390,5392,4000,matlab_1based_inclusive,2,plain,False,False,Air Temperature,False,NA,none,NA,NA,NA,NA,NA,NA,NA,NA,NA,NA,NA,NOT_IN_DECK;DOMAIN_OFFICIAL_NA
114,CIMIS44AirTemperature2,114_UCR_Anomaly_CIMIS44AirTemperature2_4000_5703_5727.txt,5918c56c99ebc6a7f13b99a7af2c5257f1b72e306738c1b91a98838612a11e84,8184,4000,5703,5727,5702,5727,4000,matlab_1based_inclusive,25,plain,False,False,Air Temperature,False,Air Temperature,source_line,True,The data comes from the public weather data report from CIMIS station 44 in Riverside [1].,95,NA,NA,NA,NA,NA,NA,NA,NA,none
115,CIMIS44AirTemperature3,115_UCR_Anomaly_CIMIS44AirTemperature3_4000_6520_6544.txt,2dc0f651cb8ecfe269153b096f56f1861040f4c4b9c8a2b81a7b91090eedfb1b,8184,4000,6520,6544,6519,6544,4000,matlab_1based_inclusive,25,plain,False,False,Air Temperature,False,Air Temperature,source_line,True,The data comes from the public weather data report from CIMIS station 44 in Riverside [1].,96,NA,NA,NA,NA,NA,NA,NA,NA,none
116,CIMIS44AirTemperature4,116_UCR_Anomaly_CIMIS44AirTemperature4_4000_5549_5597.txt,ffa32034a6d7c84b96f9c140d0fa78ab467802b3c1595fa60c654b685b41f3c3,8184,4000,5549,5597,5548,5597,4000,matlab_1based_inclusive,49,plain,False,False,Air Temperature,False,Air Temperature,source_line,True,The data comes from the public weather data report from CIMIS station 44 in Riverside [1].,97,NA,NA,NA,NA,NA,NA,NA,NA,DECK_FIELDS_DIFFER
117,CIMIS44AirTemperature5,117_UCR_Anomaly_CIMIS44AirTemperature5_4000_4852_4900.txt,0a093996e7aaeddebde1e84c33282fe27473bf702b403a83615cbf7a178b1a45,8184,4000,4852,4900,4851,4900,4000,matlab_1based_inclusive,49,plain,False,False,Air Temperature,False,Air Temperature,source_line,True,The data comes from the public weather data report from CIMIS station 44 in Riverside [1].,98,NA,NA,NA,NA,NA,NA,NA,NA,none
118,CIMIS44AirTemperature6,118_UCR_Anomaly_CIMIS44AirTemperature6_4000_6006_6054.txt,8915825b8b9aa0b58d745aa6846caeade733b6681b72b8c165735a744152e8cf,8184,4000,6006,6054,6005,6054,4000,matlab_1based_inclusive,49,plain,False,False,Air Temperature,False,Air Temperature,source_line,True,The data comes from the public weather data report from CIMIS station 44 in Riverside [1].,99,NA,NA,NA,NA,NA,NA,NA,NA,none
119,ECG1,119_UCR_Anomaly_ECG1_10000_11800_12100.txt,f490ab448e710fe3e3796ca87ae00d41eb0ccc8fd3e01782c7d68cb2f09f9192,30000,10000,11800,12100,11799,12100,10000,matlab_1based_inclusive,301,plain,False,False,ECG,True,ECG,source_line,True,"Selected input: record afpdb/n04 , annotator qrs , from 8:10.000 to 8:20.000 | PAF Prediction Challenge Database (afpdb)",35,NA,NA,NA,NA,NA,NA,NA,NA,none
120,ECG2,120_UCR_Anomaly_ECG2_15000_16000_16100.txt,c58e4e6be1c53f3072ec1811baeb4c3b5b21d110b99f04c5077713b2b48799c9,30000,15000,16000,16100,15999,16100,15000,matlab_1based_inclusive,101,plain,False,False,ECG,True,ECG,source_line,True,"Selected input: record afpdb/n04 , annotator qrs , from 8:10.000 to 8:20.000 | PAF Prediction Challenge Database (afpdb)",36,NA,NA,NA,NA,NA,NA,NA,NA,none
121,ECG3,121_UCR_Anomaly_ECG3_15000_16000_16100.txt,130c63881719993c18d634f8401464cf3dc636406d62a44104e0a36683c02ec4,30000,15000,16000,16100,15999,16100,15000,matlab_1based_inclusive,101,plain,False,False,ECG,True,ECG,source_line,True,"Selected input: record afpdb/n20 , annotator qrs , from 9:50.000 to 30:00.000 | PAF Prediction Challenge Database (afpdb)",37,NA,NA,NA,NA,NA,NA,NA,NA,DECK_FIELDS_DIFFER
122,ECG3,122_UCR_Anomaly_ECG3_8000_17000_17100.txt,254dd4d8ea4f3837449046d3cc5e7da58456225c5ec981727770820985a593fd,30000,8000,17000,17100,16999,17100,8000,matlab_1based_inclusive,101,plain,False,False,ECG,True,ECG,source_line,True,"Selected input: record afpdb/n20 , annotator qrs , from 9:50.000 to 30:00.000 | PAF Prediction Challenge Database (afpdb)",37,NA,NA,NA,NA,NA,NA,NA,NA,none
123,ECG4,123_UCR_Anomaly_ECG4_5000_16800_17100.txt,05ddd244923b2f59a0546809243c9a1d24a163000873c7c52679bd36191ddfff,200000,5000,16800,17100,16799,17100,5000,matlab_1based_inclusive,301,plain,False,False,ECG,True,ECG,source_line,True,"Selected input: record afpdb/n20 , annotator qrs , from 9:50.000 to 30:00.000 | PAF Prediction Challenge Database (afpdb)",38;100,NA,NA,NA,NA,NA,NA,NA,NA,HAS_MINUS999
124,ECG4,124_UCR_Anomaly_ECG4_5000_16900_17100.txt,0e80e85e94cb39bc27a689e4db6f353935398bb4233baa2f945b88ba8322d03e,30000,5000,16900,17100,16899,17100,5000,matlab_1based_inclusive,201,plain,False,False,ECG,True,ECG,source_line,True,"Selected input: record afpdb/n20 , annotator qrs , from 9:50.000 to 30:00.000 | PAF Prediction Challenge Database (afpdb)",38;100,NA,NA,NA,NA,NA,NA,NA,NA,DECK_FIELDS_DIFFER
125,ECG4,125_UCR_Anomaly_ECG4_5000_17000_17100.txt,60c49df33044840b033e3cfd48b14c6b5a6a2d764450417d52aa49b175ef48be,30000,5000,17000,17100,16999,17100,5000,matlab_1based_inclusive,101,plain,False,False,ECG,True,ECG,source_line,True,"Selected input: record afpdb/n20 , annotator qrs , from 9:50.000 to 30:00.000 | PAF Prediction Challenge Database (afpdb)",38;100,NA,NA,NA,NA,NA,NA,NA,NA,none
126,ECG4,126_UCR_Anomaly_ECG4_8000_17000_17100.txt,c7b33e4a3886a0720aebe4d80da83e3a862f586b2e051f76b832eddbd2bfe901,30000,8000,17000,17100,16999,17100,8000,matlab_1based_inclusive,101,plain,False,False,ECG,True,ECG,source_line,True,"Selected input: record afpdb/n20 , annotator qrs , from 9:50.000 to 30:00.000 | PAF Prediction Challenge Database (afpdb)",38;100,NA,NA,NA,NA,NA,NA,NA,NA,DECK_FIELDS_DIFFER
127,GP711MarkerLFM5z1,127_UCR_Anomaly_GP711MarkerLFM5z1_5000_6168_6212.txt,b72821c19070d8905ea300dcbbd972b126c1e5ccb67c0fd572aebbebd74fcfaa,12000,5000,6168,6212,6167,6212,5000,matlab_1based_inclusive,45,plain,False,False,Gait,False,Gait,source_line,True,The data comes from subject 7 in the GaitPhase Database [1]. The subject was required to walk,90,NA,NA,NA,NA,NA,NA,NA,NA,none
128,GP711MarkerLFM5z2,128_UCR_Anomaly_GP711MarkerLFM5z2_5000_7175_7388.txt,f4e4bc3a6ffc14f7f7f7b0760f7735908c47cabeabfecf384c801f28c4e33e68,12000,5000,7175,7388,7174,7388,5000,matlab_1based_inclusive,214,plain,False,False,Gait,False,Gait,source_line,True,The data comes from subject 7 in the GaitPhase Database [1]. The subject was required to walk,91,NA,NA,NA,NA,NA,NA,NA,NA,DECK_FIELDS_DIFFER
129,GP711MarkerLFM5z3,129_UCR_Anomaly_GP711MarkerLFM5z3_5000_5948_5993.txt,a9ece40cab425b928f15ec31dd970dc8d2db99af2f96bb1afa9d3dcc914eab12,12000,5000,5948,5993,5947,5993,5000,matlab_1based_inclusive,46,plain,False,False,Gait,False,Gait,source_line,True,The data comes from subject 7 in the GaitPhase Database [1]. The subject was required to walk,92,NA,NA,NA,NA,NA,NA,NA,NA,DECK_FIELDS_DIFFER
130,GP711MarkerLFM5z4,130_UCR_Anomaly_GP711MarkerLFM5z4_4000_6527_6645.txt,399b78a896b64181064aa563ed9583a16a4428fe0a03888aef05c7fb71805176,12000,4000,6527,6645,6526,6645,4000,matlab_1based_inclusive,119,plain,False,False,Gait,False,Gait,source_line,True,The data comes from subject 7 in the GaitPhase Database [1]. The subject was required to walk,93,NA,NA,NA,NA,NA,NA,NA,NA,DECK_FIELDS_DIFFER
131,GP711MarkerLFM5z5,131_UCR_Anomaly_GP711MarkerLFM5z5_5000_8612_8716.txt,0b9753f44049ee7073acf486724e39e5947377d6b1d01556e8050e40904d1bf5,12000,5000,8612,8716,8611,8716,5000,matlab_1based_inclusive,105,plain,False,False,Gait,False,Gait,source_line,True,The data comes from subject 7 in the GaitPhase Database [1]. The subject was required to walk,94,NA,NA,NA,NA,NA,NA,NA,NA,none
132,InternalBleeding10,132_UCR_Anomaly_InternalBleeding10_3200_4526_4556.txt,4dda2d54f5f38336ab098e4c9d98b8f3614931e5ba3aa99a6ee2b0e7ec873433,7501,3200,4526,4556,4525,4556,3200,matlab_1based_inclusive,31,plain,False,False,ABP,True,ABP,source_line,True,"The data comes from an internal bleeding dataset[1]. From the dataset, we extracted the arterial blood pressure measurements of pigs.",86,NA,NA,NA,NA,NA,NA,NA,NA,none
133,InternalBleeding14,133_UCR_Anomaly_InternalBleeding14_2800_5607_5634.txt,6100cf79a775f092dbe718c27a07a1df1bdf0a5f228721916c1b10fe64242eba,7501,2800,5607,5634,5606,5634,2800,matlab_1based_inclusive,28,plain,False,False,ABP,True,ABP,source_line,True,"The data comes from an internal bleeding dataset[1]. From the dataset, we extracted the arterial blood pressure measurements of pigs.",87,NA,NA,NA,NA,NA,NA,NA,NA,none
134,InternalBleeding15,134_UCR_Anomaly_InternalBleeding15_1700_5684_5854.txt,07614e59288d807708b315aa7ae063a9d7e377676367198f207c71045ea51908,7601,1700,5684,5854,5683,5854,1700,matlab_1based_inclusive,171,plain,False,False,ABP,True,ABP,source_line,True,"The data comes from an internal bleeding dataset[1]. From the dataset, we extracted the arterial blood pressure measurements of pigs.",82,NA,NA,NA,NA,NA,NA,NA,NA,none
135,InternalBleeding16,135_UCR_Anomaly_InternalBleeding16_1200_4187_4199.txt,a965019d130b1b8f2e49974f3ed7f20675bf7014b4952240ed4c8e338a2fa86f,7501,1200,4187,4199,4186,4199,1200,matlab_1based_inclusive,13,plain,False,False,ABP,True,ABP,source_line,True,"The data comes from an internal bleeding dataset[1]. From the dataset, we extracted the arterial blood pressure measurements of pigs.",70,NA,NA,NA,NA,NA,NA,NA,NA,none
136,InternalBleeding17,136_UCR_Anomaly_InternalBleeding17_1600_3198_3309.txt,b0af30d69de8c369ed7dd1da3d57959901251c5f39e4abf6860d7834a5fc41dd,7500,1600,3198,3309,3197,3309,1600,matlab_1based_inclusive,112,plain,False,False,ABP,True,ABP,source_line,True,"The data comes from an internal bleeding dataset[1]. From the dataset, we extracted the arterial blood pressure measurements of pigs.",71,NA,NA,NA,NA,NA,NA,NA,NA,none
137,InternalBleeding18,137_UCR_Anomaly_InternalBleeding18_2300_4485_4587.txt,cbe2733f80167b37afbe610b87c241098ca1eb0c5efd774d83250a1cbc5c5ee7,7500,2300,4485,4587,4484,4587,2300,matlab_1based_inclusive,103,plain,False,False,ABP,True,ABP,source_line,True,"The data comes from an internal bleeding dataset[1]. From the dataset, we extracted the arterial blood pressure measurements of pigs.",72,NA,NA,NA,NA,NA,NA,NA,NA,none
138,InternalBleeding19,138_UCR_Anomaly_InternalBleeding19_3000_4187_4197.txt,fd9a98968e4af7ac2749ac77b135c2d1ebd17038df68a0e6d033a37a95b59e94,7500,3000,4187,4197,4186,4197,3000,matlab_1based_inclusive,11,plain,False,False,ABP,True,ABP,source_line,True,"The data comes from an internal bleeding dataset[1]. From the dataset, we extracted the arterial blood pressure measurements of pigs.",73,NA,NA,NA,NA,NA,NA,NA,NA,none
139,InternalBleeding20,139_UCR_Anomaly_InternalBleeding20_2700_5759_5919.txt,a77df211bb3a73433978e29c9d40b692d7c172c9eade994a8bedf8ebbdba0b88,7500,2700,5759,5919,5758,5919,2700,matlab_1based_inclusive,161,plain,False,False,ABP,True,ABP,source_line,True,"The data comes from an internal bleeding dataset[1]. From the dataset, we extracted the arterial blood pressure measurements of pigs.",74,NA,NA,NA,NA,NA,NA,NA,NA,none
140,InternalBleeding4,140_UCR_Anomaly_InternalBleeding4_1000_4675_5033.txt,2488aceb2cc7f00a4a634039306267d39c8b7bf502e814b644a851b6599c9a68,7321,1000,4675,5033,4674,5033,1000,matlab_1based_inclusive,359,plain,False,False,ABP,True,ABP,source_line,True,"The data comes from an internal bleeding dataset[1]. From the dataset, we extracted the arterial blood pressure measurements of pigs.",79,NA,NA,NA,NA,NA,NA,NA,NA,none
141,InternalBleeding5,141_UCR_Anomaly_InternalBleeding5_4000_6200_6370.txt,341033b8542076e650e1d37f7e1d3a96e030be340195facaf7eeca97e683b0bc,7415,4000,6200,6370,6199,6370,4000,matlab_1based_inclusive,171,plain,False,False,ABP,True,ABP,source_line,True,"The data comes from an internal bleeding dataset[1]. From the dataset, we extracted the arterial blood pressure measurements of pigs.",80,NA,NA,NA,NA,NA,NA,NA,NA,none
142,InternalBleeding6,142_UCR_Anomaly_InternalBleeding6_1500_3474_3629.txt,06fbf75c467ad5f56ac35908a1157af79945dcac194ca28efcf15fb7a9b33236,7654,1500,3474,3629,3473,3629,1500,matlab_1based_inclusive,156,plain,False,False,ABP,True,ABP,source_line,True,"The data comes from an internal bleeding dataset[1]. From the dataset, we extracted the arterial blood pressure measurements of pigs.",81,NA,NA,NA,NA,NA,NA,NA,NA,none
143,InternalBleeding8,143_UCR_Anomaly_InternalBleeding8_2500_5865_5974.txt,0c4b50769eb2af3d63435edf2b20d6103d6b5180688460b2ab9f5f7ff1659f4b,7501,2500,5865,5974,5864,5974,2500,matlab_1based_inclusive,110,plain,False,False,ABP,True,ABP,source_line,True,"The data comes from an internal bleeding dataset[1]. From the dataset, we extracted the arterial blood pressure measurements of pigs.",84,NA,NA,NA,NA,NA,NA,NA,NA,none
144,InternalBleeding9,144_UCR_Anomaly_InternalBleeding9_4200_6599_6681.txt,da7b1fe0ac60c63fd665c81633eebeeac244fee8e82b3c48c90c0274ced84037,7501,4200,6599,6681,6598,6681,4200,matlab_1based_inclusive,83,plain,False,False,ABP,True,ABP,source_line,True,"The data comes from an internal bleeding dataset[1]. From the dataset, we extracted the arterial blood pressure measurements of pigs.",85,NA,NA,NA,NA,NA,NA,NA,NA,none
145,Lab2Cmac011215EPG1,145_UCR_Anomaly_Lab2Cmac011215EPG1_5000_17210_17260.txt,95e1a6f220f3c015ce8001e992eb3410a46d7207e58111f9f5db03fa507225b0,30001,5000,17210,17260,17209,17260,5000,matlab_1based_inclusive,51,plain,False,False,EPG,False,EPG,source_line,True,"This is a real dataset from an insect, and Asian Citrus Psyllid, recorded using an EPG apparatus.",9,NA,NA,NA,NA,NA,NA,NA,NA,none
146,Lab2Cmac011215EPG2,146_UCR_Anomaly_Lab2Cmac011215EPG2_5000_27862_27932.txt,2d82ba93af17e87e9e77d639af4a3a91075c080c1ae7030813820b50b874c55f,29950,5000,27862,27932,27861,27932,5000,matlab_1based_inclusive,71,plain,False,False,EPG,False,EPG,source_line,True,"This is a real dataset from an insect, and Asian Citrus Psyllid, recorded using an EPG apparatus.",10,NA,NA,NA,NA,NA,NA,NA,NA,none
147,Lab2Cmac011215EPG3,147_UCR_Anomaly_Lab2Cmac011215EPG3_5000_16390_16420.txt,b5133350a99ca74b8c2ba4245f621f8da4139a1d7cc3d9fc0cd0a9efbbb7784e,29950,5000,16390,16420,16389,16420,5000,matlab_1based_inclusive,31,plain,False,False,EPG,False,EPG,source_line,True,"This is a real dataset from an insect, and Asian Citrus Psyllid, recorded using an EPG apparatus.",11,NA,NA,NA,NA,NA,NA,NA,NA,none
148,Lab2Cmac011215EPG4,148_UCR_Anomaly_Lab2Cmac011215EPG4_6000_17390_17520.txt,ea4cb0fdc4697fdc8e455ab8b8669c8bb17a6b3fe0971c8aed9bf91a7ef55e3e,30066,6000,17390,17520,17389,17520,6000,matlab_1based_inclusive,131,plain,False,False,EPG,False,EPG,source_line,True,"This is a real dataset from an insect, and Asian Citrus Psyllid, recorded using an EPG apparatus.",12,NA,NA,NA,NA,NA,NA,NA,NA,none
149,Lab2Cmac011215EPG5,149_UCR_Anomaly_Lab2Cmac011215EPG5_7000_17390_17520.txt,9b5415d396b1534d8b080282580a10553750954ef8af490c77b4b86468047ed9,29826,7000,17390,17520,17389,17520,7000,matlab_1based_inclusive,131,plain,False,False,EPG,False,EPG,source_line,True,"This is a real dataset from an insect, and Asian Citrus Psyllid, recorded using an EPG apparatus.",13,NA,NA,NA,NA,NA,NA,NA,NA,none
150,Lab2Cmac011215EPG6,150_UCR_Anomaly_Lab2Cmac011215EPG6_7000_12190_12420.txt,aaf79611584f869ad7350f13b28ae9a9f837937c4f98e8bfb3314c33e4c171c5,29859,7000,12190,12420,12189,12420,7000,matlab_1based_inclusive,231,plain,False,False,EPG,False,EPG,source_line,True,"This is a real dataset from an insect, and Asian Citrus Psyllid, recorded using an EPG apparatus.",14,NA,NA,NA,NA,NA,NA,NA,NA,none
151,MesoplodonDensirostris,151_UCR_Anomaly_MesoplodonDensirostris_10000_19280_19440.txt,b01d433cb5a4df9720c34bbe592576a7ea0b4442931dad8b92b0f2ae544a8982,24667,10000,19280,19440,19279,19440,10000,matlab_1based_inclusive,161,plain,False,False,Acceleration,False,Acceleration,source_line,True,This data comes from an accelerometer attached to a Blainville's beaked whale.,54;100,NA,NA,NA,NA,NA,NA,NA,NA,none
152,PowerDemand1,152_UCR_Anomaly_PowerDemand1_9000_18485_18821.txt,8bccb2dd96d7de11d812c1fef381be4c59803adce17ad74109efe8984637970b,29931,9000,18485,18821,18484,18821,9000,matlab_1based_inclusive,337,plain,False,False,Power Demand,False,Power Demand,source_line,True,The data comes from an Italian power demand dataset. (from 1/1/1995 to 5/31/1998),75,NA,NA,NA,NA,NA,NA,NA,NA,none
153,PowerDemand2,153_UCR_Anomaly_PowerDemand2_14000_23357_23717.txt,ae014d0182b94a7426fae1cbb0581665756f25adcc59442f30c38a9ee3815318,29931,14000,23357,23717,23356,23717,14000,matlab_1based_inclusive,361,plain,False,False,Power Demand,False,Power Demand,source_line,True,The data comes from an Italian power demand dataset. (from 1/1/1995 to 5/31/1998),76,NA,NA,NA,NA,NA,NA,NA,NA,none
154,PowerDemand3,154_UCR_Anomaly_PowerDemand3_16000_23405_23477.txt,399e9a69791da05bf25897eab188c89515038e71910245d5f93553fad37a1dcf,29931,16000,23405,23477,23404,23477,16000,matlab_1based_inclusive,73,plain,False,False,Power Demand,False,Power Demand,source_line,True,"The data comes from an Italian power demand dataset. (from 1/1/1995 to 5/31/1998) The red curve indicates the pig arterial blood pressure, and the yellow curve indicates the Italian power demand. These two curves look similar.",77,NA,NA,NA,NA,NA,NA,NA,NA,none
155,PowerDemand4,155_UCR_Anomaly_PowerDemand4_18000_24005_24077.txt,c911278ecbee9423785abf89740bdcce4ff4718a529b050973ae56f91c72c7ff,29931,18000,24005,24077,24004,24077,18000,matlab_1based_inclusive,73,plain,False,False,Power Demand,False,Power Demand,source_line,True,Italian Power Demand,78,NA,NA,NA,NA,NA,NA,NA,NA,none
156,TkeepFifthMARS,156_UCR_Anomaly_TkeepFifthMARS_3500_5988_6085.txt,a036ac6f9b3cf66d2956d281b1cee552d7e79f4cf25b86ab1836bd81353e9ad3,11334,3500,5988,6085,5987,6085,3500,matlab_1based_inclusive,98,plain,False,False,NASA,False,NASA,source_line,True,"This is a real dataset from NASA spacecraft,  that appeared in a KDD 2018 paper.",19,NA,NA,NA,NA,NA,NA,NA,NA,none
157,TkeepFirstMARS,157_UCR_Anomaly_TkeepFirstMARS_3500_5365_5380.txt,72ed2ae63fa2e33feac4fa5b150799cd258f1026bb731d8045564abddfd818f5,11406,3500,5365,5380,5364,5380,3500,matlab_1based_inclusive,16,plain,False,False,NASA,False,NASA,source_line,True,"This is a real dataset from NASA spacecraft,  that appeared in a KDD 2018 paper.",15,NA,NA,NA,NA,NA,NA,NA,NA,none
158,TkeepForthMARS,158_UCR_Anomaly_TkeepForthMARS_3500_5988_6085.txt,4bea14d1a9cf9507e0c0d886a42023a3bf0efaab6375625ad54bcd879e99e4fe,11308,3500,5988,6085,5987,6085,3500,matlab_1based_inclusive,98,plain,False,False,NASA,False,NASA,source_line,True,"This is a real dataset from NASA spacecraft,  that appeared in a KDD 2018 paper.",18,NA,NA,NA,NA,NA,NA,NA,NA,none
159,TkeepSecondMARS,159_UCR_Anomaly_TkeepSecondMARS_3500_9330_9340.txt,1bb0c773cfeb00c58157d95b711bdbc8c362add3d5f591356eb24f6ae5511f22,11388,3500,9330,9340,9329,9340,3500,matlab_1based_inclusive,11,plain,False,False,NASA,False,NASA,source_line,True,"This is a real dataset from NASA spacecraft,  that appeared in a KDD 2018 paper.",16,NA,NA,NA,NA,NA,NA,NA,NA,none
160,TkeepThirdMARS,160_UCR_Anomaly_TkeepThirdMARS_3500_4711_4809.txt,8494bf541e25bf75eb251bb0f0f5a19f830e583f1e292417d2a489234ad162b8,11308,3500,4711,4809,4710,4809,3500,matlab_1based_inclusive,99,plain,False,False,NASA,False,NASA,source_line,True,"This is a real dataset from NASA spacecraft,  that appeared in a KDD 2018 paper.",17,NA,NA,NA,NA,NA,NA,NA,NA,none
161,WalkingAceleration1,161_UCR_Anomaly_WalkingAceleration1_1500_2764_2995.txt,14d0faf99bc7e415408fd961a30b7f50a66546e78d4cb4c823dae1026e59e126,6684,1500,2764,2995,2763,2995,1500,matlab_1based_inclusive,232,plain,False,False,Acceleration,False,Acceleration,source_line,True,"The dataset is built based on an activity recognition system benchmark data[2]. We extracted an acceleration data measured by the sensor when an experimental subject is walking. Since the acceleration is 3-dimensional, we obtained our data by averaging the values in x, y and z axes.",88,NA,NA,NA,NA,NA,NA,NA,NA,none
162,WalkingAceleration5,162_UCR_Anomaly_WalkingAceleration5_2700_5920_5979.txt,0b87854c390183094d8dd547e9517647bb285939066304ad3d133f8234cbe2cb,6684,2700,5920,5979,5919,5979,2700,matlab_1based_inclusive,60,plain,False,False,Acceleration,False,Acceleration,source_line,True,"The dataset is built based on an activity recognition system benchmark data[2]. We extracted an acceleration data measured by the sensor when an experimental subject is walking. Since the acceleration is 3-dimensional, we obtained our data by averaging the values in x, y and z axes.",89,NA,NA,NA,NA,NA,NA,NA,NA,none
163,apneaecg2,163_UCR_Anomaly_apneaecg2_10000_20950_21100.txt,fd8bd6d5c60bac06a9a77906f4c5df27d8b12eb317410fc801be729a69e39cbb,38501,10000,20950,21100,20949,21100,10000,matlab_1based_inclusive,151,plain,False,False,ECG,True,ECG,source_line,True,"Selected input: record apnea-ecg/b05 , annotator apn , from 1:03:20.000 to 2:03:20.000 | Apnea-ECG Database (apnea-ecg)",58,NA,NA,NA,NA,NA,NA,NA,NA,none
164,apneaecg3,164_UCR_Anomaly_apneaecg3_5000_11111_11211.txt,449683935f60aac15cb478c6fe79d07e4a53a1c76d5d9a75b36789631c143fda,38379,5000,11111,11211,11110,11211,5000,matlab_1based_inclusive,101,plain,False,False,ECG,True,ECG,source_line,True,"Selected input: record apnea-ecg/b05 , annotator apn , from 1:03:20.000 to 2:03:20.000 | Apnea-ECG Database (apnea-ecg)",59,NA,NA,NA,NA,NA,NA,NA,NA,none
165,apneaecg4,165_UCR_Anomaly_apneaecg4_6000_16000_16100.txt,ddab11007a37789f963175f04979016f8d97805baad4d873e6dac4a30ffaff1e,38269,6000,16000,16100,15999,16100,6000,matlab_1based_inclusive,101,plain,False,False,ECG,True,ECG,source_line,True,"Selected input: record apnea-ecg/b05 , annotator apn , from 1:03:20.000 to 2:03:20.000 | Apnea-ECG Database (apnea-ecg)",60,NA,NA,NA,NA,NA,NA,NA,NA,none
166,apneaecg,166_UCR_Anomaly_apneaecg_10000_12240_12308.txt,6a340df79c2832eb0653d619d34481931ef00b241a34a786a2f54dc5d1f49d14,38501,10000,12240,12308,12239,12308,10000,matlab_1based_inclusive,69,plain,False,False,ECG,True,ECG,source_line,True,"Selected input: record apnea-ecg/b05 , annotator apn , from 1:03:20.000 to 2:03:20.000 | Apnea-ECG Database (apnea-ecg)",57,NA,NA,NA,NA,NA,NA,NA,NA,none
167,gait1,167_UCR_Anomaly_gait1_20000_38500_38800.txt,8a98df950e36e1179bf58a81fd1dfcc40451efcf867578eb5f1d245e50dccaf1,65000,20000,38500,38800,38499,38800,20000,matlab_1based_inclusive,301,plain,False,False,Gait,False,Gait,source_line,True,"Selected input: record gaitndd/hunt14 , from 0:00.000 to 5:00.000 | Gait in Neurodegenerative Disease Database (gaitndd)",24,NA,NA,NA,NA,NA,NA,NA,NA,HAS_MINUS999
168,gait2,168_UCR_Anomaly_gait2_22000_46500_46800.txt,90eee85d1c4b5fc69836e27d3dff722bb28fc9480a81e3adf731f67705c60fb9,65000,22000,46500,46800,46499,46800,22000,matlab_1based_inclusive,301,plain,False,False,Gait,False,Gait,source_line,True,"Selected input: record gaitndd/hunt14 , from 0:00.000 to 5:00.000 | Gait in Neurodegenerative Disease Database (gaitndd)",25,NA,NA,NA,NA,NA,NA,NA,NA,HAS_MINUS999
169,gait3,169_UCR_Anomaly_gait3_24500_59900_60500.txt,78adf72127a7c90e99d1f3362bf3f01065f511862a8f152e527fc616b8667cf6,65000,24500,59900,60500,59899,60500,24500,matlab_1based_inclusive,601,plain,False,False,Gait,False,Gait,source_line,True,"Selected input: record gaitndd/hunt14 , from 0:00.000 to 5:00.000 | Gait in Neurodegenerative Disease Database (gaitndd)",26,NA,NA,NA,NA,NA,NA,NA,NA,HAS_MINUS999
170,gaitHunt1,170_UCR_Anomaly_gaitHunt1_18500_33070_33180.txt,62c989e8c8a536656c3654178d48c159fee658fe756bd0ccc3ba33314bad6186,64000,18500,33070,33180,33069,33180,18500,matlab_1based_inclusive,111,plain,False,False,Gait,False,Gait,source_line,True,"Selected input: record gaitndd/hunt17 , from 0:00.000 to 5:00.000 | Gait in Neurodegenerative Disease Database (gaitndd)",20,NA,NA,NA,NA,NA,NA,NA,NA,HAS_MINUS999
171,gaitHunt2,171_UCR_Anomaly_gaitHunt2_18500_31200_31850.txt,604caa2283ef1a307060287017611d94a909021d88f676913a45ceeab24f1036,64000,18500,31200,31850,31199,31850,18500,matlab_1based_inclusive,651,plain,False,False,Gait,False,Gait,source_line,True,"Selected input: record gaitndd/hunt17 , from 0:00.000 to 5:00.000 | Gait in Neurodegenerative Disease Database (gaitndd)",21,NA,NA,NA,NA,NA,NA,NA,NA,HAS_MINUS999
172,gaitHunt3,172_UCR_Anomaly_gaitHunt3_23400_38400_39200.txt,08bd8d96770138d3e2016983a02e120f319ab5445b38cefa3679ab992a3aac62,64000,23400,38400,39200,38399,39200,23400,matlab_1based_inclusive,801,plain,False,False,Gait,False,Gait,source_line,True,"Selected input: record gaitndd/hunt17 , from 0:00.000 to 5:00.000 | Gait in Neurodegenerative Disease Database (gaitndd)",22,NA,NA,NA,NA,NA,NA,NA,NA,HAS_MINUS999
173,insectEPG1,173_UCR_Anomaly_insectEPG1_3000_7000_7030.txt,b0c2fc8be3187b53c45c3a1b77317e8435100651ecd82ea17ff61960363d9037,10001,3000,7000,7030,6999,7030,3000,matlab_1based_inclusive,31,plain,False,False,EPG,False,EPG,source_line,True,"This is an insect EPG dataset, an Asian Citrus Psyllid.",47,NA,NA,NA,NA,NA,NA,NA,NA,none
174,insectEPG2,174_UCR_Anomaly_insectEPG2_3700_8000_8025.txt,8912a014412d3b952d557484d674152d8b402b5611b198bc606c82ce888e47b4,9998,3700,8000,8025,7999,8025,3700,matlab_1based_inclusive,26,plain,False,False,EPG,False,EPG,source_line,True,"This is an insect EPG dataset, an Asian Citrus Psyllid.",48,NA,NA,NA,NA,NA,NA,NA,NA,none
175,insectEPG3,175_UCR_Anomaly_insectEPG3_5200_7000_7050.txt,f8db1683d72b01e444910415d2303824283a7e6d13492623319494328e00c609,9998,5200,7000,7050,6999,7050,5200,matlab_1based_inclusive,51,plain,False,False,EPG,False,EPG,source_line,True,"This is an insect EPG dataset, an Asian Citrus Psyllid.",49,NA,NA,NA,NA,NA,NA,NA,NA,none
176,insectEPG4,176_UCR_Anomaly_insectEPG4_1300_6508_6558.txt,0a4aca4863c4e2edcd8e9bf25b4dc7ce2ab1c8389ad1cb598d356860865a49b2,9998,1300,6508,6558,6507,6558,1300,matlab_1based_inclusive,51,plain,False,False,EPG,False,EPG,source_line,True,"This is an insect EPG dataset, an Asian Citrus Psyllid.",50,NA,NA,NA,NA,NA,NA,NA,NA,none
177,insectEPG5,177_UCR_Anomaly_insectEPG5_3200_8500_8501.txt,e5c27f26e117599de841911be219abaff01b301fc94f1e0fc7d4d098d0713445,10028,3200,8500,8501,8499,8501,3200,matlab_1based_inclusive,2,plain,False,False,EPG,False,EPG,source_line,True,"This is an insect EPG dataset, an Asian Citrus Psyllid.",51,NA,NA,NA,NA,NA,NA,NA,NA,none
178,ltstdbs30791AI,178_UCR_Anomaly_ltstdbs30791AI_17555_52600_52800.txt,4740fc8297a41ec63274231c091c5bc7d8ad04b0d47ef11b633614d8dc339636,56123,17555,52600,52800,52599,52800,17555,matlab_1based_inclusive,201,plain,False,False,ECG,True,ECG,source_line,True,"This dataset contains normal beats, with a single ventricular beat between  52600 and 52800.",65,NA,NA,NA,NA,NA,NA,NA,NA,none
179,ltstdbs30791AS,179_UCR_Anomaly_ltstdbs30791AS_23000_52600_52800.txt,02141f8574cad4cbdb68cc197226fe7c21fcded59217c2ce4d49804b79e89f9d,55000,23000,52600,52800,52599,52800,23000,matlab_1based_inclusive,201,plain,False,False,ECG,True,ECG,source_line,True,"This dataset contains normal beats, with a single ventricular beat between  52600 and 52800.",64,NA,NA,NA,NA,NA,NA,NA,NA,none
180,ltstdbs30791ES,180_UCR_Anomaly_ltstdbs30791ES_20000_52600_52800.txt,28309d71cdce7fd67a1fd135cfa2b4a42d6c3f5e1d3bebe15ff759f2c305eb2a,55000,20000,52600,52800,52599,52800,20000,matlab_1based_inclusive,201,plain,False,False,ECG,True,ECG,source_line,True,"This dataset contains normal beats, with a single ventricular beat between  52600 and 52800.",63,NA,NA,NA,NA,NA,NA,NA,NA,none
181,park3m,181_UCR_Anomaly_park3m_60000_72150_72495.txt,79ccb0d029697dc6f0bf5546058903fd8cd036050b72ebb074e1dc023cd968ec,90000,60000,72150,72495,72149,72495,60000,matlab_1based_inclusive,346,plain,False,False,Gait,False,Gait,source_line,True,"Selected input: record gaitndd/park3 , from 0:00.000 to 5:00.000 | Gait in Neurodegenerative Disease Database (gaitndd)",56,NA,NA,NA,NA,NA,NA,NA,NA,HAS_MINUS999
182,qtdbSel1005V,182_UCR_Anomaly_qtdbSel1005V_4000_12400_12800.txt,00c9a9de8701a2ad776478dde7f1dabd3d80342df1864cc29314218eb32caec4,36001,4000,12400,12800,12399,12800,4000,matlab_1based_inclusive,401,plain,False,False,ECG,True,ECG,source_line,True,"Selected input: record qtdb/sel100 , annotator atr , from 0:50.000 to 1:00.000 | QT Database (qtdb)",67,NA,NA,NA,NA,NA,NA,NA,NA,none
183,qtdbSel100MLII,183_UCR_Anomaly_qtdbSel100MLII_4000_13400_13800.txt,3433be1e988158ebc3fbc6aeb7032caa128477f1fd78436730012fff29d9dc96,30000,4000,13400,13800,13399,13800,4000,matlab_1based_inclusive,401,plain,False,False,ECG,True,ECG,source_line,True,"Selected input: record qtdb/sel100 , annotator atr , from 0:50.000 to 1:00.000 | QT Database (qtdb)",66,NA,NA,NA,NA,NA,NA,NA,NA,none
184,resperation10,184_UCR_Anomaly_resperation10_48000_130700_131880.txt,ece7bcb8a2e5df09fe165ee49aa678c8329f0b313e3454d05f888a2e29c515e2,195000,48000,130700,131880,130699,131880,48000,matlab_1based_inclusive,1181,plain,False,False,RESP,True,RESP,source_line,True,"Selected input: record mimicdb/037/037 , annotator abp , from [13:30:35.000 14/08/1994] to [14:30:35.000 14/08/1994] | MIMIC Database (mimicdb)",45,NA,NA,NA,NA,NA,NA,NA,NA,HAS_MINUS999
185,resperation11,185_UCR_Anomaly_resperation11_58000_110800_110801.txt,9b668372616c84dbb1a635353e3a9d618cd9a5fa2d47418bb58359dd407b98bc,195000,58000,110800,110801,110799,110801,58000,matlab_1based_inclusive,2,plain,False,False,RESP,True,RESP,source_line,True,"Selected input: record mimicdb/037/037 , annotator abp , from [13:30:35.000 14/08/1994] to [14:30:35.000 14/08/1994] | MIMIC Database (mimicdb)",46,NA,NA,NA,NA,NA,NA,NA,NA,HAS_MINUS999
186,resperation1,186_UCR_Anomaly_resperation1_100000_110260_110412.txt,19735b016dd31f02ebb6f3886354e3b2ab0c2fbbb0ba9c3dbe31e87abde36172,200000,100000,110260,110412,110259,110412,100000,matlab_1based_inclusive,153,plain,False,False,RESP,True,RESP,source_line,True,"Selected input: record mimicdb/037/037 , annotator abp , from [13:30:35.000 14/08/1994] to [14:30:35.000 14/08/1994] | MIMIC Database (mimicdb)",2;39,NA,NA,NA,NA,NA,NA,NA,NA,HAS_MINUS999
187,resperation2,187_UCR_Anomaly_resperation2_30000_168250_168250.txt,93b972c66f7c1b1c2abae020fade496d675fb776ae4169e5a5eed8e43cce41b1,200051,30000,168250,168250,168249,168250,30000,matlab_1based_inclusive,1,plain,False,False,RESP,True,RESP,source_line,True,"Selected input: record mimicdb/037/037 , annotator abp , from [13:30:35.000 14/08/1994] to [14:30:35.000 14/08/1994] | MIMIC Database (mimicdb)",40,NA,NA,NA,NA,NA,NA,NA,NA,HAS_MINUS999;DECK_FIELDS_DIFFER
188,resperation2,188_UCR_Anomaly_resperation2_30000_168250_168251.txt,ee5783c388b63302398b2daea6c49c86eeabb0117c82b0da3606f61593093bc1,190050,30000,168250,168251,168249,168251,30000,matlab_1based_inclusive,2,plain,False,False,RESP,True,RESP,source_line,True,"Selected input: record mimicdb/037/037 , annotator abp , from [13:30:35.000 14/08/1994] to [14:30:35.000 14/08/1994] | MIMIC Database (mimicdb)",40,NA,NA,NA,NA,NA,NA,NA,NA,HAS_MINUS999
189,resperation3,189_UCR_Anomaly_resperation3_45000_158250_158251.txt,6f4bfcde3cabafb9a23e13574e5611b3ceb099be9c1e4ab8b9570852ef8191c8,190100,45000,158250,158251,158249,158251,45000,matlab_1based_inclusive,2,plain,False,False,RESP,True,RESP,source_line,True,"Selected input: record mimicdb/037/037 , annotator abp , from [13:30:35.000 14/08/1994] to [14:30:35.000 14/08/1994] | MIMIC Database (mimicdb)",41,NA,NA,NA,NA,NA,NA,NA,NA,HAS_MINUS999
190,resperation4,190_UCR_Anomaly_resperation4_70000_128430_128431.txt,fdf28dd2cf0653acb89a9b29f9f1f9bf5ad7581c04152acddca8f2cb8ff9f4c8,195250,70000,128430,128431,128429,128431,70000,matlab_1based_inclusive,2,plain,False,False,RESP,True,RESP,source_line,True,"Selected input: record mimicdb/037/037 , annotator abp , from [13:30:35.000 14/08/1994] to [14:30:35.000 14/08/1994] | MIMIC Database (mimicdb)",42,NA,NA,NA,NA,NA,NA,NA,NA,HAS_MINUS999
191,resperation9,191_UCR_Anomaly_resperation9_38000_143411_143511.txt,0c60e763b53d1a8ffbb43dfd2b26970aefdb9de2043df2bfdbbd37409746ae9f,195000,38000,143411,143511,143410,143511,38000,matlab_1based_inclusive,101,plain,False,False,RESP,True,RESP,source_line,True,"Selected input: record mimicdb/037/037 , annotator abp , from [13:30:35.000 14/08/1994] to [14:30:35.000 14/08/1994] | MIMIC Database (mimicdb)",44,NA,NA,NA,NA,NA,NA,NA,NA,HAS_MINUS999
192,s20101mML2,192_UCR_Anomaly_s20101mML2_12000_35774_35874.txt,6cdbcdbbd16f63f636e4148b7dc0ff02748f465cd8ba249116e39d77c94ccf0d,40000,12000,35774,35874,35773,35874,12000,matlab_1based_inclusive,101,plain,False,False,ECG,True,ECG,source_line,True,"Selected input: record ltstdb/s20101 , annotator atr , from [10:25:40.000 01/11/1994] to [10:25:50.000 01/11/1994] | Long Term ST Database (ltstdb)",62,NA,NA,NA,NA,NA,NA,NA,NA,none
193,s20101m,193_UCR_Anomaly_s20101m_10000_35774_35874.txt,7158d829f0b1c44f031cf3bc9f265cc34c8730b6aa10f68524385ced165879ed,40000,10000,35774,35874,35773,35874,10000,matlab_1based_inclusive,101,plain,False,False,ECG,True,ECG,source_line,True,"Selected input: record ltstdb/s20101 , annotator atr , from [10:25:40.000 01/11/1994] to [10:25:50.000 01/11/1994] | Long Term ST Database (ltstdb)",61,NA,NA,NA,NA,NA,NA,NA,NA,none
194,sddb49,194_UCR_Anomaly_sddb49_20000_67950_68200.txt,2c614d98611cddc9aaa0e2cf114f197a7bff53dadfafb49aad6431d2c435633e,80000,20000,67950,68200,67949,68200,20000,matlab_1based_inclusive,251,plain,False,False,ECG,True,ECG,source_line,True,"Selected input: record sddb/49 , annotator atr , from [17:01:50.000] to [18:01:50.000] | Sudden Cardiac Death Holter Database (sddb)",27,NA,NA,NA,NA,NA,NA,NA,NA,none
195,sel840mECG1,195_UCR_Anomaly_sel840mECG1_17000_51370_51740.txt,7c085ca51be5201a0d9f263e5d4a22b3330cfc24c4bb8f69beedbfa4461cf397,60000,17000,51370,51740,51369,51740,17000,matlab_1based_inclusive,371,plain,False,False,ECG,True,ECG,source_line,True,"Selected input: record qtdb/sel840 , annotator atr , from 0:10.000 to 14:59.996 | QT Database (qtdb)",68,NA,NA,NA,NA,NA,NA,NA,NA,none
196,sel840mECG2,196_UCR_Anomaly_sel840mECG2_20000_49370_49740.txt,d466402571684860660427b58d1c8234f030fad29c0d97ce14d2dd4389ea533c,57001,20000,49370,49740,49369,49740,20000,matlab_1based_inclusive,371,plain,False,False,ECG,True,ECG,source_line,True,"Selected input: record qtdb/sel840 , annotator atr , from 0:10.000 to 14:59.996 | QT Database (qtdb)",69,NA,NA,NA,NA,NA,NA,NA,NA,none
197,tiltAPB1,197_UCR_Anomaly_tiltAPB1_100000_114283_114350.txt,5375582ae9269b4e1a65652c38b88ec89b2e91749f4f053ef5f89b8cc829d551,130001,100000,114283,114350,114282,114350,100000,matlab_1based_inclusive,68,plain,False,False,ABP,True,ABP,source_line,True,The data comes from a healthy male on a tilt table.,5;31,NA,NA,NA,NA,NA,NA,NA,NA,none
198,tiltAPB2,198_UCR_Anomaly_tiltAPB2_50000_124159_124985.txt,785831c0832145bddebcb774b0857e54f2a469a2377f82e2155740ef378c904b,128767,50000,124159,124985,124158,124985,50000,matlab_1based_inclusive,827,plain,False,False,ABP,True,ABP,source_line,True,The data comes from a healthy male on a tilt table.,32,NA,NA,NA,NA,NA,NA,NA,NA,none
199,tiltAPB3,199_UCR_Anomaly_tiltAPB3_40000_114000_114370.txt,f24e6b28c762049c5e9a9293c167cfbf21cb72a2f7cf496ed517b554ebc35561,129489,40000,114000,114370,113999,114370,40000,matlab_1based_inclusive,371,plain,False,False,ABP,True,ABP,source_line,True,The data comes from a healthy male on a tilt table.,33,NA,NA,NA,NA,NA,NA,NA,NA,none
200,tiltAPB4,200_UCR_Anomaly_tiltAPB4_20000_67995_67996.txt,420707d4f46dfb4483c0df43909afe76faac8a31cf4380202cd90f81d55fbac7,128001,20000,67995,67996,67994,67996,20000,matlab_1based_inclusive,2,plain,False,False,ABP,True,ABP,source_line,True,The data comes from a healthy male on a tilt table.,34,NA,NA,NA,NA,NA,NA,NA,NA,none
201,CHARISfive,201_UCR_Anomaly_CHARISfive_10000_17001_17016.txt,08ac7bba1dc454d30c400b00499159f3db22cd7e006cc4e2597d1798dc5e3e4f,41347,10000,17001,17016,17000,17016,10000,matlab_1based_inclusive,16,plain,False,False,ECG,True,CHARIS (ECG/ABP/ICP unspecified),source_line,False,CHARISfive,116;117,NA,NA,NA,NA,NA,NA,NA,NA,DOMAIN_DISAGREE
202,CHARISfive,202_UCR_Anomaly_CHARISfive_10411_10998_11028.txt,8f651f604bc58a98ac92ba184a166cd5277d99749b50d61e0b7929d7a33e7602,41790,10411,10998,11028,10997,11028,10411,matlab_1based_inclusive,31,plain,False,False,ECG,True,CHARIS (ECG/ABP/ICP unspecified),source_line,False,CHARISfive,116;117,NA,NA,NA,NA,NA,NA,NA,NA,DOMAIN_DISAGREE
203,CHARISfive,203_UCR_Anomaly_CHARISfive_10500_10995_11028.txt,a3a7a414aea98b2ee68b75c53aed9f935c86d1de91bc5fd291c263fe9c303a40,41612,10500,10995,11028,10994,11028,10500,matlab_1based_inclusive,34,plain,False,False,ECG,True,CHARIS (ECG/ABP/ICP unspecified),source_line,False,CHARISfive,116;117,NA,NA,NA,NA,NA,NA,NA,NA,HAS_MINUS999;DOMAIN_DISAGREE
204,CHARISfive,204_UCR_Anomaly_CHARISfive_12412_15000_15070.txt,f38df4c97064e9dfe8568508675eb187fbed3a434c2ce9db2f4da936c60d57da,41999,12412,15000,15070,14999,15070,12412,matlab_1based_inclusive,71,plain,False,False,ECG,True,CHARIS (ECG/ABP/ICP unspecified),source_line,False,CHARISfive,116;117,NA,NA,NA,NA,NA,NA,NA,NA,SINGLE_LINE_FORMAT;DOMAIN_DISAGREE
205,CHARISfive,205_UCR_Anomaly_CHARISfive_9812_28995_29085.txt,df325b7504576665cc97a16e1e0032ff22e78c45e914cca9e03c9e1331761935,39870,9812,28995,29085,28994,29085,9812,matlab_1based_inclusive,91,plain,False,False,ECG,True,CHARIS (ECG/ABP/ICP unspecified),source_line,False,CHARISfive,116;117,NA,NA,NA,NA,NA,NA,NA,NA,SINGLE_LINE_FORMAT;DOMAIN_DISAGREE
206,CHARISten,206_UCR_Anomaly_CHARISten_25130_29080_29140.txt,1ea67ed12370575e3d5030fe8ebdbf725339c40341d9f4e1e4cef24c06d3c85d,42000,25130,29080,29140,29079,29140,25130,matlab_1based_inclusive,61,plain,False,False,ECG,True,CHARIS (ECG/ABP/ICP unspecified),source_line,False,CHARISten,115,NA,NA,NA,NA,NA,NA,NA,NA,SINGLE_LINE_FORMAT;DOMAIN_DISAGREE
207,CHARISten,207_UCR_Anomaly_CHARISten_3165_26929_26989.txt,efa80eedb8424a0e14095dfeef2679f83f056688de9b7b9a2cd996b91dd4c7d9,39870,3165,26929,26989,26928,26989,3165,matlab_1based_inclusive,61,plain,False,False,ECG,True,CHARIS (ECG/ABP/ICP unspecified),source_line,False,CHARISten,115,NA,NA,NA,NA,NA,NA,NA,NA,SINGLE_LINE_FORMAT;DOMAIN_DISAGREE
208,CHARISten,208_UCR_Anomaly_CHARISten_5130_27929_27989.txt,03d78b09e84ccd10539499345ebf5dc9d11d0bbafa77aee0ce97aec5a857b5bd,40870,5130,27929,27989,27928,27989,5130,matlab_1based_inclusive,61,plain,False,False,ECG,True,CHARIS (ECG/ABP/ICP unspecified),source_line,False,CHARISten,115,NA,NA,NA,NA,NA,NA,NA,NA,SINGLE_LINE_FORMAT;DOMAIN_DISAGREE
209,Fantasia,209_UCR_Anomaly_Fantasia_19000_26970_27270.txt,750fbbbcae34ae70e3335c2368270b7f6490fccbf2e38002873f2db092f30b7c,92000,19000,26970,27270,26969,27270,19000,matlab_1based_inclusive,301,plain,False,False,ECG,True,ECG,source_line,True,Fantasia Database,118,NA,NA,NA,NA,NA,NA,NA,NA,none
210,Italianpowerdemand,210_UCR_Anomaly_Italianpowerdemand_36123_74900_74996.txt,06d3da36dea95ec434f08c42fc98398946542d138cb61d42914618ec2220f6a9,119819,36123,74900,74996,74899,74996,36123,matlab_1based_inclusive,97,plain,False,False,Power Demand,False,Power Demand,source_line,True,For Italian power demand,113,NA,NA,NA,NA,NA,NA,NA,NA,none
211,Italianpowerdemand,211_UCR_Anomaly_Italianpowerdemand_38113_39240_39336.txt,141774a87afcc20f77440e08b42fe06af999b067279e45c65ecb5f6ac76c2af0,119580,38113,39240,39336,39239,39336,38113,matlab_1based_inclusive,97,plain,False,False,Power Demand,False,Power Demand,source_line,True,For Italian power demand,113,NA,NA,NA,NA,NA,NA,NA,NA,none
212,Italianpowerdemand,212_UCR_Anomaly_Italianpowerdemand_8913_29480_29504.txt,cff930b7a3a44c06044e4efc7e5461427b145ede8ffbb5cf100b97c577ea71b5,29931,8913,29480,29504,29479,29504,8913,matlab_1based_inclusive,25,plain,False,False,Power Demand,False,Power Demand,source_line,True,For Italian power demand,113,NA,NA,NA,NA,NA,NA,NA,NA,none
213,STAFFIIIDatabase,213_UCR_Anomaly_STAFFIIIDatabase_33211_126920_127370.txt,c7c870f309da6514fba61e6aac31112785cb3a9dd99f67f4ed60e472cf0215c0,300000,33211,126920,127370,126919,127370,33211,matlab_1based_inclusive,451,plain,False,False,ECG,True,ECG,source_line,True,STAFFIIIDatabase,119;120;121;122,NA,NA,NA,NA,NA,NA,NA,NA,HAS_MINUS999
214,STAFFIIIDatabase,214_UCR_Anomaly_STAFFIIIDatabase_34211_125720_126370.txt,d672522fa5a07c546ca767ae3b5d4f5c470a3b582802a7c0583e7b3ec8833a40,299690,34211,125720,126370,125719,126370,34211,matlab_1based_inclusive,651,plain,False,False,ECG,True,ECG,source_line,True,STAFFIIIDatabase,119;120;121;122,NA,NA,NA,NA,NA,NA,NA,NA,none
215,STAFFIIIDatabase,215_UCR_Anomaly_STAFFIIIDatabase_36276_106720_107370.txt,e8e7a4ab442bd762f3d84f01e9426f4cd14ab985c56dc627fae2e857fe5eb00a,299990,36276,106720,107370,106719,107370,36276,matlab_1based_inclusive,651,plain,False,False,ECG,True,ECG,source_line,True,STAFFIIIDatabase,119;120;121;122,NA,NA,NA,NA,NA,NA,NA,NA,HAS_MINUS999
216,STAFFIIIDatabase,216_UCR_Anomaly_STAFFIIIDatabase_37216_160720_161370.txt,1e698c62f235f4140f6d9d89479ce2a48c49002faecc878d6dd85e15a700ce2c,299890,37216,160720,161370,160719,161370,37216,matlab_1based_inclusive,651,plain,False,False,ECG,True,ECG,source_line,True,STAFFIIIDatabase,119;120;121;122,NA,NA,NA,NA,NA,NA,NA,NA,HAS_MINUS999
217,STAFFIIIDatabase,217_UCR_Anomaly_STAFFIIIDatabase_38211_150720_151370.txt,7f904e73fde17d2b43fee28532971ad846af268ecd285366558abe00520e8e8b,299690,38211,150720,151370,150719,151370,38211,matlab_1based_inclusive,651,plain,False,False,ECG,True,ECG,source_line,True,STAFFIIIDatabase,119;120;121;122,NA,NA,NA,NA,NA,NA,NA,NA,none
218,STAFFIIIDatabase,218_UCR_Anomaly_STAFFIIIDatabase_41117_210720_211370.txt,b87eb512c766b0c96c13de2016fbe5a3873edfefd64579849368d40629f8c537,299940,41117,210720,211370,210719,211370,41117,matlab_1based_inclusive,651,plain,False,False,ECG,True,ECG,source_line,True,STAFFIIIDatabase,119;120;121;122,NA,NA,NA,NA,NA,NA,NA,NA,HAS_MINUS999
219,STAFFIIIDatabase,219_UCR_Anomaly_STAFFIIIDatabase_41612_64632_64852.txt,eb02c05120166d28f652eb5a64244e5c3928c9a13fefcf28b1a039a314272b0b,299840,41612,64632,64852,64631,64852,41612,matlab_1based_inclusive,221,plain,False,False,ECG,True,ECG,source_line,True,STAFFIIIDatabase,119;120;121;122,NA,NA,NA,NA,NA,NA,NA,NA,HAS_MINUS999
220,STAFFIIIDatabase,220_UCR_Anomaly_STAFFIIIDatabase_43217_250720_251370.txt,fe5d948f3dc086978c038d4adb40711e0b9963790c6d0aafe677839e31f26f15,299790,43217,250720,251370,250719,251370,43217,matlab_1based_inclusive,651,plain,False,False,ECG,True,ECG,source_line,True,STAFFIIIDatabase,119;120;121;122,NA,NA,NA,NA,NA,NA,NA,NA,none
221,STAFFIIIDatabase,221_UCR_Anomaly_STAFFIIIDatabase_45616_163632_164852.txt,298979feb740381573e30662a0815e674e377fe37bb09556133e4bd459d3ba11,298340,45616,163632,164852,163631,164852,45616,matlab_1based_inclusive,1221,plain,False,False,ECG,True,ECG,source_line,True,STAFFIIIDatabase,119;120;121;122,NA,NA,NA,NA,NA,NA,NA,NA,HAS_MINUS999
222,mit14046longtermecg,222_UCR_Anomaly_mit14046longtermecg_56123_91200_91700.txt,b932882c8890790f61d26e63387a804a112b84f6cfef044e3362c1ffde182b2f,211502,56123,91200,91700,91199,91700,56123,matlab_1based_inclusive,501,plain,False,False,ECG,True,ECG,source_line,True,For these files we considered data from MIT-BIH Long-term ECG database.,103;104;105,NA,NA,NA,NA,NA,NA,NA,NA,none
223,mit14046longtermecg,223_UCR_Anomaly_mit14046longtermecg_74123_131200_131700.txt,4dc3cca757fa738ed0ebd311bca7f2f6af9bfa0e825fe574d72efbc78027d20d,180386,74123,131200,131700,131199,131700,74123,matlab_1based_inclusive,501,plain,False,False,ECG,True,ECG,source_line,True,For these files we considered data from MIT-BIH Long-term ECG database.,103;104;105,NA,NA,NA,NA,NA,NA,NA,NA,none
224,mit14046longtermecg,224_UCR_Anomaly_mit14046longtermecg_76123_191200_191700.txt,3bfcd7ba5cdfd9c0b97f712798eab7d80b81b35ac108365248a105f8700048a4,199753,76123,191200,191700,191199,191700,76123,matlab_1based_inclusive,501,plain,False,False,ECG,True,ECG,source_line,True,For these files we considered data from MIT-BIH Long-term ECG database.,103;104;105,NA,NA,NA,NA,NA,NA,NA,NA,none
225,mit14046longtermecg,225_UCR_Anomaly_mit14046longtermecg_81214_143000_143300.txt,07f34504be131abfbdc4006916f13158640c8057a767f19be131aae1136d0a3e,199999,81214,143000,143300,142999,143300,81214,matlab_1based_inclusive,301,plain,False,False,ECG,True,ECG,source_line,True,For these files we considered data from MIT-BIH Long-term ECG database.,103;104;105,NA,NA,NA,NA,NA,NA,NA,NA,SINGLE_LINE_FORMAT
226,mit14046longtermecg,226_UCR_Anomaly_mit14046longtermecg_96123_123000_123300.txt,af855b900c8a52e22b960013f595cc4de255c07a7f1bca7a275e18c05ea93b0f,190001,96123,123000,123300,122999,123300,96123,matlab_1based_inclusive,301,plain,False,False,ECG,True,ECG,source_line,True,For these files we considered data from MIT-BIH Long-term ECG database.,103;104;105,NA,NA,NA,NA,NA,NA,NA,NA,SINGLE_LINE_FORMAT
227,mit14134longtermecg,227_UCR_Anomaly_mit14134longtermecg_11231_29000_29100.txt,361e93f6a6f2020d4f956343d342101a64a79b721978b539a445fd81195cc4e6,59302,11231,29000,29100,28999,29100,11231,matlab_1based_inclusive,101,plain,False,False,ECG,True,ECG,source_line,True,For these files we considered data from MIT-BIH Long-term ECG database.,103;105;106;107,NA,NA,NA,NA,NA,NA,NA,NA,none
228,mit14134longtermecg,228_UCR_Anomaly_mit14134longtermecg_11361_47830_47850.txt,e69a25c4733622563cf8858858b7191654171c4da5f24641d828d7782905755a,59000,11361,47830,47850,47829,47850,11361,matlab_1based_inclusive,21,plain,False,False,ECG,True,ECG,source_line,True,For these files we considered data from MIT-BIH Long-term ECG database.,103;105;106;107,NA,NA,NA,NA,NA,NA,NA,NA,none
229,mit14134longtermecg,229_UCR_Anomaly_mit14134longtermecg_16363_57960_57970.txt,2c2ab561865ce33c75ef28a644d615ebe359335bfcf1a1517d59109395f4a4ab,59000,16363,57960,57970,57959,57970,16363,matlab_1based_inclusive,11,plain,False,False,ECG,True,ECG,source_line,True,For these files we considered data from MIT-BIH Long-term ECG database.,103;105;106;107,NA,NA,NA,NA,NA,NA,NA,NA,none
230,mit14134longtermecg,230_UCR_Anomaly_mit14134longtermecg_19363_19510_19610.txt,675ce4006788e7934a58e0e6697a7d9f221d17037ef81f8001b1a63212ae4759,59000,19363,19510,19610,19509,19610,19363,matlab_1based_inclusive,101,plain,False,False,ECG,True,ECG,source_line,True,For these files we considered data from MIT-BIH Long-term ECG database.,103;105;106;107,NA,NA,NA,NA,NA,NA,NA,NA,none
231,mit14134longtermecg,231_UCR_Anomaly_mit14134longtermecg_8763_47530_47790.txt,fc0580e962820811df674566024ac79c7eefd4efbd6452a8078cddafd54a4c6d,59000,8763,47530,47790,47529,47790,8763,matlab_1based_inclusive,261,plain,False,False,ECG,True,ECG,source_line,True,For these files we considered data from MIT-BIH Long-term ECG database.,103;105;106;107,NA,NA,NA,NA,NA,NA,NA,NA,none
232,mit14134longtermecg,232_UCR_Anomaly_mit14134longtermecg_8763_57530_57790.txt,af77bfbe436371a6d2084fe582e2a35f82c6c2141c23ac8f4fd3df19190999ea,59000,8763,57530,57790,57529,57790,8763,matlab_1based_inclusive,261,plain,False,False,ECG,True,ECG,source_line,True,For these files we considered data from MIT-BIH Long-term ECG database.,103;105;106;107,NA,NA,NA,NA,NA,NA,NA,NA,none
233,mit14157longtermecg,233_UCR_Anomaly_mit14157longtermecg_18913_24500_24501.txt,1c02fefc687f91ed9484fabfe9b55be87f9928343680504220fcdef0ee20ccdc,92710,18913,24500,24501,24499,24501,18913,matlab_1based_inclusive,2,plain,False,False,ECG,True,ECG,source_line,True,For these files we considered data from MIT-BIH Long-term ECG database.,103;107;108;109,NA,NA,NA,NA,NA,NA,NA,NA,none
234,mit14157longtermecg,234_UCR_Anomaly_mit14157longtermecg_18913_24600_24601.txt,009dcb152142160c9559d70866d250105b7311bca7db838bbe6958d97d0e8912,98710,18913,24600,24601,24599,24601,18913,matlab_1based_inclusive,2,plain,False,False,ECG,True,ECG,source_line,True,For these files we considered data from MIT-BIH Long-term ECG database.,103;107;108;109,NA,NA,NA,NA,NA,NA,NA,NA,none
235,mit14157longtermecg,235_UCR_Anomaly_mit14157longtermecg_18913_75450_75451.txt,07fdcb7d30412cbfa3fb4051bbba4aa5ec0f21b2f56111759c04e7ceef490d7d,97300,18913,75450,75451,75449,75451,18913,matlab_1based_inclusive,2,plain,False,False,ECG,True,ECG,source_line,True,For these files we considered data from MIT-BIH Long-term ECG database.,103;107;108;109,NA,NA,NA,NA,NA,NA,NA,NA,none
236,mit14157longtermecg,236_UCR_Anomaly_mit14157longtermecg_19313_46350_46390.txt,93969bdae75553539eb6aac91a2dffd5ab5571adad8fec89fb62e4c4b3f910a5,97000,19313,46350,46390,46349,46390,19313,matlab_1based_inclusive,41,plain,False,False,ECG,True,ECG,source_line,True,For these files we considered data from MIT-BIH Long-term ECG database.,103;107;108;109,NA,NA,NA,NA,NA,NA,NA,NA,none
237,mit14157longtermecg,237_UCR_Anomaly_mit14157longtermecg_19313_89560_90370.txt,057934922ca244a69ec467ce8969763943cb0ca8ae8b40e871529a24590094f5,97000,19313,89560,90370,89559,90370,19313,matlab_1based_inclusive,811,plain,False,False,ECG,True,ECG,source_line,True,For these files we considered data from MIT-BIH Long-term ECG database.,103;107;108;109,NA,NA,NA,NA,NA,NA,NA,NA,none
238,mit14157longtermecg,238_UCR_Anomaly_mit14157longtermecg_21311_72600_72780.txt,7d72172a6d0c4c873e08b8b7ecbcdbd76414fd203170eb42382fd9b8e28b4048,99000,21311,72600,72780,72599,72780,21311,matlab_1based_inclusive,181,plain,False,False,ECG,True,ECG,source_line,True,For these files we considered data from MIT-BIH Long-term ECG database.,103;107;108;109,NA,NA,NA,NA,NA,NA,NA,NA,none
239,taichidbS0715Master,239_UCR_Anomaly_taichidbS0715Master_190037_593450_593514.txt,6ca0690dfc7c7b2a5ac3d69c20051c4c1bcca1ec8361dda6ecc2cd5ef7f9c706,897667,190037,593450,593514,593449,593514,190037,matlab_1based_inclusive,65,plain,False,False,Gait,False,NA,none,NA,NA,110,NA,NA,NA,NA,NA,NA,NA,NA,DOMAIN_OFFICIAL_NA
240,taichidbS0715Master,240_UCR_Anomaly_taichidbS0715Master_240030_884100_884200.txt,233366a758d68e4e95bee248d99c1fb2a2dc9e0e8ee6f2cadadf483745e429e9,900000,240030,884100,884200,884099,884200,240030,matlab_1based_inclusive,101,plain,False,False,Gait,False,NA,none,NA,NA,110,NA,NA,NA,NA,NA,NA,NA,NA,DOMAIN_OFFICIAL_NA
241,taichidbS0715Master,241_UCR_Anomaly_taichidbS0715Master_250000_837400_839100.txt,69c6ea9f8aa6a1a6eb0a9806d94224826d30256da50d51217f4f27fb8522c137,900000,250000,837400,839100,837399,839100,250000,matlab_1based_inclusive,1701,plain,False,False,Gait,False,NA,none,NA,NA,110,NA,NA,NA,NA,NA,NA,NA,NA,DOMAIN_OFFICIAL_NA
242,tilt12744mtable,242_UCR_Anomaly_tilt12744mtable_100000_104630_104890.txt,bdcf1e4d1e1a27d87c2d6bde19b50853a380745679114c5863cdb8348f60e5b4,286667,100000,104630,104890,104629,104890,100000,matlab_1based_inclusive,261,plain,False,False,ABP,True,ABP,slide_text,True,NA,111,NA,NA,NA,NA,NA,NA,NA,NA,SINGLE_LINE_FORMAT
243,tilt12744mtable,243_UCR_Anomaly_tilt12744mtable_100000_203355_203400.txt,262cc3a6e8150ac228f749e45b302a24c7fe2ca8fc6309c1148f9b3659f402a3,250001,100000,203355,203400,203354,203400,100000,matlab_1based_inclusive,46,plain,False,False,ABP,True,ABP,slide_text,True,NA,111,NA,NA,NA,NA,NA,NA,NA,NA,SINGLE_LINE_FORMAT
244,tilt12754table,244_UCR_Anomaly_tilt12754table_100013_104630_104890.txt,171a94bef9498dde70635b6082d7acd777ab6b57477327c03b41a1b430b00bfd,300262,100013,104630,104890,104629,104890,100013,matlab_1based_inclusive,261,plain,False,False,ABP,True,ABP,slide_text,True,NA,111;112,NA,NA,NA,NA,NA,NA,NA,NA,none
245,tilt12754table,245_UCR_Anomaly_tilt12754table_100211_270800_271070.txt,456c15fa5ef99df2c2feb6cb9120c802cb8cd167d54de32fcd18d901eec21a56,298747,100211,270800,271070,270799,271070,100211,matlab_1based_inclusive,271,plain,False,False,ABP,True,ABP,slide_text,True,NA,111;112,NA,NA,NA,NA,NA,NA,NA,NA,none
246,tilt12755mtable,246_UCR_Anomaly_tilt12755mtable_100211_270800_271070.txt,c1cddc07d5191415d947d81115f7f64b6af54b5f451c49b816e001f4d8e8f4bc,299867,100211,270800,271070,270799,271070,100211,matlab_1based_inclusive,271,plain,False,False,ABP,True,ABP,slide_text,True,NA,112,NA,NA,NA,NA,NA,NA,NA,NA,DECK_FIELDS_DIFFER
247,tilt12755mtable,247_UCR_Anomaly_tilt12755mtable_50211_121900_121980.txt,c5c409fbf5b7e85aacc29661121947e862528ac6110b4a830ff5dc3a0f006f5c,200000,50211,121900,121980,121899,121980,50211,matlab_1based_inclusive,81,plain,False,False,ABP,True,ABP,slide_text,True,NA,112,NA,NA,NA,NA,NA,NA,NA,NA,none
248,weallwalk,248_UCR_Anomaly_weallwalk_2000_4702_4707.txt,3b382c5a4e6208fb7932be05ad1f2e97498ed44b2f7ae7573fda20b18aba42bb,8432,2000,4702,4707,4701,4707,2000,matlab_1based_inclusive,6,plain,False,False,Gait,False,Gait,source_line,True,WeAllWalk,114,NA,NA,NA,NA,NA,NA,NA,NA,none
249,weallwalk,249_UCR_Anomaly_weallwalk_2753_8285_8315.txt,f029366afae2dc7909680b2ff6cbbe4b75988f9ac8ab64293c2bc3af06a6b3f1,10524,2753,8285,8315,8284,8315,2753,matlab_1based_inclusive,31,plain,False,False,Gait,False,Gait,source_line,True,WeAllWalk,114,NA,NA,NA,NA,NA,NA,NA,NA,none
250,weallwalk,250_UCR_Anomaly_weallwalk_2951_7290_7296.txt,8f307774391be1f540541c31a4b7bbe1fbadf5f5e6015be1009fb64d12b480ca,10468,2951,7290,7296,7289,7296,2951,matlab_1based_inclusive,7,plain,False,False,Gait,False,Gait,source_line,True,WeAllWalk,114,NA,NA,NA,NA,NA,NA,NA,NA,none
