subset,target,op,L_rel,n_series,point,ci_lo,ci_hi,wilson_lo,wilson_hi,B,seed,ci_contains_0,k
all,ai,B1_zero,0.25,89,0.8200794392,0.55124085,1.672160101,,,2000,20260928,False,
all,ai,B1_zero,0.5,89,1.420020335,1.037869524,1.949386504,,,2000,20260928,False,
all,ai,B1_zero,1.0,87,2.281662551,1.816770024,3.261451431,,,2000,20260928,False,
all,ai,B2_global_mean,0.25,89,0.4952047376,0.3179669917,0.8243123911,,,2000,20260928,False,
all,ai,B2_global_mean,0.5,89,1.2388009,0.828497127,1.641942473,,,2000,20260928,False,
all,ai,B2_global_mean,1.0,87,2.292411919,1.7988504,3.153066475,,,2000,20260928,False,
all,ai,B3_local_mean,0.25,89,0.4377945858,0.2646982757,0.729353994,,,2000,20260928,False,
all,ai,B3_local_mean,0.5,89,1.100743676,0.8470469307,1.636616062,,,2000,20260928,False,
all,ai,B3_local_mean,1.0,87,2.290679159,1.778071545,3.097492382,,,2000,20260928,False,
all,ai,B4_linear_interp,0.25,89,0.1183931502,0.06410956579,0.1922141366,,,2000,20260928,False,
all,ai,B4_linear_interp,0.5,89,0.8780249147,0.5490148958,1.145176389,,,2000,20260928,False,
all,ai,B4_linear_interp,1.0,87,1.568778342,1.238034308,2.149681254,,,2000,20260928,False,
all,ai,B5_gaussian,0.25,89,1.239506697,1.068463812,2.202101096,,,2000,20260928,False,
all,ai,B5_gaussian,0.5,89,2.055312579,1.543205801,2.895590477,,,2000,20260928,False,
all,ai,B5_gaussian,1.0,87,2.51522338,2.06516635,3.634890182,,,2000,20260928,False,
all,ai,B6_shuffle,0.25,89,0.2920088027,0.1997278884,0.4688079851,,,2000,20260928,False,
all,ai,B6_shuffle,0.5,89,1.428980912,1.08582184,1.853142926,,,2000,20260928,False,
all,ai,B6_shuffle,1.0,87,2.39388984,1.75456325,3.005927807,,,2000,20260928,False,
all,ai,recon_test,0.25,89,0.00202404374,0.0008053508164,0.004696596817,,,2000,20260928,False,
all,ai,recon_test,0.5,89,0.005724522726,0.0006879168041,0.01117956478,,,2000,20260928,False,
all,ai,recon_test,1.0,87,0.02275538826,0.01614096873,0.03724201986,,,2000,20260928,False,
all,ai,recon_train,0.25,89,0.003400078714,0.0005100828442,0.006846685352,,,2000,20260928,False,
all,ai,recon_train,0.5,89,0.004633774041,0,0.01226301546,,,2000,20260928,True,
all,ai,recon_train,1.0,87,0.01232007666,0.004444103236,0.03471591322,,,2000,20260928,False,
all,ai,identity,0.25,89,0,0,0,,,2000,20260928,True,
all,ai,identity,0.5,89,0,0,0,,,2000,20260928,True,
all,ai,identity,1.0,87,0,0,0,,,2000,20260928,True,
all,reversal,B1_zero,,89,0.8314606742,0.7528089888,0.9101123596,0.7403744939,0.8951174593,2000,20260928,False,74
all,reversal,B2_global_mean,,89,0.7752808989,0.6853932584,0.8539325843,0.6782264082,0.8495550444,2000,20260928,False,69
all,reversal,B3_local_mean,,89,0.7752808989,0.6853932584,0.8651685393,0.6782264082,0.8495550444,2000,20260928,False,69
all,reversal,B4_linear_interp,,89,0.5617977528,0.4606741573,0.6629213483,0.4582820759,0.6601994747,2000,20260928,False,50
all,reversal,B5_gaussian,,89,0.8876404494,0.8202247191,0.9550561798,0.8053898871,0.9378125666,2000,20260928,False,79
all,reversal,B6_shuffle,,89,0.8764044944,0.808988764,0.9438202247,0.7920955237,0.9295648299,2000,20260928,False,78
all,reversal,recon_test,,89,0.191011236,0.1123595506,0.2808988764,0.1228195649,0.2847726822,2000,20260928,False,17
all,reversal,recon_train,,89,0.1573033708,0.08988764045,0.2471910112,0.09607809667,0.2468878501,2000,20260928,False,14
all,reversal,identity,,89,0,0,0,3.469446952e-18,0.04137654524,2000,20260928,True,0
all,sar,B1_zero,,89,0,0,0,,,2000,20260928,True,
all,sar,B2_global_mean,,89,0,0,0,,,2000,20260928,True,
all,sar,B3_local_mean,,87,0,0,0,,,2000,20260928,True,
all,sar,B4_linear_interp,,87,0,0,0.02250562567,,,2000,20260928,True,
all,sar,B5_gaussian,,89,0,0,0,,,2000,20260928,True,
all,sar,B6_shuffle,,83,0,0,0,,,2000,20260928,True,
all,sar,recon_test,,87,7.535763208,4.948271236,9.83719287,,,2000,20260928,False,
all,sar,recon_train,,87,4.948271638,2.347247888,6.976032871,,,2000,20260928,False,
all,sar,identity,,0,,,,,,2000,20260928,False,
all,sar_abs,B1_zero,,89,0.4025458717,0.2455739172,0.6437289705,,,2000,20260928,False,
all,sar_abs,B2_global_mean,,89,0.3375032957,0.2385088887,0.5183581965,,,2000,20260928,False,
all,sar_abs,B3_local_mean,,87,0.3368157044,0.2266392116,0.5799644927,,,2000,20260928,False,
all,sar_abs,B4_linear_interp,,87,0.3620703578,0.284311863,0.5865473613,,,2000,20260928,False,
all,sar_abs,B5_gaussian,,89,0.4280736043,0.3556515812,0.5701463338,,,2000,20260928,False,
all,sar_abs,B6_shuffle,,83,0.3783141418,0.2948697535,0.5408045971,,,2000,20260928,False,
all,sar_abs,recon_test,,87,7.765259766,5.199364408,9.83719287,,,2000,20260928,False,
all,sar_abs,recon_train,,87,5.304845168,3.279093844,8.783554972,,,2000,20260928,False,
all,sar_abs,identity,,0,,,,,,2000,20260928,False,
all,diff,B1_zero,0.25,89,0.8483041612,0.545947699,1.65888512,,,2000,20260928,False,
all,diff,B1_zero,0.5,89,1.38771266,1.0255756,1.907432473,,,2000,20260928,False,
all,diff,B1_zero,1.0,87,2.241363291,1.782043551,3.246752003,,,2000,20260928,False,
all,diff,B2_global_mean,0.25,89,0.4952212619,0.3124310262,0.8242075787,,,2000,20260928,False,
all,diff,B2_global_mean,0.5,89,1.214276163,0.8217771257,1.657113697,,,2000,20260928,False,
all,diff,B2_global_mean,1.0,87,2.247881116,1.782714592,3.092846708,,,2000,20260928,False,
all,diff,B3_local_mean,0.25,89,0.433390473,0.2653071139,0.6660994413,,,2000,20260928,False,
all,diff,B3_local_mean,0.5,89,1.087897502,0.8254846993,1.629961455,,,2000,20260928,False,
all,diff,B3_local_mean,1.0,87,2.241363291,1.749945661,3.044407292,,,2000,20260928,False,
all,diff,B4_linear_interp,0.25,89,0.1163691064,0.06008035924,0.1812663056,,,2000,20260928,False,
all,diff,B4_linear_interp,0.5,89,0.8768968944,0.5664270057,1.136999675,,,2000,20260928,False,
all,diff,B4_linear_interp,1.0,87,1.562595687,1.201182858,2.088808619,,,2000,20260928,False,
all,diff,B5_gaussian,0.25,89,1.224943108,1.068483712,2.219077389,,,2000,20260928,False,
all,diff,B5_gaussian,0.5,89,2.044122955,1.525795858,2.838041,,,2000,20260928,False,
all,diff,B5_gaussian,1.0,87,2.50112125,2.015763957,3.574670415,,,2000,20260928,False,
all,diff,B6_shuffle,0.25,89,0.2882748834,0.1920912433,0.4531397299,,,2000,20260928,False,
all,diff,B6_shuffle,0.5,89,1.436688633,1.043005798,1.820835251,,,2000,20260928,False,
all,diff,B6_shuffle,1.0,87,2.297459287,1.748380596,2.905318834,,,2000,20260928,False,
no_flagged,ai,B1_zero,0.25,79,0.7749153023,0.4717317907,1.439922965,,,2000,20260928,False,
no_flagged,ai,B1_zero,0.5,79,1.284190962,0.9427414225,1.799978894,,,2000,20260928,False,
no_flagged,ai,B1_zero,1.0,79,2.342073841,1.808586359,3.345233279,,,2000,20260928,False,
no_flagged,ai,B2_global_mean,0.25,79,0.4567753201,0.2309212934,0.7770237735,,,2000,20260928,False,
no_flagged,ai,B2_global_mean,0.5,79,1.09932353,0.7353281656,1.569974749,,,2000,20260928,False,
no_flagged,ai,B2_global_mean,1.0,79,2.3959264,1.794992708,3.170560294,,,2000,20260928,False,
no_flagged,ai,B3_local_mean,0.25,79,0.4084895659,0.2646982757,0.729353994,,,2000,20260928,False,
no_flagged,ai,B3_local_mean,0.5,79,1.185490021,0.8243979033,1.775164688,,,2000,20260928,False,
no_flagged,ai,B3_local_mean,1.0,79,2.319348752,1.778071545,3.308229043,,,2000,20260928,False,
no_flagged,ai,B4_linear_interp,0.25,79,0.1149706959,0.06259396134,0.1922141366,,,2000,20260928,False,
no_flagged,ai,B4_linear_interp,0.5,79,0.8612690605,0.4923988363,1.153571978,,,2000,20260928,False,
no_flagged,ai,B4_linear_interp,1.0,79,1.642596038,1.155206291,2.388967414,,,2000,20260928,False,
no_flagged,ai,B5_gaussian,0.25,79,1.203086442,1.00135554,1.80303748,,,2000,20260928,False,
no_flagged,ai,B5_gaussian,0.5,79,1.942266555,1.496481515,2.538971165,,,2000,20260928,False,
no_flagged,ai,B5_gaussian,1.0,79,2.514588676,2.002969488,3.634890182,,,2000,20260928,False,
no_flagged,ai,B6_shuffle,0.25,79,0.2920088027,0.2093835231,0.469906249,,,2000,20260928,False,
no_flagged,ai,B6_shuffle,0.5,79,1.416133594,0.9348648967,1.901314319,,,2000,20260928,False,
no_flagged,ai,B6_shuffle,1.0,79,2.421189525,1.75456325,3.205593829,,,2000,20260928,False,
no_flagged,ai,recon_test,0.25,79,0.002215830314,0.0007835414708,0.005293151028,,,2000,20260928,False,
no_flagged,ai,recon_test,0.5,79,0.005674863679,0.0006524198615,0.0111896242,,,2000,20260928,False,
no_flagged,ai,recon_test,1.0,79,0.02347822712,0.01656050798,0.03761353775,,,2000,20260928,False,
no_flagged,ai,recon_train,0.25,79,0.003895133815,0.0005100828442,0.01044764551,,,2000,20260928,False,
no_flagged,ai,recon_train,0.5,79,0.008354720706,0,0.01336266517,,,2000,20260928,True,
no_flagged,ai,recon_train,1.0,79,0.01306603732,0.004463917673,0.03471591322,,,2000,20260928,False,
no_flagged,ai,identity,0.25,79,0,0,0,,,2000,20260928,True,
no_flagged,ai,identity,0.5,79,0,0,0,,,2000,20260928,True,
no_flagged,ai,identity,1.0,79,0,0,0,,,2000,20260928,True,
no_flagged,reversal,B1_zero,,79,0.835443038,0.7594936709,0.9113924051,0.7385433477,0.901232928,2000,20260928,False,66
no_flagged,reversal,B2_global_mean,,79,0.7974683544,0.7088607595,0.8860759494,0.6960398755,0.8713088973,2000,20260928,False,63
no_flagged,reversal,B3_local_mean,,79,0.7974683544,0.7088607595,0.8860759494,0.6960398755,0.8713088973,2000,20260928,False,63
no_flagged,reversal,B4_linear_interp,,79,0.5949367089,0.4810126582,0.6962025316,0.4847315399,0.6963372174,2000,20260928,False,47
no_flagged,reversal,B5_gaussian,,79,0.9113924051,0.8481012658,0.9746835443,0.8282165775,0.956414704,2000,20260928,False,72
no_flagged,reversal,B6_shuffle,,79,0.9240506329,0.8607594937,0.9746835443,0.844045831,0.9647279515,2000,20260928,False,73
no_flagged,reversal,recon_test,,79,0.1898734177,0.1139240506,0.2784810127,0.1185823078,0.2899264184,2000,20260928,False,15
no_flagged,reversal,recon_train,,79,0.1518987342,0.07594936709,0.2278481013,0.08908267893,0.2469985444,2000,20260928,False,12
no_flagged,reversal,identity,,79,0,0,0,0,0.04637121165,2000,20260928,True,0
no_flagged,sar,B1_zero,,79,0,0,0,,,2000,20260928,True,
no_flagged,sar,B2_global_mean,,79,0,0,0,,,2000,20260928,True,
no_flagged,sar,B3_local_mean,,79,0,0,0,,,2000,20260928,True,
no_flagged,sar,B4_linear_interp,,79,0,0,0.02125769458,,,2000,20260928,True,
no_flagged,sar,B5_gaussian,,79,0,0,0,,,2000,20260928,True,
no_flagged,sar,B6_shuffle,,79,0,0,0,,,2000,20260928,True,
no_flagged,sar,recon_test,,79,7.07940063,4.447293642,9.598261533,,,2000,20260928,False,
no_flagged,sar,recon_train,,79,3.931841107,2.333529873,6.66570674,,,2000,20260928,False,
no_flagged,sar,identity,,0,,,,,,2000,20260928,False,
no_flagged,sar_abs,B1_zero,,79,0.3658728585,0.2336336818,0.5327294037,,,2000,20260928,False,
no_flagged,sar_abs,B2_global_mean,,79,0.3367699445,0.2000142533,0.5155580826,,,2000,20260928,False,
no_flagged,sar_abs,B3_local_mean,,79,0.306489058,0.1866840121,0.5293377612,,,2000,20260928,False,
no_flagged,sar_abs,B4_linear_interp,,79,0.3491294163,0.2180279052,0.5105222461,,,2000,20260928,False,
no_flagged,sar_abs,B5_gaussian,,79,0.4063606171,0.3271956931,0.56203706,,,2000,20260928,False,
no_flagged,sar_abs,B6_shuffle,,79,0.3783141418,0.2948697535,0.5408045971,,,2000,20260928,False,
no_flagged,sar_abs,recon_test,,79,7.151542817,5.151158782,9.598261533,,,2000,20260928,False,
no_flagged,sar_abs,recon_train,,79,4.549566269,2.881026807,6.753062505,,,2000,20260928,False,
no_flagged,sar_abs,identity,,0,,,,,,2000,20260928,False,
no_flagged,diff,B1_zero,0.25,79,0.7965924144,0.4584373969,1.439818152,,,2000,20260928,False,
no_flagged,diff,B1_zero,0.5,79,1.277536356,0.9370168998,1.798003899,,,2000,20260928,False,
no_flagged,diff,B1_zero,1.0,79,2.336880769,1.767439481,3.285013512,,,2000,20260928,False,
no_flagged,diff,B2_global_mean,0.25,79,0.4486211721,0.2418931597,0.8026397151,,,2000,20260928,False,
no_flagged,diff,B2_global_mean,0.5,79,1.157688385,0.6888133717,1.570550715,,,2000,20260928,False,
no_flagged,diff,B2_global_mean,1.0,79,2.308862705,1.762842936,3.155860866,,,2000,20260928,False,
no_flagged,diff,B3_local_mean,0.25,79,0.408332298,0.2653071139,0.6660994413,,,2000,20260928,False,
no_flagged,diff,B3_local_mean,0.5,79,1.214951531,0.7824438724,1.763985123,,,2000,20260928,False,
no_flagged,diff,B3_local_mean,1.0,79,2.301417714,1.749945661,3.248009276,,,2000,20260928,False,
no_flagged,diff,B4_linear_interp,0.25,79,0.1160326916,0.05355714573,0.1812663056,,,2000,20260928,False,
no_flagged,diff,B4_linear_interp,0.5,79,0.8327000023,0.50716301,1.151713431,,,2000,20260928,False,
no_flagged,diff,B4_linear_interp,1.0,79,1.633894093,1.1021212,2.354847446,,,2000,20260928,False,
no_flagged,diff,B5_gaussian,0.25,79,1.202981629,1.003849235,1.801048182,,,2000,20260928,False,
no_flagged,diff,B5_gaussian,0.5,79,1.886040984,1.495353495,2.545493166,,,2000,20260928,False,
no_flagged,diff,B5_gaussian,1.0,79,2.493460184,1.996786833,3.574670415,,,2000,20260928,False,
no_flagged,diff,B6_shuffle,0.25,79,0.2882748834,0.1920912433,0.4747738173,,,2000,20260928,False,
no_flagged,diff,B6_shuffle,0.5,79,1.422655594,0.9381254608,1.840109592,,,2000,20260928,False,
no_flagged,diff,B6_shuffle,1.0,79,2.331818986,1.748380596,3.101625727,,,2000,20260928,False,
ECG,ai,B1_zero,0.25,51,0.2701125144,0.2193329746,0.6542729229,,,2000,20260928,False,
ECG,ai,B1_zero,0.5,51,0.7980131361,0.6214144092,1.26915163,,,2000,20260928,False,
ECG,ai,B1_zero,1.0,51,1.816770024,1.403593897,2.646955094,,,2000,20260928,False,
ECG,ai,B2_global_mean,0.25,51,0.2534396804,0.1921751381,0.4653876912,,,2000,20260928,False,
ECG,ai,B2_global_mean,0.5,51,0.7767227304,0.4363315178,1.240805101,,,2000,20260928,False,
ECG,ai,B2_global_mean,1.0,51,1.7988504,1.387950648,2.517519061,,,2000,20260928,False,
ECG,ai,B3_local_mean,0.25,51,0.3341350794,0.1999958718,0.4644465718,,,2000,20260928,False,
ECG,ai,B3_local_mean,0.5,51,0.8847995632,0.4912822757,1.391744359,,,2000,20260928,False,
ECG,ai,B3_local_mean,1.0,51,1.790011627,1.387950648,2.647057216,,,2000,20260928,False,
ECG,ai,B4_linear_interp,0.25,51,0.1137289961,0.06099096768,0.1599643006,,,2000,20260928,False,
ECG,ai,B4_linear_interp,0.5,51,0.7180826979,0.3532030966,1.129291955,,,2000,20260928,False,
ECG,ai,B4_linear_interp,1.0,51,1.488910606,0.8106943085,1.895246372,,,2000,20260928,False,
ECG,ai,B5_gaussian,0.25,51,1.00135554,0.796990984,1.367002039,,,2000,20260928,False,
ECG,ai,B5_gaussian,0.5,51,1.466387137,1.208437196,2.055312579,,,2000,20260928,False,
ECG,ai,B5_gaussian,1.0,51,2.004656119,1.522882776,2.495527284,,,2000,20260928,False,
ECG,ai,B6_shuffle,0.25,51,0.2598435919,0.1541808127,0.3702468332,,,2000,20260928,False,
ECG,ai,B6_shuffle,0.5,51,1.159180348,0.6454728699,1.696239935,,,2000,20260928,False,
ECG,ai,B6_shuffle,1.0,51,1.943185406,1.145871109,2.421189525,,,2000,20260928,False,
ECG,ai,recon_test,0.25,51,0.001463922964,0.0002709892548,0.004477852904,,,2000,20260928,False,
ECG,ai,recon_test,0.5,51,0.005204955211,-0.0003010923777,0.01176697672,,,2000,20260928,True,
ECG,ai,recon_test,1.0,51,0.02347822712,0.01614096873,0.04114687755,,,2000,20260928,False,
ECG,ai,recon_train,0.25,51,0.0009292976875,0,0.006977473057,,,2000,20260928,True,
ECG,ai,recon_train,0.5,51,0.008910300198,0.001038606623,0.01596196998,,,2000,20260928,False,
ECG,ai,recon_train,1.0,51,0.01306603732,0.003342394983,0.06286581568,,,2000,20260928,False,
ECG,ai,identity,0.25,51,0,0,0,,,2000,20260928,True,
ECG,ai,identity,0.5,51,0,0,0,,,2000,20260928,True,
ECG,ai,identity,1.0,51,0,0,0,,,2000,20260928,True,
ECG,reversal,B1_zero,,51,0.7450980392,0.6274509804,0.862745098,0.6113171816,0.8445423184,2000,20260928,False,38
ECG,reversal,B2_global_mean,,51,0.7254901961,0.6078431373,0.8431372549,0.5905334924,0.8288572477,2000,20260928,False,37
ECG,reversal,B3_local_mean,,51,0.7254901961,0.6078431373,0.8431372549,0.5905334924,0.8288572477,2000,20260928,False,37
ECG,reversal,B4_linear_interp,,51,0.568627451,0.431372549,0.6867647059,0.4326530211,0.6949876389,2000,20260928,False,29
ECG,reversal,B5_gaussian,,51,0.8431372549,0.7254901961,0.9411764706,0.7198955323,0.9183077678,2000,20260928,False,43
ECG,reversal,B6_shuffle,,51,0.862745098,0.7647058824,0.9607843137,0.7427830774,0.9318889826,2000,20260928,False,44
ECG,reversal,recon_test,,51,0.1960784314,0.09803921569,0.3137254902,0.1101534251,0.3245807948,2000,20260928,False,10
ECG,reversal,recon_train,,51,0.137254902,0.05882352941,0.2352941176,0.06811101735,0.2572169226,2000,20260928,False,7
ECG,reversal,identity,,51,0,0,0,0,0.0700466199,2000,20260928,True,0
nonECG,ai,B1_zero,0.25,38,2.901170119,1.875493724,6.063003856,,,2000,20260928,False,
nonECG,ai,B1_zero,0.5,38,2.977805284,1.766740357,7.162969965,,,2000,20260928,False,
nonECG,ai,B1_zero,1.0,36,3.644004692,2.281418793,4.760495107,,,2000,20260928,False,
nonECG,ai,B2_global_mean,0.25,38,1.566340749,0.7071705025,2.795054195,,,2000,20260928,False,
nonECG,ai,B2_global_mean,0.5,38,2.16196193,1.242192062,5.034172334,,,2000,20260928,False,
nonECG,ai,B2_global_mean,1.0,36,3.544718094,2.292199925,4.760495107,,,2000,20260928,False,
nonECG,ai,B3_local_mean,0.25,38,1.412483169,0.3844192536,2.004107332,,,2000,20260928,False,
nonECG,ai,B3_local_mean,0.5,38,2.013540681,0.9516826005,3.052525116,,,2000,20260928,False,
nonECG,ai,B3_local_mean,1.0,36,2.914105169,2.102632945,4.682487818,,,2000,20260928,False,
nonECG,ai,B4_linear_interp,0.25,38,0.237094589,0.03621273448,0.4084557921,,,2000,20260928,False,
nonECG,ai,B4_linear_interp,0.5,38,1.087272531,0.601127616,1.672012706,,,2000,20260928,False,
nonECG,ai,B4_linear_interp,1.0,36,2.217716384,0.9338592751,3.147550341,,,2000,20260928,False,
nonECG,ai,B5_gaussian,0.25,38,2.844244137,1.446084099,5.268648981,,,2000,20260928,False,
nonECG,ai,B5_gaussian,0.5,38,3.849717379,2.170744309,7.97515877,,,2000,20260928,False,
nonECG,ai,B5_gaussian,1.0,36,5.032400699,2.786012043,9.118851709,,,2000,20260928,False,
nonECG,ai,B6_shuffle,0.25,38,0.5308902628,0.2208691355,0.9486188837,,,2000,20260928,False,
nonECG,ai,B6_shuffle,0.5,38,2.159521403,1.331799236,3.385553325,,,2000,20260928,False,
nonECG,ai,B6_shuffle,1.0,36,3.565954223,2.438487144,5.453441042,,,2000,20260928,False,
nonECG,ai,recon_test,0.25,38,0.003673823556,5.240617447e-05,0.007818728294,,,2000,20260928,False,
nonECG,ai,recon_test,0.5,38,0.008632243281,0,0.02001479598,,,2000,20260928,True,
nonECG,ai,recon_test,1.0,36,0.02199685425,0.008235183469,0.03996250973,,,2000,20260928,False,
nonECG,ai,recon_train,0.25,38,0.004956126705,0.0006212969309,0.01074833337,,,2000,20260928,False,
nonECG,ai,recon_train,0.5,38,0.0006860275539,-0.0003863713116,0.01333006973,,,2000,20260928,True,
nonECG,ai,recon_train,1.0,36,0.00814292476,0,0.03256901661,,,2000,20260928,True,
nonECG,ai,identity,0.25,38,0,0,0,,,2000,20260928,True,
nonECG,ai,identity,0.5,38,0,0,0,,,2000,20260928,True,
nonECG,ai,identity,1.0,36,0,0,0,,,2000,20260928,True,
nonECG,reversal,B1_zero,,38,0.9473684211,0.8684210526,1,0.8271453787,0.9854457919,2000,20260928,False,36
nonECG,reversal,B2_global_mean,,38,0.8421052632,0.7105263158,0.9473684211,0.6958318822,0.9255613658,2000,20260928,False,32
nonECG,reversal,B3_local_mean,,38,0.8421052632,0.7361842105,0.9473684211,0.6958318822,0.9255613658,2000,20260928,False,32
nonECG,reversal,B4_linear_interp,,38,0.5526315789,0.3947368421,0.7105263158,0.3970629712,0.69853599,2000,20260928,False,21
nonECG,reversal,B5_gaussian,,38,0.9473684211,0.8684210526,1,0.8271453787,0.9854457919,2000,20260928,False,36
nonECG,reversal,B6_shuffle,,38,0.8947368421,0.7894736842,0.9736842105,0.7586947828,0.9582974265,2000,20260928,False,34
nonECG,reversal,recon_test,,38,0.1842105263,0.07894736842,0.3157894737,0.09221765185,0.3341885807,2000,20260928,False,7
nonECG,reversal,recon_train,,38,0.1842105263,0.07894736842,0.3157894737,0.09221765185,0.3341885807,2000,20260928,False,7
nonECG,reversal,identity,,38,0,0,0,0,0.09180986823,2000,20260928,True,0
ECG_no_flagged,ai,B1_zero,0.25,49,0.2701125144,0.2193329746,0.6542729229,,,2000,20260928,False,
ECG_no_flagged,ai,B1_zero,0.5,49,0.758861927,0.4228959835,1.269527613,,,2000,20260928,False,
ECG_no_flagged,ai,B1_zero,1.0,49,1.816770024,1.585721282,2.802429127,,,2000,20260928,False,
ECG_no_flagged,ai,B2_global_mean,0.25,49,0.2534396804,0.1921751381,0.4661331174,,,2000,20260928,False,
ECG_no_flagged,ai,B2_global_mean,0.5,49,0.7753683935,0.4261012124,1.246583838,,,2000,20260928,False,
ECG_no_flagged,ai,B2_global_mean,1.0,49,1.7988504,1.576718635,2.849077495,,,2000,20260928,False,
ECG_no_flagged,ai,B3_local_mean,0.25,49,0.3341350794,0.2049892657,0.5291975494,,,2000,20260928,False,
ECG_no_flagged,ai,B3_local_mean,0.5,49,0.8759643781,0.4753950675,1.394886398,,,2000,20260928,False,
ECG_no_flagged,ai,B3_local_mean,1.0,49,1.790011627,1.576718635,2.802429127,,,2000,20260928,False,
ECG_no_flagged,ai,B4_linear_interp,0.25,49,0.09014860835,0.05436249655,0.1599643006,,,2000,20260928,False,
ECG_no_flagged,ai,B4_linear_interp,0.5,49,0.6858357356,0.3115624143,1.153571978,,,2000,20260928,False,
ECG_no_flagged,ai,B4_linear_interp,1.0,49,1.488910606,0.8083392358,1.895246372,,,2000,20260928,False,
ECG_no_flagged,ai,B5_gaussian,0.25,49,1.025574289,0.796990984,1.457366629,,,2000,20260928,False,
ECG_no_flagged,ai,B5_gaussian,0.5,49,1.543205801,1.147230753,2.055312579,,,2000,20260928,False,
ECG_no_flagged,ai,B5_gaussian,1.0,49,2.004656119,1.465792159,2.495527284,,,2000,20260928,False,
ECG_no_flagged,ai,B6_shuffle,0.25,49,0.2598435919,0.1568301467,0.3702468332,,,2000,20260928,False,
ECG_no_flagged,ai,B6_shuffle,0.5,49,1.043658218,0.6452833375,1.697249861,,,2000,20260928,False,
ECG_no_flagged,ai,B6_shuffle,1.0,49,1.943185406,1.145871109,2.421189525,,,2000,20260928,False,
ECG_no_flagged,ai,recon_test,0.25,49,0.001463922964,0.0002709892548,0.006282332925,,,2000,20260928,False,
ECG_no_flagged,ai,recon_test,0.5,49,0.005204955211,-0.0001291524337,0.01284617356,,,2000,20260928,True,
ECG_no_flagged,ai,recon_test,1.0,49,0.02371256961,0.01656050798,0.04488985106,,,2000,20260928,False,
ECG_no_flagged,ai,recon_train,0.25,49,0.001327602126,0.0002609604772,0.006996175499,,,2000,20260928,False,
ECG_no_flagged,ai,recon_train,0.5,49,0.009297370328,0.002627901983,0.01719362133,,,2000,20260928,False,
ECG_no_flagged,ai,recon_train,1.0,49,0.01326757894,0.003342394983,0.08250543395,,,2000,20260928,False,
ECG_no_flagged,ai,identity,0.25,49,0,0,0,,,2000,20260928,True,
ECG_no_flagged,ai,identity,0.5,49,0,0,0,,,2000,20260928,True,
ECG_no_flagged,ai,identity,1.0,49,0,0,0,,,2000,20260928,True,
ECG_no_flagged,reversal,B1_zero,,49,0.7755102041,0.6530612245,0.8775510204,0.6412121276,0.8697502985,2000,20260928,False,38
ECG_no_flagged,reversal,B2_global_mean,,49,0.7551020408,0.6326530612,0.8775510204,0.6191368101,0.8539765474,2000,20260928,False,37
ECG_no_flagged,reversal,B3_local_mean,,49,0.7551020408,0.6326530612,0.8775510204,0.6191368101,0.8539765474,2000,20260928,False,37
ECG_no_flagged,reversal,B4_linear_interp,,49,0.5918367347,0.4489795918,0.7142857143,0.4524731939,0.7178476148,2000,20260928,False,29
ECG_no_flagged,reversal,B5_gaussian,,49,0.8775510204,0.7755102041,0.9591836735,0.7575560271,0.9426517421,2000,20260928,False,43
ECG_no_flagged,reversal,B6_shuffle,,49,0.8979591837,0.8163265306,0.9795918367,0.7824363845,0.9556204533,2000,20260928,False,44
ECG_no_flagged,reversal,recon_test,,49,0.2040816327,0.1020408163,0.3265306122,0.1148184961,0.3363700092,2000,20260928,False,10
ECG_no_flagged,reversal,recon_train,,49,0.1428571429,0.0612244898,0.2448979592,0.0709642372,0.2666770622,2000,20260928,False,7
ECG_no_flagged,reversal,identity,,49,0,0,0,6.938893904e-18,0.07269781922,2000,20260928,True,0
nonECG_no_flagged,ai,B1_zero,0.25,30,2.793922146,1.761042003,3.572687799,,,2000,20260928,False,
nonECG_no_flagged,ai,B1_zero,0.5,30,2.815244777,1.674012794,3.407748509,,,2000,20260928,False,
nonECG_no_flagged,ai,B1_zero,1.0,30,3.644004692,2.262161945,4.633759895,,,2000,20260928,False,
nonECG_no_flagged,ai,B2_global_mean,0.25,30,1.356301375,0.4780420794,2.075412108,,,2000,20260928,False,
nonECG_no_flagged,ai,B2_global_mean,0.5,30,1.899788487,1.098903772,2.464586502,,,2000,20260928,False,
nonECG_no_flagged,ai,B2_global_mean,1.0,30,3.544718094,2.275452437,4.713485734,,,2000,20260928,False,
nonECG_no_flagged,ai,B3_local_mean,0.25,30,1.412483169,0.3620736244,1.830837789,,,2000,20260928,False,
nonECG_no_flagged,ai,B3_local_mean,0.5,30,2.013540681,0.9516826005,2.772519758,,,2000,20260928,False,
nonECG_no_flagged,ai,B3_local_mean,1.0,30,3.559549017,2.290679159,4.721491462,,,2000,20260928,False,
nonECG_no_flagged,ai,B4_linear_interp,0.25,30,0.237094589,0.05079312237,0.3991275002,,,2000,20260928,False,
nonECG_no_flagged,ai,B4_linear_interp,0.5,30,1.087272531,0.7044342774,1.477751003,,,2000,20260928,False,
nonECG_no_flagged,ai,B4_linear_interp,1.0,30,2.375672884,1.044853948,3.233597884,,,2000,20260928,False,
nonECG_no_flagged,ai,B5_gaussian,0.25,30,2.697929209,1.198779877,3.852663532,,,2000,20260928,False,
nonECG_no_flagged,ai,B5_gaussian,0.5,30,3.75494544,1.87980705,4.599138827,,,2000,20260928,False,
nonECG_no_flagged,ai,B5_gaussian,1.0,30,4.906582889,2.68795139,6.251681676,,,2000,20260928,False,
nonECG_no_flagged,ai,B6_shuffle,0.25,30,0.5308902628,0.2382094217,0.8184915748,,,2000,20260928,False,
nonECG_no_flagged,ai,B6_shuffle,0.5,30,2.159521403,1.331799236,3.122373182,,,2000,20260928,False,
nonECG_no_flagged,ai,B6_shuffle,1.0,30,4.48444805,2.466383365,5.829432747,,,2000,20260928,False,
nonECG_no_flagged,ai,recon_test,0.25,30,0.003673823556,9.852354961e-05,0.009734673084,,,2000,20260928,False,
nonECG_no_flagged,ai,recon_test,0.5,30,0.006697153192,-0.0001837845697,0.01614137691,,,2000,20260928,True,
nonECG_no_flagged,ai,recon_test,1.0,30,0.02199685425,0.008235183469,0.03919374559,,,2000,20260928,False,
nonECG_no_flagged,ai,recon_train,0.25,30,0.007521833952,0.0006168744891,0.01264770536,,,2000,20260928,False,
nonECG_no_flagged,ai,recon_train,0.5,30,0.0006860275539,-0.001149131441,0.01334616115,,,2000,20260928,True,
nonECG_no_flagged,ai,recon_train,1.0,30,0.00814292476,0.001162866939,0.0311893586,,,2000,20260928,False,
nonECG_no_flagged,ai,identity,0.25,30,0,0,0,,,2000,20260928,True,
nonECG_no_flagged,ai,identity,0.5,30,0,0,0,,,2000,20260928,True,
nonECG_no_flagged,ai,identity,1.0,30,0,0,0,,,2000,20260928,True,
nonECG_no_flagged,reversal,B1_zero,,30,0.9333333333,0.8333333333,1,0.7867654164,0.9815229762,2000,20260928,False,28
nonECG_no_flagged,reversal,B2_global_mean,,30,0.8666666667,0.7333333333,0.9666666667,0.7031867332,0.9469034452,2000,20260928,False,26
nonECG_no_flagged,reversal,B3_local_mean,,30,0.8666666667,0.7333333333,0.9666666667,0.7031867332,0.9469034452,2000,20260928,False,26
nonECG_no_flagged,reversal,B4_linear_interp,,30,0.6,0.4,0.7666666667,0.4232036025,0.7540937188,2000,20260928,False,18
nonECG_no_flagged,reversal,B5_gaussian,,30,0.9666666667,0.9,1,0.8332960901,0.9940914096,2000,20260928,False,29
nonECG_no_flagged,reversal,B6_shuffle,,30,0.9666666667,0.9,1,0.8332960901,0.9940914096,2000,20260928,False,29
nonECG_no_flagged,reversal,recon_test,,30,0.1666666667,0.03333333333,0.3,0.07336542372,0.3356435051,2000,20260928,False,5
nonECG_no_flagged,reversal,recon_train,,30,0.1666666667,0.03333333333,0.3008333333,0.07336542372,0.3356435051,2000,20260928,False,5
nonECG_no_flagged,reversal,identity,,30,0,0,0,0,0.1135133932,2000,20260928,True,0
