table,eval_op,am,source,n,mean_dds,pes,f,u,zero,median,q25,q75,iqr,cmi,sign_dds,sign_pes,sign_type,rank
main,B1_zero,Random,main,89,-0.208462859,-0.1573033708,0.4157303371,0.5730337079,0.01123595506,-0.02984086319,-0.2722970405,0.06422440643,0.336521447,0.1793052925,−,−,"(−,−)",1
d,B1_zero,Random,v1 main,89,-0.208462859,-0.1573033708,0.4157303371,0.5730337079,0.01123595506,-0.02984086319,-0.2722970405,0.06422440643,0.336521447,0.1793052925,−,−,"(−,−)",1
b,B1_zero,Random,main,89,-0.208462859,-0.1573033708,0.4157303371,0.5730337079,0.01123595506,-0.02984086319,-0.2722970405,0.06422440643,0.336521447,0.1793052925,−,−,"(−,−)",3
c,B1_zero,Random,main,89,-0.208462859,-0.1573033708,0.4157303371,0.5730337079,0.01123595506,-0.02984086319,-0.2722970405,0.06422440643,0.336521447,0.1793052925,−,−,"(−,−)",1
main,B1_zero,FeatureAblation,main,89,-0.0706683193,0.1011235955,0.5393258427,0.4382022472,0.02247191011,0.01731393918,-0.1363431277,0.2130383074,0.3493814351,0,−,+,충돌,3.5
d,B1_zero,FeatureAblation,v1 main,89,-0.1717419888,0.05617977528,0.5168539326,0.4606741573,0.02247191011,0.02084947769,-0.1042642201,0.159276932,0.2635411521,0,−,+,충돌,3.5
b,B1_zero,FeatureAblation,self,89,1.343690707,0.8988764045,0.9438202247,0.04494382022,0.01123595506,0.5556604029,0.160761811,1.656658921,1.49589711,1.077168987,+,+,"(+,+)",1
c,B1_zero,FeatureAblation,abs,89,-0.1658288684,0,0.4943820225,0.4943820225,0.01123595506,0,-0.2802655653,0.1856451905,0.4659107558,0,−,0,0 포함,3.5
main,B1_zero,KernelSHAP,main,89,-0.002883209808,0.1235955056,0.5617977528,0.4382022472,0,0.03157629309,-0.1930921725,0.2169578262,0.4100499987,0,−,+,충돌,3.5
d,B1_zero,KernelSHAP,v1 main,89,-0.002883209808,0.1235955056,0.5617977528,0.4382022472,0,0.03157629309,-0.1930921725,0.2169578262,0.4100499987,0,−,+,충돌,3.5
b,B1_zero,KernelSHAP,self,89,1.197731838,0.9101123596,0.9438202247,0.03370786517,0.02247191011,0.5056316129,0.1953522869,1.077830233,0.8824779465,1.034298978,+,+,"(+,+)",2
c,B1_zero,KernelSHAP,abs,89,0.07958762435,0,0.4943820225,0.4943820225,0.01123595506,0,-0.2093011235,0.2684427037,0.4777438273,0,+,0,0 포함,3.5
main,B1_zero,MPNative,main,89,-0.1747951909,-0.1460674157,0.4269662921,0.5730337079,0,-0.04427454677,-0.379210191,0.1477996101,0.5270098011,0.1591452621,−,−,"(−,−)",2
d,B1_zero,MPNative,v1 main,89,-0.09692660719,-0.06741573034,0.4494382022,0.5168539326,0.03370786517,-0.002140738182,-0.1722605665,0.1774643217,0.3497248882,0.07952154157,−,−,"(−,−)",2
b,B1_zero,MPNative,main,89,-0.1747951909,-0.1460674157,0.4269662921,0.5730337079,0,-0.04427454677,-0.379210191,0.1477996101,0.5270098011,0.1591452621,−,−,"(−,−)",4
c,B1_zero,MPNative,main,89,-0.1747951909,-0.1460674157,0.4269662921,0.5730337079,0,-0.04427454677,-0.379210191,0.1477996101,0.5270098011,0.1591452621,−,−,"(−,−)",2
main,B2_global_mean,Random,main,89,-0.1141735372,-0.04494382022,0.4719101124,0.5168539326,0.01123595506,-0.006941622398,-0.1414008332,0.2673322488,0.408733082,0.06449824221,−,−,"(−,−)",4
d,B2_global_mean,Random,v1 main,89,-0.1141735372,-0.04494382022,0.4719101124,0.5168539326,0.01123595506,-0.006941622398,-0.1414008332,0.2673322488,0.408733082,0.06449824221,−,−,"(−,−)",3
b,B2_global_mean,Random,main,89,-0.1141735372,-0.04494382022,0.4719101124,0.5168539326,0.01123595506,-0.006941622398,-0.1414008332,0.2673322488,0.408733082,0.06449824221,−,−,"(−,−)",4
c,B2_global_mean,Random,main,89,-0.1141735372,-0.04494382022,0.4719101124,0.5168539326,0.01123595506,-0.006941622398,-0.1414008332,0.2673322488,0.408733082,0.06449824221,−,−,"(−,−)",3
main,B2_global_mean,FeatureAblation,main,89,0.2679396619,0.2584269663,0.6179775281,0.3595505618,0.02247191011,0.05063342006,-0.06867548606,0.3978237596,0.4664992456,0.2630973556,+,+,"(+,+)",2
d,B2_global_mean,FeatureAblation,v1 main,89,0.2786792727,0.3258426966,0.6516853933,0.3258426966,0.02247191011,0.06247096923,-0.04873173169,0.380721562,0.4294532936,0.3004211933,+,+,"(+,+)",1
b,B2_global_mean,FeatureAblation,self,89,1.838849788,0.8764044944,0.9325842697,0.05617977528,0.01123595506,0.6429605707,0.2125689299,1.828302725,1.615733795,1.187053625,+,+,"(+,+)",2
c,B2_global_mean,FeatureAblation,abs,89,-0.4855547641,-0.2247191011,0.3820224719,0.606741573,0.01123595506,-0.03937162846,-0.5033441927,0.1190578223,0.622402015,0.3072432634,−,−,"(−,−)",2
main,B2_global_mean,KernelSHAP,main,89,0.1313787104,0.2808988764,0.6404494382,0.3595505618,0,0.09203171568,-0.1908828639,0.2731121434,0.4639950074,0.1790256532,+,+,"(+,+)",3
d,B2_global_mean,KernelSHAP,v1 main,89,0.1313787104,0.2808988764,0.6404494382,0.3595505618,0,0.09203171568,-0.1908828639,0.2731121434,0.4639950074,0.1790256532,+,+,"(+,+)",2
b,B2_global_mean,KernelSHAP,self,89,1.918248313,0.9550561798,0.9775280899,0.02247191011,0,0.6066534399,0.2566634497,1.573668821,1.317005371,1.27521111,+,+,"(+,+)",1
c,B2_global_mean,KernelSHAP,abs,89,-0.2775818945,0.06741573034,0.5280898876,0.4606741573,0.01123595506,0.02273738367,-0.1949818542,0.2674772898,0.462459144,0,−,+,충돌,4
main,B2_global_mean,MPNative,main,89,-0.3543299473,-0.393258427,0.3033707865,0.6966292135,0,-0.09819747658,-0.4942416943,0.05761166497,0.5518533593,0.3727806437,−,−,"(−,−)",1
d,B2_global_mean,MPNative,v1 main,89,-0.1465154052,-0.03370786517,0.4719101124,0.5056179775,0.02247191011,-0.002883189301,-0.2148004849,0.1301111236,0.3449116085,0.05480670186,−,−,"(−,−)",4
b,B2_global_mean,MPNative,main,89,-0.3543299473,-0.393258427,0.3033707865,0.6966292135,0,-0.09819747658,-0.4942416943,0.05761166497,0.5518533593,0.3727806437,−,−,"(−,−)",3
c,B2_global_mean,MPNative,main,89,-0.3543299473,-0.393258427,0.3033707865,0.6966292135,0,-0.09819747658,-0.4942416943,0.05761166497,0.5518533593,0.3727806437,−,−,"(−,−)",1
main,B3_local_mean,Random,main,89,-0.04774243934,-0.06741573034,0.4606741573,0.5280898876,0.01123595506,-0.013349116,-0.1926645897,0.1820362128,0.3747008025,0.05589862057,−,−,"(−,−)",4
d,B3_local_mean,Random,v1 main,89,-0.04774243934,-0.06741573034,0.4606741573,0.5280898876,0.01123595506,-0.013349116,-0.1926645897,0.1820362128,0.3747008025,0.05589862057,−,−,"(−,−)",3
b,B3_local_mean,Random,main,89,-0.04774243934,-0.06741573034,0.4606741573,0.5280898876,0.01123595506,-0.013349116,-0.1926645897,0.1820362128,0.3747008025,0.05589862057,−,−,"(−,−)",4
c,B3_local_mean,Random,main,89,-0.04774243934,-0.06741573034,0.4606741573,0.5280898876,0.01123595506,-0.013349116,-0.1926645897,0.1820362128,0.3747008025,0.05589862057,−,−,"(−,−)",3
main,B3_local_mean,FeatureAblation,main,89,0.3011631879,0.3483146067,0.6629213483,0.3146067416,0.02247191011,0.07815934783,-0.06132260962,0.364650778,0.4259733876,0.3230273251,+,+,"(+,+)",1
d,B3_local_mean,FeatureAblation,v1 main,89,0.3789260681,0.3033707865,0.6404494382,0.3370786517,0.02247191011,0.1298865666,-0.05834263538,0.3476512392,0.4059938746,0.3369650572,+,+,"(+,+)",1
b,B3_local_mean,FeatureAblation,self,89,1.79404962,0.9213483146,0.9550561798,0.03370786517,0.01123595506,0.61314261,0.2049543084,1.729937571,1.524983263,1.217460301,+,+,"(+,+)",2
c,B3_local_mean,FeatureAblation,abs,89,-0.517616328,-0.2921348315,0.3483146067,0.6404494382,0.01123595506,-0.1197766998,-0.4939586261,0.1382644404,0.6322230665,0.3734820431,−,−,"(−,−)",1
main,B3_local_mean,KernelSHAP,main,89,0.09638804528,0.2134831461,0.606741573,0.393258427,0,0.04836662943,-0.1133512104,0.3485788718,0.4619300822,0.1328114631,+,+,"(+,+)",3
d,B3_local_mean,KernelSHAP,v1 main,89,0.09638804528,0.2134831461,0.606741573,0.393258427,0,0.04836662943,-0.1133512104,0.3485788718,0.4619300822,0.1328114631,+,+,"(+,+)",2
b,B3_local_mean,KernelSHAP,self,89,2.078079581,0.9887640449,0.9887640449,0,0.01123595506,0.7348995774,0.3702595508,2.08996298,1.719703429,1.339964226,+,+,"(+,+)",1
c,B3_local_mean,KernelSHAP,abs,89,-0.2976856968,0,0.4943820225,0.4943820225,0.01123595506,0,-0.2621153875,0.2071037483,0.4692191358,0,−,0,0 포함,4
main,B3_local_mean,MPNative,main,89,-0.4239829274,-0.2584269663,0.3707865169,0.6292134831,0,-0.08426901236,-0.5215296495,0.09191350792,0.6134431574,0.3211226059,−,−,"(−,−)",2
d,B3_local_mean,MPNative,v1 main,89,0.0002307392481,0.07865168539,0.5280898876,0.4494382022,0.02247191011,0.02263036082,-0.1576780268,0.2482150101,0.4058930369,0.0004601286239,+,+,"(+,+)",4
b,B3_local_mean,MPNative,main,89,-0.4239829274,-0.2584269663,0.3707865169,0.6292134831,0,-0.08426901236,-0.5215296495,0.09191350792,0.6134431574,0.3211226059,−,−,"(−,−)",3
c,B3_local_mean,MPNative,main,89,-0.4239829274,-0.2584269663,0.3707865169,0.6292134831,0,-0.08426901236,-0.5215296495,0.09191350792,0.6134431574,0.3211226059,−,−,"(−,−)",2
main,B4_linear_interp,Random,main,89,-0.5053744307,-0.1235955056,0.4382022472,0.5617977528,0,-0.03504444196,-0.382115734,0.1119550924,0.4940708265,0.1986168326,−,−,"(−,−)",4
d,B4_linear_interp,Random,v1 main,89,-0.5053744307,-0.1235955056,0.4382022472,0.5617977528,0,-0.03504444196,-0.382115734,0.1119550924,0.4940708265,0.1986168326,−,−,"(−,−)",4
b,B4_linear_interp,Random,main,89,-0.5053744307,-0.1235955056,0.4382022472,0.5617977528,0,-0.03504444196,-0.382115734,0.1119550924,0.4940708265,0.1986168326,−,−,"(−,−)",4
c,B4_linear_interp,Random,main,89,-0.5053744307,-0.1235955056,0.4382022472,0.5617977528,0,-0.03504444196,-0.382115734,0.1119550924,0.4940708265,0.1986168326,−,−,"(−,−)",4
main,B4_linear_interp,FeatureAblation,main,89,0.378291941,0.2808988764,0.6404494382,0.3595505618,0,0.1568512436,-0.1515461175,0.5495091225,0.70105524,0.3224006718,+,+,"(+,+)",2
d,B4_linear_interp,FeatureAblation,v1 main,89,0.4889702687,0.3033707865,0.6516853933,0.3483146067,0,0.1605693473,-0.1119829926,0.545448283,0.6574312756,0.374432939,+,+,"(+,+)",3
b,B4_linear_interp,FeatureAblation,self,89,1.034250128,0.7752808989,0.8876404494,0.1123595506,0,0.4871791961,0.2182316717,1.396816204,1.178584532,0.8862344521,+,+,"(+,+)",2
c,B4_linear_interp,FeatureAblation,abs,89,0.205089389,0.3258426966,0.6629213483,0.3370786517,0,0.0856278084,-0.09629127343,0.3768374628,0.4731287362,0.2517341912,+,+,"(+,+)",2
main,B4_linear_interp,KernelSHAP,main,89,0.6348032155,0.4831460674,0.7415730337,0.2584269663,0,0.1773056518,-0.007114321246,0.5989909408,0.606105262,0.5486879983,+,+,"(+,+)",1
d,B4_linear_interp,KernelSHAP,v1 main,89,0.6348032155,0.4831460674,0.7415730337,0.2584269663,0,0.1773056518,-0.007114321246,0.5989909408,0.606105262,0.5486879983,+,+,"(+,+)",1
b,B4_linear_interp,KernelSHAP,self,89,2.098452671,0.9325842697,0.9662921348,0.03370786517,0,0.7524132984,0.2500372534,2.180546606,1.930509353,1.291296668,+,+,"(+,+)",1
c,B4_linear_interp,KernelSHAP,abs,89,0.2494715268,0.3033707865,0.6516853933,0.3483146067,0,0.0908610996,-0.05057842938,0.4186406585,0.4692190879,0.2737937074,+,+,"(+,+)",1
main,B4_linear_interp,MPNative,main,89,0.2209087493,0.2134831461,0.606741573,0.393258427,0,0.1113542745,-0.08426768218,0.3863830667,0.4706507489,0.2171324801,+,+,"(+,+)",3
d,B4_linear_interp,MPNative,v1 main,89,0.6125006126,0.4157303371,0.7078651685,0.2921348315,0,0.1905003247,-0.0346807875,0.5367016982,0.5713824857,0.4952877293,+,+,"(+,+)",2
b,B4_linear_interp,MPNative,main,89,0.2209087493,0.2134831461,0.606741573,0.393258427,0,0.1113542745,-0.08426768218,0.3863830667,0.4706507489,0.2171324801,+,+,"(+,+)",3
c,B4_linear_interp,MPNative,main,89,0.2209087493,0.2134831461,0.606741573,0.393258427,0,0.1113542745,-0.08426768218,0.3863830667,0.4706507489,0.2171324801,+,+,"(+,+)",3
main,B5_gaussian,Random,main,89,-0.006167201314,-0.01123595506,0.4831460674,0.4943820225,0.02247191011,0,-0.1449639626,0.1409243549,0.2858883176,0.007963428623,−,−,"(−,−)",2
d,B5_gaussian,Random,v1 main,89,-0.006167201314,-0.01123595506,0.4831460674,0.4943820225,0.02247191011,0,-0.1449639626,0.1409243549,0.2858883176,0.007963428623,−,−,"(−,−)",3
b,B5_gaussian,Random,main,89,-0.006167201314,-0.01123595506,0.4831460674,0.4943820225,0.02247191011,0,-0.1449639626,0.1409243549,0.2858883176,0.007963428623,−,−,"(−,−)",4
c,B5_gaussian,Random,main,89,-0.006167201314,-0.01123595506,0.4831460674,0.4943820225,0.02247191011,0,-0.1449639626,0.1409243549,0.2858883176,0.007963428623,−,−,"(−,−)",4
main,B5_gaussian,FeatureAblation,main,89,-0.02989272846,0.1011235955,0.5393258427,0.4382022472,0.02247191011,0.02314073001,-0.08049060208,0.1649648305,0.2454554326,0,−,+,충돌,3.5
d,B5_gaussian,FeatureAblation,v1 main,89,0.05298446258,0.1123595506,0.5505617978,0.4382022472,0.01123595506,0.0258425823,-0.08093107249,0.2615876137,0.3425186862,0.07201120003,+,+,"(+,+)",2
b,B5_gaussian,FeatureAblation,self,89,1.243321871,0.9213483146,0.9550561798,0.03370786517,0.01123595506,0.4274405364,0.1131189286,1.244154638,1.13103571,1.058389881,+,+,"(+,+)",2
c,B5_gaussian,FeatureAblation,abs,89,-0.5170300408,-0.3820224719,0.2921348315,0.6741573034,0.03370786517,-0.1049457143,-0.5527266288,0.01573491357,0.5684615424,0.4393894493,−,−,"(−,−)",2
main,B5_gaussian,KernelSHAP,main,89,-0.1087857486,0.01123595506,0.4943820225,0.4831460674,0.02247191011,0,-0.1804873085,0.0910617832,0.2715490917,0,−,+,충돌,3.5
d,B5_gaussian,KernelSHAP,v1 main,89,-0.1087857486,0.01123595506,0.4943820225,0.4831460674,0.02247191011,0,-0.1804873085,0.0910617832,0.2715490917,0,−,+,충돌,4
b,B5_gaussian,KernelSHAP,self,89,1.511124062,0.9325842697,0.9550561798,0.02247191011,0.02247191011,0.5312861447,0.2307842838,1.383635577,1.152851293,1.153370483,+,+,"(+,+)",1
c,B5_gaussian,KernelSHAP,abs,89,-0.422016058,-0.2696629213,0.3483146067,0.6179775281,0.03370786517,-0.07922676966,-0.3377299238,0.03888278655,0.3766127104,0.3290604065,−,−,"(−,−)",3
main,B5_gaussian,MPNative,main,89,-0.4750036003,-0.4382022472,0.2696629213,0.7078651685,0.02247191011,-0.1226785453,-0.5251654986,0.009601202992,0.5347667016,0.4558613934,−,−,"(−,−)",1
d,B5_gaussian,MPNative,v1 main,89,-0.2922353276,-0.3820224719,0.3033707865,0.6853932584,0.01123595506,-0.06794401263,-0.2700177451,0.01164846732,0.2816662124,0.3311506736,−,−,"(−,−)",1
b,B5_gaussian,MPNative,main,89,-0.4750036003,-0.4382022472,0.2696629213,0.7078651685,0.02247191011,-0.1226785453,-0.5251654986,0.009601202992,0.5347667016,0.4558613934,−,−,"(−,−)",3
c,B5_gaussian,MPNative,main,89,-0.4750036003,-0.4382022472,0.2696629213,0.7078651685,0.02247191011,-0.1226785453,-0.5251654986,0.009601202992,0.5347667016,0.4558613934,−,−,"(−,−)",1
main,B6_shuffle,Random,main,89,0.2491693808,-0.1460674157,0.4269662921,0.5730337079,0,-0.01997256497,-0.2569416807,0.1684887992,0.4254304799,0,+,−,충돌,4
d,B6_shuffle,Random,v1 main,89,0.2491693808,-0.1460674157,0.4269662921,0.5730337079,0,-0.01997256497,-0.2569416807,0.1684887992,0.4254304799,0,+,−,충돌,4
b,B6_shuffle,Random,main,89,0.2491693808,-0.1460674157,0.4269662921,0.5730337079,0,-0.01997256497,-0.2569416807,0.1684887992,0.4254304799,0,+,−,충돌,4
c,B6_shuffle,Random,main,89,0.2491693808,-0.1460674157,0.4269662921,0.5730337079,0,-0.01997256497,-0.2569416807,0.1684887992,0.4254304799,0,+,−,충돌,4
main,B6_shuffle,FeatureAblation,main,89,-0.300210618,-0.03370786517,0.4831460674,0.5168539326,0,-0.006339733559,-0.2497024728,0.1706658405,0.4203683133,0.06061035578,−,−,"(−,−)",3
d,B6_shuffle,FeatureAblation,v1 main,89,-0.2286003245,-0.01123595506,0.4943820225,0.5056179775,0,-0.005093182476,-0.1924273725,0.2273655324,0.4197929049,0.02141913623,−,−,"(−,−)",3
b,B6_shuffle,FeatureAblation,self,89,1.494015143,0.797752809,0.8988764045,0.1011235955,0,0.5209746396,0.1986742424,1.945680478,1.747006235,1.040118199,+,+,"(+,+)",2
c,B6_shuffle,FeatureAblation,abs,89,-0.967070536,-0.6404494382,0.1797752809,0.8202247191,0,-0.3263564674,-0.8190504695,-0.09025891575,0.7287915537,0.7705780226,−,−,"(−,−)",2
main,B6_shuffle,KernelSHAP,main,89,-0.2095115112,-0.1685393258,0.4157303371,0.5842696629,0,-0.06568160818,-0.286682377,0.1657255525,0.4524079295,0.1868051881,−,−,"(−,−)",2
d,B6_shuffle,KernelSHAP,v1 main,89,-0.2095115112,-0.1685393258,0.4157303371,0.5842696629,0,-0.06568160818,-0.286682377,0.1657255525,0.4524079295,0.1868051881,−,−,"(−,−)",2
b,B6_shuffle,KernelSHAP,self,89,1.922248905,1,1,0,0,0.6468347376,0.2990546044,2.083935476,1.784880872,1.315595603,+,+,"(+,+)",1
c,B6_shuffle,KernelSHAP,abs,89,-0.8891710034,-0.5056179775,0.2471910112,0.7528089888,0,-0.2195661277,-0.6958007629,-0.02067127803,0.6751294849,0.6446578666,−,−,"(−,−)",3
main,B6_shuffle,MPNative,main,89,-1.080019868,-0.6404494382,0.1797752809,0.8202247191,0,-0.3110043806,-1.229439658,-0.07423442206,1.155205236,0.8040807416,−,−,"(−,−)",1
d,B6_shuffle,MPNative,v1 main,89,-0.6473037962,-0.3258426966,0.3370786517,0.6629213483,0,-0.09971499335,-0.5071367649,0.03342168113,0.540558446,0.4334788566,−,−,"(−,−)",1
b,B6_shuffle,MPNative,main,89,-1.080019868,-0.6404494382,0.1797752809,0.8202247191,0,-0.3110043806,-1.229439658,-0.07423442206,1.155205236,0.8040807416,−,−,"(−,−)",3
c,B6_shuffle,MPNative,main,89,-1.080019868,-0.6404494382,0.1797752809,0.8202247191,0,-0.3110043806,-1.229439658,-0.07423442206,1.155205236,0.8040807416,−,−,"(−,−)",1
a,recon_train,Random,separate,89,-0.1847992547,-0.03370786517,0.4831460674,0.5168539326,0,-0.006370907099,-0.1419133683,0.1435239272,0.2854372955,0.05701588456,−,−,"(−,−)",4
a,recon_train,FeatureAblation,separate,89,1.194189147,0.7078651685,0.8539325843,0.1460674157,0,0.425517287,0.1092687576,1.211636402,1.102367644,0.88885464,+,+,"(+,+)",3
a,recon_train,KernelSHAP,separate,89,2.132831863,0.9325842697,0.9662921348,0.03370786517,0,0.7528395094,0.2772584489,1.777436261,1.500177812,1.297732744,+,+,"(+,+)",1
a,recon_train,MPNative,separate,89,1.133225152,0.797752809,0.8988764045,0.1011235955,0,0.3826748609,0.1003308611,1.185956296,1.085625435,0.9363478678,+,+,"(+,+)",2
