part,group,n,median,q25,q75,min,max,op,L_rel,det_n,det,det_lo,det_hi,und_n,und,und_lo,und_hi,diff,diff_lo,diff_hi,diff_ci_contains_0,ratio,B,seed
dist_scale,detected,65,2.432971345,1.129965154,4.946068187,0.1942110811,8.828446907,,,,,,,,,,,,,,,,,
dist_scale,undetected,24,4.123161048,1.926495113,6.381247467,0.3112352125,10.48734134,,,,,,,,,,,,,,,,,
dist_q99,detected,65,3.81547939,1.638697186,6.335909342,0.5529802049,14.93464968,,,,,,,,,,,,,,,,,
dist_q99,undetected,24,5.907519892,2.975035653,9.082197399,0.5504036708,14.85626494,,,,,,,,,,,,,,,,,
dist_median,detected,65,1.065295167,0.583809874,1.724115144,0,6.227209032,,,,,,,,,,,,,,,,,
dist_median,undetected,24,1.150818749,0.592540018,3.11244,0.1438636064,5.648619729,,,,,,,,,,,,,,,,,
ai_median,,,,,,,,B1_zero,0.25,65,1.158281007,0.7225235811,2.786771397,24,0.3791289734,0.21176571,0.8091166797,0.7791520338,0.2125999498,2.366448944,False,3.055110763,2000,20260928
ai_median,,,,,,,,B1_zero,0.5,65,1.799978894,1.26915163,2.834879956,24,0.7376668482,0.09874429181,0.9427414225,1.062312046,0.4771289815,2.537510112,False,2.440097313,2000,20260928
ai_median,,,,,,,,B1_zero,1.0,64,2.742283107,2.139845084,4.501106202,23,1.146948228,0.3906767709,2.098124641,1.595334879,0.4378178517,3.5306447,False,2.390938876,2000,20260928
ai_median,,,,,,,,B2_global_mean,0.25,65,0.6382564588,0.4257366916,1.278585913,24,0.2182364269,0.1831752217,0.4567753201,0.4200200319,0.101305231,1.059179074,False,2.924610102,2000,20260928
ai_median,,,,,,,,B2_global_mean,0.5,65,1.569974749,1.098484015,2.314523565,24,0.4498107791,0.1154466738,0.897197741,1.12016397,0.4185663947,1.888872289,False,3.490300415,2000,20260928
ai_median,,,,,,,,B2_global_mean,1.0,64,2.778712788,2.132463956,4.639356862,23,1.146948228,0.3868459023,2.103499325,1.631764559,0.4410580339,3.652492203,False,2.422701147,2000,20260928
ai_median,,,,,,,,B3_local_mean,0.25,65,0.5986219646,0.3397279953,1.217525053,24,0.2109021895,0.1233251501,0.4437179951,0.3877197751,-0.05482939835,1.031645263,True,2.838386676,2000,20260928
ai_median,,,,,,,,B3_local_mean,0.5,65,1.551595936,1.037862081,2.304827085,24,0.355456855,0.08435629422,1.049363281,1.196139081,0.3342432326,1.960301635,False,4.365075295,2000,20260928
ai_median,,,,,,,,B3_local_mean,1.0,64,2.688887585,1.953507981,4.628830263,23,1.146948228,0.43204725,2.135278901,1.541939357,0.3785926689,3.481882034,False,2.344384445,2000,20260928
ai_median,,,,,,,,B4_linear_interp,0.25,65,0.1599643006,0.0892098081,0.296845134,24,0.02364710446,0.0007074983173,0.1507068634,0.1363171961,0.01320276602,0.2731980296,False,6.764646422,2000,20260928
ai_median,,,,,,,,B4_linear_interp,0.5,65,1.112181494,0.7594680693,1.468167421,24,0.2300956487,-0.006928345925,0.9955075005,0.8820858453,0.1446226077,1.37295344,False,4.833561609,2000,20260928
ai_median,,,,,,,,B4_linear_interp,1.0,64,2.142364662,1.5060058,2.982299544,23,0.2274862842,-0.02043873941,1.202418124,1.914878378,0.7542410145,2.843909139,False,9.417555305,2000,20260928
ai_median,,,,,,,,B5_gaussian,0.25,65,1.698110705,1.194473313,2.771002367,24,0.7109841225,0.5370557712,1.203086442,0.9871265825,0.2252903502,2.123301257,False,2.388394693,2000,20260928
ai_median,,,,,,,,B5_gaussian,0.5,65,2.498916049,1.867326956,4.261262982,24,0.8774632989,0.6313835296,1.817347546,1.62145275,0.5249741951,3.283603456,False,2.847886689,2000,20260928
ai_median,,,,,,,,B5_gaussian,1.0,64,3.32504962,2.495527284,4.899857211,23,1.011969375,0.5194132938,2.097291917,2.313080244,0.7707850607,4.213044851,False,3.285721585,2000,20260928
ai_median,,,,,,,,B6_shuffle,0.25,65,0.3707943298,0.2555497079,0.5959944393,24,0.1662831114,0.08122103495,0.2920088027,0.2045112185,0.03482425985,0.456498213,False,2.229897714,2000,20260928
ai_median,,,,,,,,B6_shuffle,0.5,65,1.78732549,1.267140834,2.114111543,24,0.647028934,0.221937356,1.428980912,1.140296556,0.2834049847,1.643896369,False,2.762357904,2000,20260928
ai_median,,,,,,,,B6_shuffle,1.0,64,2.790611806,2.120248421,4.566996642,23,1.044956043,0.4770030407,2.060074385,1.745655763,0.402166657,3.522040599,False,2.670554254,2000,20260928
ai_median,,,,,,,,recon_test,0.25,65,0.003078334714,0.0002174399805,0.006462108842,24,0.00141843827,0.0001572678576,0.004477852904,0.001659896444,-0.002826266099,0.0053678695,True,2.170228186,2000,20260928
ai_median,,,,,,,,recon_test,0.5,65,0.009594702904,0.001128020239,0.01623699068,24,0.0009600748468,-0.004063896518,0.008074558454,0.008634628057,-0.00346797442,0.0170200543,True,9.993703028,2000,20260928
ai_median,,,,,,,,recon_test,1.0,64,0.03505260956,0.01866409894,0.04873588522,23,0.01143365046,0.003144292084,0.02080691004,0.0236189591,0.004294388516,0.04032282445,False,3.065740875,2000,20260928
fa_mean,,,,,,,,B1_zero,0.25,65,0.721606297,0.639077879,0.7982263776,24,0.440922056,0.2949373862,0.5921641189,0.2806842411,0.1125475699,0.4491066698,False,,2000,20260928
fa_mean,,,,,,,,B1_zero,0.5,64,0.7957737437,0.7308475722,0.8584194321,24,0.5032287367,0.3378189231,0.6654096031,0.292545007,0.1186374249,0.472013925,False,,2000,20260928
fa_mean,,,,,,,,B1_zero,1.0,64,0.9774671053,0.9495065789,1,23,0.830790745,0.6617086194,0.9588100686,0.1466763603,0.01222917662,0.3238814852,False,,2000,20260928
fa_mean,,,,,,,,B2_global_mean,0.25,65,0.5987010899,0.520573347,0.6735488982,24,0.3235779655,0.2026024467,0.455794871,0.2751231244,0.1229461969,0.4153641526,False,,2000,20260928
fa_mean,,,,,,,,B2_global_mean,0.5,64,0.7446450751,0.6785756837,0.8077366289,24,0.4452329506,0.3041608841,0.5971282501,0.2994121244,0.1350060743,0.4565603097,False,,2000,20260928
fa_mean,,,,,,,,B2_global_mean,1.0,64,0.9774671053,0.9495065789,1,23,0.8333333333,0.6666666667,0.9583333333,0.1441337719,0.01205630017,0.3170314321,False,,2000,20260928
fa_mean,,,,,,,,B3_local_mean,0.25,65,0.5632994611,0.4867203342,0.642133851,24,0.3231777104,0.1931447978,0.465229327,0.2401217507,0.086422179,0.3845986039,False,,2000,20260928
fa_mean,,,,,,,,B3_local_mean,0.5,64,0.7171917276,0.6504237717,0.7855665039,24,0.4291080796,0.2791319176,0.5824700749,0.288083648,0.12114496,0.4623834283,False,,2000,20260928
fa_mean,,,,,,,,B3_local_mean,1.0,64,0.9628700658,0.9163532389,1,23,0.8380371218,0.6760705356,0.9605263158,0.124832944,-0.01069166514,0.2969145574,True,,2000,20260928
fa_mean,,,,,,,,B4_linear_interp,0.25,65,0.3332358337,0.2810864014,0.3868872933,24,0.1276831785,0.06510416667,0.1995328177,0.2055526551,0.1188914033,0.2876540017,False,,2000,20260928
fa_mean,,,,,,,,B4_linear_interp,0.5,64,0.6111105736,0.5389584897,0.6847542253,24,0.2841269073,0.1619088846,0.4157191712,0.3269836663,0.182327558,0.4681183421,False,,2000,20260928
fa_mean,,,,,,,,B4_linear_interp,1.0,64,0.8340071514,0.753646253,0.9099174952,23,0.4420782348,0.2660718877,0.6225486481,0.3919289166,0.195344372,0.582550749,False,,2000,20260928
fa_mean,,,,,,,,B5_gaussian,0.25,65,0.8753611026,0.8222911757,0.9230289402,24,0.6871832359,0.5235081628,0.8341937744,0.1881778667,0.03116308612,0.3590713376,False,,2000,20260928
fa_mean,,,,,,,,B5_gaussian,0.5,64,0.9698184743,0.9345742688,0.9921211193,24,0.795629085,0.6622785159,0.9106420386,0.1741893893,0.05360518494,0.3119449553,False,,2000,20260928
fa_mean,,,,,,,,B5_gaussian,1.0,64,0.9869791667,0.9603174603,1,23,0.8686588594,0.7436024364,0.9725,0.1183203072,0.01086802582,0.2490845968,False,,2000,20260928
fa_mean,,,,,,,,B6_shuffle,0.25,65,0.4676730433,0.4019593261,0.5375409023,24,0.2964238619,0.2018322915,0.4097598783,0.1712491814,0.03698851968,0.2870373494,False,,2000,20260928
fa_mean,,,,,,,,B6_shuffle,0.5,64,0.7534642528,0.6930280548,0.8143949687,24,0.5666798737,0.4327550724,0.6943245112,0.1867843791,0.04521585668,0.3417880629,False,,2000,20260928
fa_mean,,,,,,,,B6_shuffle,1.0,64,0.9498073078,0.9002682359,0.9894179894,23,0.8741590763,0.7458454514,0.9758705717,0.0756482315,-0.04048481528,0.2142908206,True,,2000,20260928
fa_mean,,,,,,,,recon_test,0.25,65,0.03152487605,0.01936177264,0.04457891234,24,0.03786155544,0.02004052718,0.05787057641,-0.006336679388,-0.02998649769,0.01625266346,True,,2000,20260928
fa_mean,,,,,,,,recon_test,0.5,64,0.08780330779,0.06600785382,0.1088182749,24,0.04480546239,0.02097443939,0.07146653462,0.0429978454,0.008479048659,0.07515829176,False,,2000,20260928
fa_mean,,,,,,,,recon_test,1.0,64,0.1443298281,0.113151567,0.1793010882,23,0.08540084226,0.05649531037,0.1142931457,0.05892898586,0.01522480638,0.1041462708,False,,2000,20260928
