series_id,content_group,domain,detected,K,g,omega_len,S,excluded,scale,mpnative_j_max,mpnative_nn,mpnative_sum_contrib,mpnative_score_sq,n_evals,b3_runs,b3_overlap,seconds
3,cg001,ECG,True,14,52,715,2076,,3.431660477646,46677,17414,30.701552646363268,30.701552646362735,15423,5664,0,828.3045917910058
4,cg004,ECG,True,19,20,361,2086,,0.509140555621,5541,1727,78.51879934260484,78.51879934260482,15528,6858,5341,61.66789204200904
5,cg005,Air Temperature,False,8,6,48,2064,,1.739992582284,5391,2835,5.328044831341282,5.328044831341285,15297,4043,3291,32.51595733300201
11,cg011,ECG,True,22,22,481,2092,,2.057107550902,11985,9102,71.91538395733424,71.91538395733427,15591,7346,5657,161.30097087500326
27,cg027,ABP,False,9,45,377,2066,,1.265021778676,4279,890,7.799892834981042,7.799892834980956,15318,4330,2527,43.877647665998666
32,cg032,ABP,True,17,44,713,2082,,1.162335742559,4781,705,221.02890271986732,221.02890271986726,15486,6394,4078,58.11791670799721
34,cg034,ABP,True,13,38,462,2074,,1.222977178049,3551,991,73.26565022695041,73.26565022695054,15402,5351,3163,53.35823741700733
36,cg036,ABP,False,11,43,431,2070,,0.723439854478,6763,541,2.401001510434552,2.401001510434769,15360,4838,2876,85.8823695829924
40,cg040,EPG,True,25,8,197,2098,,1.57682968766,17416,5884,32.33931004483806,32.339310044838065,15654,8001,7224,68.2835214999941
41,cg041,EPG,True,25,8,195,2098,,1.317848981258,17441,5597,29.489975329941352,29.489975329941373,15654,8104,7339,75.37918729199737
52,cg048,NASA,True,13,24,293,2074,,0.513857542984,4770,585,30.789307584864503,30.789307584864513,15402,5360,4030,67.0710933329974
57,cg057,ECG,False,18,10,179,2084,,3.955194034594,16051,1422,18.79753875526743,18.797538755267546,15507,6518,5582,67.18510499999684
68,cg065,EPG,True,17,6,101,2082,,0.535254385124,6549,382,6.160879132195874,6.160879132195892,15486,6272,5705,28.638346625011764
70,cg070,ECG,True,12,58,665,2072,,7.851078208579,52624,15859,275.07012356631077,275.07012356631066,15381,5038,0,460.1847576250002
73,cg073,Gait,False,20,31,594,2088,,4.291128062239,72526,28935,30.02270672649715,30.022706726489353,15549,7041,4464,1025.363449083001
78,cg078,RESP,True,13,31,401,2074,,5.961899703833,110310,40606,71.38639874306429,71.38639874306163,15402,5317,3279,1380.073196792
82,cg076,RESP,False,9,31,250,2066,,6.25338223613,128432,14205,39.3982998545837,39.39829985458296,15318,4266,2428,815.9763694580033
84,cg084,ECG,True,12,27,315,2072,,2.691600164694,35787,475,125.80527394212682,125.80527394212683,15381,5133,3153,145.60055033299432
85,cg085,ECG,True,12,27,315,2072,,3.220265755948,35811,1413,64.96448976468363,64.96448976468353,15381,5123,3122,131.15757066699734
86,cg086,ECG,True,12,69,801,2072,,2.380628324363,68138,6159,215.73113737375863,215.73113737375834,15381,5077,0,628.5252420840116
88,cg088,ECG,True,17,43,715,2082,,5.483536970026,49656,16491,187.5423201379644,187.54232013796428,15486,6384,4040,476.5325389159989
89,cg089,ABP,True,10,60,552,2068,,1.814247799555,114191,98043,51.0365922721212,51.03659227212139,15339,4535,0,1968.8439468750003
96,cg013,ECG,True,13,41,531,2074,,1.183831205814,17106,408,251.00016807479807,251.00016807479807,15402,5371,3297,123.23722199999611
102,cg043,Acceleration,False,23,11,251,2094,,3.800242593247,19439,5246,46.38643780947749,46.3864378094806,15612,7758,6726,108.92769599999883
123,cg015,ECG,True,18,31,549,2084,,6.454555106642,17161,2955,157.35959395733457,157.35959395733602,15507,6601,4256,180.8205968330003
128,cg019,Gait,True,12,54,648,2072,,0.794543272703,7342,3414,270.03149240577403,270.03149240577386,15381,5063,0,141.0452089169994
132,cg024,ABP,True,9,38,337,2066,,0.385419982949,4519,268,12.682758470210889,12.68275847021089,15318,4277,2472,63.93952508299844
134,cg026,ABP,True,12,43,515,2072,,0.384058302385,5893,1396,52.22038976890796,52.22038976890803,15381,5202,3137,61.2711769160087
141,cg033,ABP,True,12,43,515,2072,,0.214386788196,6246,816,177.81860338363416,177.8186033836343,15381,5026,3017,85.06318675000512
143,cg035,ABP,True,11,41,438,2070,,0.714147099158,5905,1359,3.11277070406408,3.1127707040639816,15360,4838,2878,64.68624466699839
146,cg037,EPG,True,17,8,135,2082,,1.416073123055,27914,2987,28.4826713980746,28.482671398074594,15486,6385,5708,54.11682445798942
150,cg042,EPG,True,37,8,295,2122,,1.360897023074,12291,6787,28.086083666590177,28.086083666590078,15906,10635,9669,91.62613804099965
153,cg044,Power Demand,False,17,42,695,2082,,5.323745093359,23450,5724,32.96663502169612,32.96663502169612,15486,6168,3738,277.40860925000743
161,cg053,Acceleration,False,17,28,460,2082,,5.633132330402,2931,1010,58.89912175535679,58.89912175535684,15486,6239,3881,47.54295308300061
164,cg056,ECG,True,18,10,179,2084,,3.788265897663,11206,3288,56.01776249017408,56.017762490176395,15507,6542,5667,60.2504387920053
166,cg055,ECG,True,15,10,147,2078,,3.460983237464,12278,7770,49.80942846152533,49.8094284615253,15444,5812,4921,82.80945845801034
168,cg059,Gait,False,18,31,549,2084,,3.11183154998,46781,506,9.776492111715246,9.776492111711665,15507,6613,4065,424.6392120410019
172,cg062,Gait,True,34,31,1049,2116,,2.233506456761,38766,21130,132.8751603092032,132.87516030919988,15843,10150,6615,631.8482897080103
179,cg071,ECG,True,12,58,665,2072,,7.01791768383,52605,18570,312.6654574245214,312.6654574245212,15381,5028,0,544.8013936250063
180,cg072,ECG,True,12,58,665,2072,,8.470900388591,52820,400,318.5534916999302,318.5534916999302,15381,5055,0,475.7742178329936
182,cg074,ECG,True,17,47,775,2082,,4.023590326806,12670,3169,213.50937927808098,213.5093792780808,15486,6253,3917,128.19170137499168
183,cg075,ECG,True,17,47,777,2082,,3.361275463313,13691,189,182.3755588285996,182.3755588285991,15486,6181,3857,132.23225158300193
195,cg087,ECG,True,17,43,713,2082,,8.753167504897,51642,849,195.96217363502114,195.96217363502097,15486,6324,4000,397.73654816699855
201,cg201,ECG,True,10,8,80,2068,,0.742485754095,17017,7278,21.249309511612488,21.249309511612445,15339,4559,3846,63.75520945900644
202,cg202,ECG,True,12,8,95,2072,,0.57608858353,11012,6918,4.018290215729905,4.018290215729893,15381,5045,4397,75.59215112500533
203,cg203,ECG,True,13,8,98,2074,,2.409218409894,10994,23,34.75255498388151,34.752554983881495,15402,5342,4714,69.23021991700807
204,cg204,ECG,True,17,8,135,2082,,0.560428160467,14990,12275,35.00873141367535,35.00873141367537,15486,6275,5599,98.87913299999491
205,cg205,ECG,True,20,8,155,2088,,0.573402019355,28982,1106,3.81356441432934,3.813564414329345,15549,7045,6337,79.65073991600366
206,cg206,ECG,False,15,9,133,2078,,6.204266319474,29098,9102,25.572439831766413,25.572439831766456,15444,5845,5139,159.70183566700143
207,cg207,ECG,True,15,9,133,2078,,0.194211081147,26970,497,49.292870515468415,49.29287051546843,15444,5727,5006,43.53759983400232
208,cg208,ECG,True,15,9,133,2078,,1.284807151067,27964,1310,35.77350586721552,35.77350586721549,15444,5846,5164,53.627485457996954
209,cg209,ECG,True,13,65,823,2074,,2.993651847988,26858,493,147.87250245943778,147.87250245943827,15402,5367,0,589.4637489580055
210,cg210,Power Demand,False,12,24,287,2072,,1.988662623471,75010,5546,1.2419883115506738,1.2419883115508836,15381,5216,3974,456.79452133300947
211,cg211,Power Demand,False,12,24,287,2072,,2.004121241292,39203,4207,1.2026624942623472,1.2026624942623483,15381,5117,3847,481.67600029199093
213,cg213,ECG,False,23,31,697,2094,,7.310503858377,127334,25243,53.67413742917256,53.6741374291722,15612,7739,4877,778.5040127919929
214,cg214,ECG,False,29,31,899,2106,,6.764843159619,126424,12690,93.63326815496542,93.63326815495184,15738,9110,5856,970.5931337499933
215,cg215,ECG,True,49,16,777,2146,,4.946068186782,106936,15638,54.238731018340424,54.23873101834415,16158,13300,11336,860.3642103750026
216,cg216,ECG,True,41,20,811,2130,,5.014612779688,161330,32248,63.372309312445246,63.37230931252409,15990,11719,9196,914.1710354160023
218,cg218,ECG,False,29,31,897,2106,,7.286285438126,211430,12030,108.1546003905256,108.15460039069778,15738,8962,5741,1106.4889016249945
219,cg219,ECG,False,16,31,467,2080,,7.277826417315,64912,37398,44.48488060726171,44.48488060723522,15465,6063,3777,743.8996935410105
220,cg220,ECG,False,21,50,1049,2090,,10.487341337186,250970,25787,142.5903536005807,142.59035360058073,15570,7282,0,1382.791607332998
221,cg221,ECG,True,62,22,1347,2172,,4.901363386403,164351,25593,58.152003207320575,58.15200320733333,16431,15608,12347,1640.3647226249886
222,cg222,ECG,True,28,25,699,2104,,6.499060985276,91684,50487,135.58764808020024,135.58764808019933,15717,8924,5802,1176.7395705419913
223,cg223,ECG,True,28,25,699,2104,,6.612043793723,131374,65239,95.35626791412308,95.3562679141231,15717,8745,5655,1411.083824500005
224,cg224,ECG,True,28,25,699,2104,,4.401476253286,191383,62368,80.3732853510057,80.37328535100578,15717,8678,5715,1466.1657837920066
225,cg225,ECG,True,20,25,499,2088,,5.05060606944,143197,78345,80.73386706987611,80.73386706987611,15549,6997,4431,1263.237256458
226,cg226,ECG,True,14,50,699,2076,,5.822776307599,123149,60218,161.11199575402742,161.1119957540272,15423,5631,0,2081.920200541994
227,cg227,ECG,True,10,58,563,2068,,8.70744064879,29212,10986,306.48392974281495,306.48392974281455,15339,4533,0,282.2904506250052
228,cg228,ECG,False,31,1,31,2110,,0.386441049466,47851,3890,0.37759245496626276,0.37759245496634325,15780,9488,9149,54.52505462500267
229,cg229,ECG,False,21,1,21,2090,,0.311235212472,57959,5576,0.2238474768429524,0.223847476842951,15570,7399,7038,59.817195374998846
230,cg230,ECG,False,56,2,111,2160,,0.323045134733,19610,7026,0.27884807364188624,0.2788480736420524,16305,14667,14197,115.22965495899552
232,cg231,ECG,True,55,5,271,2158,,0.331100402129,57775,4119,0.560838376016043,0.5608383760156288,16284,14482,13559,109.78521908300172
233,cg233,ECG,False,9,28,226,2066,,5.623240695305,24450,3350,36.868761052432504,36.86876105243251,15318,4259,2438,241.684274750005
234,cg234,ECG,True,9,28,230,2066,,5.094243111043,24600,740,48.262305298195514,48.262305298195564,15318,4316,2510,232.64820970800065
235,cg235,ECG,False,9,28,228,2066,,8.00846372547,75506,18799,80.59958694547514,80.59958694547495,15318,4289,2444,228.04641224999796
236,cg236,ECG,True,10,28,269,2068,,3.231669515577,46342,1171,16.488419301509264,16.488419301509246,15339,4610,2725,260.08091820799746
237,cg237,ECG,True,40,26,1021,2128,,4.33078655946,90145,9452,119.80531084435793,119.8053108443591,15969,11495,7651,536.7384012500115
238,cg238,ECG,True,15,28,409,2078,,5.312222317703,72600,12888,118.56871271880804,118.56871271880803,15444,5801,3512,327.67777029098943
239,cg239,Gait,True,11,31,313,2070,,0.869921587946,593453,49554,40.887478219502384,40.88747821950234,15360,4856,2882,2252.6685058339935
240,cg240,Gait,True,12,31,349,2072,,0.717191391357,884160,196,36.23763837397258,36.23763837396149,15381,5014,3031,2895.2172034169926
241,cg241,Gait,True,63,31,1949,2174,,1.129965153656,838218,78461,47.407143053155394,47.40714305315119,16452,16209,10706,10290.710510416
242,cg242,ABP,True,12,67,797,2072,,3.958643027603,104688,98368,133.97781351892564,133.9778135189259,15381,5118,0,2753.5249445829977
243,cg243,ABP,True,9,62,544,2066,,3.855281185243,203393,62870,43.0501644410005,43.05016444100112,15318,4221,0,2167.7153411670006
244,cg244,ABP,True,15,41,591,2078,,2.477939727365,104876,90466,65.41921011594914,65.41921011594877,15444,5855,3611,1975.109183291992
245,cg245,ABP,True,15,41,601,2078,,2.432971344708,270825,91198,111.98519797712754,111.98519797712748,15444,5750,3495,1951.2766104170005
246,cg246,ABP,True,13,59,741,2074,,8.828446906987,270774,90352,119.19511358993743,119.19511358993698,15402,5296,0,2455.5303754159977
248,cg248,Gait,False,9,6,52,2066,,2.087121442866,4713,304,13.034063332216231,13.034063332215359,15318,4303,3608,26.49898737500189
249,cg249,Gait,True,13,6,77,2074,,1.699692299967,8313,1658,11.612780719279492,11.612780719279504,15402,5393,4841,34.36985562500195
250,cg250,Gait,True,9,6,53,2066,,1.665949838788,7299,2151,11.4277787447428,11.42777874474279,15318,4309,3615,31.75253841599624
