series_id,condition,am,expl_op,K,tied_segments
240,main,Random,recon_test,12,0
240,main,FeatureAblation,recon_test,12,10
240,main,KernelSHAP,recon_test,12,0
240,main,MPNative,recon_test,12,10
240,self,FeatureAblation,B1_zero,12,4
240,self,KernelSHAP,B1_zero,12,0
240,self,FeatureAblation,B2_global_mean,12,0
240,self,KernelSHAP,B2_global_mean,12,0
240,self,FeatureAblation,B3_local_mean,12,5
240,self,KernelSHAP,B3_local_mean,12,0
240,self,FeatureAblation,B4_linear_interp,12,9
240,self,KernelSHAP,B4_linear_interp,12,0
240,self,FeatureAblation,B5_gaussian,12,9
240,self,KernelSHAP,B5_gaussian,12,0
240,self,FeatureAblation,B6_shuffle,12,11
240,self,KernelSHAP,B6_shuffle,12,0
241,main,Random,recon_test,63,0
241,main,FeatureAblation,recon_test,63,61
241,main,KernelSHAP,recon_test,63,0
241,main,MPNative,recon_test,63,60
241,self,FeatureAblation,B1_zero,63,35
241,self,KernelSHAP,B1_zero,63,0
241,self,FeatureAblation,B2_global_mean,63,26
241,self,KernelSHAP,B2_global_mean,63,0
241,self,FeatureAblation,B3_local_mean,63,49
241,self,KernelSHAP,B3_local_mean,63,0
241,self,FeatureAblation,B4_linear_interp,63,60
241,self,KernelSHAP,B4_linear_interp,63,0
241,self,FeatureAblation,B5_gaussian,63,48
241,self,KernelSHAP,B5_gaussian,63,0
241,self,FeatureAblation,B6_shuffle,63,61
241,self,KernelSHAP,B6_shuffle,63,0
239,main,Random,recon_test,11,0
239,main,FeatureAblation,recon_test,11,8
239,main,KernelSHAP,recon_test,11,0
239,main,MPNative,recon_test,11,8
239,self,FeatureAblation,B1_zero,11,0
239,self,KernelSHAP,B1_zero,11,0
239,self,FeatureAblation,B2_global_mean,11,0
239,self,KernelSHAP,B2_global_mean,11,0
239,self,FeatureAblation,B3_local_mean,11,5
239,self,KernelSHAP,B3_local_mean,11,0
239,self,FeatureAblation,B4_linear_interp,11,8
239,self,KernelSHAP,B4_linear_interp,11,0
239,self,FeatureAblation,B5_gaussian,11,5
239,self,KernelSHAP,B5_gaussian,11,0
239,self,FeatureAblation,B6_shuffle,11,10
239,self,KernelSHAP,B6_shuffle,11,0
244,main,Random,recon_test,15,0
244,main,FeatureAblation,recon_test,15,3
244,main,KernelSHAP,recon_test,15,0
244,main,MPNative,recon_test,15,10
244,self,FeatureAblation,B1_zero,15,0
244,self,KernelSHAP,B1_zero,15,0
244,self,FeatureAblation,B2_global_mean,15,0
244,self,KernelSHAP,B2_global_mean,15,0
244,self,FeatureAblation,B3_local_mean,15,4
244,self,KernelSHAP,B3_local_mean,15,0
244,self,FeatureAblation,B4_linear_interp,15,7
244,self,KernelSHAP,B4_linear_interp,15,0
244,self,FeatureAblation,B5_gaussian,15,0
244,self,KernelSHAP,B5_gaussian,15,0
244,self,FeatureAblation,B6_shuffle,15,6
244,self,KernelSHAP,B6_shuffle,15,0
213,main,Random,recon_test,23,0
213,main,FeatureAblation,recon_test,23,13
213,main,KernelSHAP,recon_test,23,0
213,main,MPNative,recon_test,23,18
213,self,FeatureAblation,B1_zero,23,0
213,self,KernelSHAP,B1_zero,23,0
213,self,FeatureAblation,B2_global_mean,23,4
213,self,KernelSHAP,B2_global_mean,23,0
213,self,FeatureAblation,B3_local_mean,23,8
213,self,KernelSHAP,B3_local_mean,23,0
213,self,FeatureAblation,B4_linear_interp,23,7
213,self,KernelSHAP,B4_linear_interp,23,0
213,self,FeatureAblation,B5_gaussian,23,0
213,self,KernelSHAP,B5_gaussian,23,0
213,self,FeatureAblation,B6_shuffle,23,7
213,self,KernelSHAP,B6_shuffle,23,0
215,main,Random,recon_test,49,0
215,main,FeatureAblation,recon_test,49,40
215,main,KernelSHAP,recon_test,49,0
215,main,MPNative,recon_test,49,44
215,self,FeatureAblation,B1_zero,49,31
215,self,KernelSHAP,B1_zero,49,0
215,self,FeatureAblation,B2_global_mean,49,34
215,self,KernelSHAP,B2_global_mean,49,0
215,self,FeatureAblation,B3_local_mean,49,37
215,self,KernelSHAP,B3_local_mean,49,0
215,self,FeatureAblation,B4_linear_interp,49,38
215,self,KernelSHAP,B4_linear_interp,49,0
215,self,FeatureAblation,B5_gaussian,49,0
215,self,KernelSHAP,B5_gaussian,49,0
215,self,FeatureAblation,B6_shuffle,49,33
215,self,KernelSHAP,B6_shuffle,49,0
218,main,Random,recon_test,29,0
218,main,FeatureAblation,recon_test,29,9
218,main,KernelSHAP,recon_test,29,0
218,main,MPNative,recon_test,29,24
218,self,FeatureAblation,B1_zero,29,6
218,self,KernelSHAP,B1_zero,29,0
218,self,FeatureAblation,B2_global_mean,29,11
218,self,KernelSHAP,B2_global_mean,29,0
218,self,FeatureAblation,B3_local_mean,29,8
218,self,KernelSHAP,B3_local_mean,29,0
218,self,FeatureAblation,B4_linear_interp,29,12
218,self,KernelSHAP,B4_linear_interp,29,0
218,self,FeatureAblation,B5_gaussian,29,0
218,self,KernelSHAP,B5_gaussian,29,0
218,self,FeatureAblation,B6_shuffle,29,9
218,self,KernelSHAP,B6_shuffle,29,0
216,main,Random,recon_test,41,0
216,main,FeatureAblation,recon_test,41,32
216,main,KernelSHAP,recon_test,41,0
216,main,MPNative,recon_test,41,36
216,self,FeatureAblation,B1_zero,41,22
216,self,KernelSHAP,B1_zero,41,0
216,self,FeatureAblation,B2_global_mean,41,28
216,self,KernelSHAP,B2_global_mean,41,0
216,self,FeatureAblation,B3_local_mean,41,31
216,self,KernelSHAP,B3_local_mean,41,0
216,self,FeatureAblation,B4_linear_interp,41,32
216,self,KernelSHAP,B4_linear_interp,41,0
216,self,FeatureAblation,B5_gaussian,41,0
216,self,KernelSHAP,B5_gaussian,41,0
216,self,FeatureAblation,B6_shuffle,41,32
216,self,KernelSHAP,B6_shuffle,41,0
246,main,Random,recon_test,13,0
246,main,FeatureAblation,recon_test,13,5
246,main,KernelSHAP,recon_test,13,0
246,main,MPNative,recon_test,13,8
246,self,FeatureAblation,B1_zero,13,0
246,self,KernelSHAP,B1_zero,13,0
246,self,FeatureAblation,B2_global_mean,13,6
246,self,KernelSHAP,B2_global_mean,13,0
246,self,FeatureAblation,B3_local_mean,13,3
246,self,KernelSHAP,B3_local_mean,13,0
246,self,FeatureAblation,B4_linear_interp,13,4
246,self,KernelSHAP,B4_linear_interp,13,0
246,self,FeatureAblation,B5_gaussian,13,2
246,self,KernelSHAP,B5_gaussian,13,0
246,self,FeatureAblation,B6_shuffle,13,6
246,self,KernelSHAP,B6_shuffle,13,0
219,main,Random,recon_test,16,0
219,main,FeatureAblation,recon_test,16,7
219,main,KernelSHAP,recon_test,16,0
219,main,MPNative,recon_test,16,11
219,self,FeatureAblation,B1_zero,16,0
219,self,KernelSHAP,B1_zero,16,0
219,self,FeatureAblation,B2_global_mean,16,0
219,self,KernelSHAP,B2_global_mean,16,0
219,self,FeatureAblation,B3_local_mean,16,2
219,self,KernelSHAP,B3_local_mean,16,0
219,self,FeatureAblation,B4_linear_interp,16,8
219,self,KernelSHAP,B4_linear_interp,16,0
219,self,FeatureAblation,B5_gaussian,16,0
219,self,KernelSHAP,B5_gaussian,16,0
219,self,FeatureAblation,B6_shuffle,16,3
219,self,KernelSHAP,B6_shuffle,16,0
220,main,Random,recon_test,21,0
220,main,FeatureAblation,recon_test,21,11
220,main,KernelSHAP,recon_test,21,0
220,main,MPNative,recon_test,21,17
220,self,FeatureAblation,B1_zero,21,12
220,self,KernelSHAP,B1_zero,21,0
220,self,FeatureAblation,B2_global_mean,21,7
220,self,KernelSHAP,B2_global_mean,21,0
220,self,FeatureAblation,B3_local_mean,21,12
220,self,KernelSHAP,B3_local_mean,21,0
220,self,FeatureAblation,B4_linear_interp,21,14
220,self,KernelSHAP,B4_linear_interp,21,0
220,self,FeatureAblation,B5_gaussian,21,0
220,self,KernelSHAP,B5_gaussian,21,0
220,self,FeatureAblation,B6_shuffle,21,10
220,self,KernelSHAP,B6_shuffle,21,0
214,main,Random,recon_test,29,0
214,main,FeatureAblation,recon_test,29,10
214,main,KernelSHAP,recon_test,29,0
214,main,MPNative,recon_test,29,24
214,self,FeatureAblation,B1_zero,29,7
214,self,KernelSHAP,B1_zero,29,0
214,self,FeatureAblation,B2_global_mean,29,10
214,self,KernelSHAP,B2_global_mean,29,0
214,self,FeatureAblation,B3_local_mean,29,10
214,self,KernelSHAP,B3_local_mean,29,0
214,self,FeatureAblation,B4_linear_interp,29,10
214,self,KernelSHAP,B4_linear_interp,29,0
214,self,FeatureAblation,B5_gaussian,29,0
214,self,KernelSHAP,B5_gaussian,29,0
214,self,FeatureAblation,B6_shuffle,29,7
214,self,KernelSHAP,B6_shuffle,29,0
245,main,Random,recon_test,15,0
245,main,FeatureAblation,recon_test,15,9
245,main,KernelSHAP,recon_test,15,0
245,main,MPNative,recon_test,15,10
245,self,FeatureAblation,B1_zero,15,6
245,self,KernelSHAP,B1_zero,15,0
245,self,FeatureAblation,B2_global_mean,15,10
245,self,KernelSHAP,B2_global_mean,15,0
245,self,FeatureAblation,B3_local_mean,15,10
245,self,KernelSHAP,B3_local_mean,15,0
245,self,FeatureAblation,B4_linear_interp,15,9
245,self,KernelSHAP,B4_linear_interp,15,0
245,self,FeatureAblation,B5_gaussian,15,7
245,self,KernelSHAP,B5_gaussian,15,0
245,self,FeatureAblation,B6_shuffle,15,9
245,self,KernelSHAP,B6_shuffle,15,0
221,main,Random,recon_test,62,0
221,main,FeatureAblation,recon_test,62,52
221,main,KernelSHAP,recon_test,62,0
221,main,MPNative,recon_test,62,58
221,self,FeatureAblation,B1_zero,62,47
221,self,KernelSHAP,B1_zero,62,0
221,self,FeatureAblation,B2_global_mean,62,50
221,self,KernelSHAP,B2_global_mean,62,0
221,self,FeatureAblation,B3_local_mean,62,44
221,self,KernelSHAP,B3_local_mean,62,0
221,self,FeatureAblation,B4_linear_interp,62,51
221,self,KernelSHAP,B4_linear_interp,62,0
221,self,FeatureAblation,B5_gaussian,62,3
221,self,KernelSHAP,B5_gaussian,62,0
221,self,FeatureAblation,B6_shuffle,62,43
221,self,KernelSHAP,B6_shuffle,62,0
242,main,Random,recon_test,12,0
242,main,FeatureAblation,recon_test,12,6
242,main,KernelSHAP,recon_test,12,0
242,main,MPNative,recon_test,12,7
242,self,FeatureAblation,B1_zero,12,0
242,self,KernelSHAP,B1_zero,12,0
242,self,FeatureAblation,B2_global_mean,12,2
242,self,KernelSHAP,B2_global_mean,12,0
242,self,FeatureAblation,B3_local_mean,12,2
242,self,KernelSHAP,B3_local_mean,12,0
242,self,FeatureAblation,B4_linear_interp,12,5
242,self,KernelSHAP,B4_linear_interp,12,0
242,self,FeatureAblation,B5_gaussian,12,2
242,self,KernelSHAP,B5_gaussian,12,0
242,self,FeatureAblation,B6_shuffle,12,4
242,self,KernelSHAP,B6_shuffle,12,0
243,main,Random,recon_test,9,0
243,main,FeatureAblation,recon_test,9,3
243,main,KernelSHAP,recon_test,9,0
243,main,MPNative,recon_test,9,4
243,self,FeatureAblation,B1_zero,9,0
243,self,KernelSHAP,B1_zero,9,0
243,self,FeatureAblation,B2_global_mean,9,0
243,self,KernelSHAP,B2_global_mean,9,0
243,self,FeatureAblation,B3_local_mean,9,0
243,self,KernelSHAP,B3_local_mean,9,0
243,self,FeatureAblation,B4_linear_interp,9,0
243,self,KernelSHAP,B4_linear_interp,9,0
243,self,FeatureAblation,B5_gaussian,9,0
243,self,KernelSHAP,B5_gaussian,9,0
243,self,FeatureAblation,B6_shuffle,9,0
243,self,KernelSHAP,B6_shuffle,9,0
222,main,Random,recon_test,28,0
222,main,FeatureAblation,recon_test,28,14
222,main,KernelSHAP,recon_test,28,0
222,main,MPNative,recon_test,28,23
222,self,FeatureAblation,B1_zero,28,27
222,self,KernelSHAP,B1_zero,28,0
222,self,FeatureAblation,B2_global_mean,28,25
222,self,KernelSHAP,B2_global_mean,28,0
222,self,FeatureAblation,B3_local_mean,28,20
222,self,KernelSHAP,B3_local_mean,28,0
222,self,FeatureAblation,B4_linear_interp,28,19
222,self,KernelSHAP,B4_linear_interp,28,0
222,self,FeatureAblation,B5_gaussian,28,20
222,self,KernelSHAP,B5_gaussian,28,0
222,self,FeatureAblation,B6_shuffle,28,20
222,self,KernelSHAP,B6_shuffle,28,0
123,main,Random,recon_test,18,0
123,main,FeatureAblation,recon_test,18,11
123,main,KernelSHAP,recon_test,18,0
123,main,MPNative,recon_test,18,13
123,self,FeatureAblation,B1_zero,18,7
123,self,KernelSHAP,B1_zero,18,0
123,self,FeatureAblation,B2_global_mean,18,8
123,self,KernelSHAP,B2_global_mean,18,0
123,self,FeatureAblation,B3_local_mean,18,10
123,self,KernelSHAP,B3_local_mean,18,0
123,self,FeatureAblation,B4_linear_interp,18,6
123,self,KernelSHAP,B4_linear_interp,18,0
123,self,FeatureAblation,B5_gaussian,18,8
123,self,KernelSHAP,B5_gaussian,18,0
123,self,FeatureAblation,B6_shuffle,18,7
123,self,KernelSHAP,B6_shuffle,18,0
78,main,Random,recon_test,13,0
78,main,FeatureAblation,recon_test,13,6
78,main,KernelSHAP,recon_test,13,0
78,main,MPNative,recon_test,13,8
78,self,FeatureAblation,B1_zero,13,4
78,self,KernelSHAP,B1_zero,13,0
78,self,FeatureAblation,B2_global_mean,13,4
78,self,KernelSHAP,B2_global_mean,13,0
78,self,FeatureAblation,B3_local_mean,13,5
78,self,KernelSHAP,B3_local_mean,13,0
78,self,FeatureAblation,B4_linear_interp,13,5
78,self,KernelSHAP,B4_linear_interp,13,0
78,self,FeatureAblation,B5_gaussian,13,0
78,self,KernelSHAP,B5_gaussian,13,0
78,self,FeatureAblation,B6_shuffle,13,5
78,self,KernelSHAP,B6_shuffle,13,0
225,main,Random,recon_test,20,0
225,main,FeatureAblation,recon_test,20,16
225,main,KernelSHAP,recon_test,20,0
225,main,MPNative,recon_test,20,15
225,self,FeatureAblation,B1_zero,20,10
225,self,KernelSHAP,B1_zero,20,0
225,self,FeatureAblation,B2_global_mean,20,11
225,self,KernelSHAP,B2_global_mean,20,0
225,self,FeatureAblation,B3_local_mean,20,11
225,self,KernelSHAP,B3_local_mean,20,0
225,self,FeatureAblation,B4_linear_interp,20,11
225,self,KernelSHAP,B4_linear_interp,20,0
225,self,FeatureAblation,B5_gaussian,20,8
225,self,KernelSHAP,B5_gaussian,20,0
225,self,FeatureAblation,B6_shuffle,20,8
225,self,KernelSHAP,B6_shuffle,20,0
224,main,Random,recon_test,28,0
224,main,FeatureAblation,recon_test,28,22
224,main,KernelSHAP,recon_test,28,0
224,main,MPNative,recon_test,28,23
224,self,FeatureAblation,B1_zero,28,18
224,self,KernelSHAP,B1_zero,28,0
224,self,FeatureAblation,B2_global_mean,28,18
224,self,KernelSHAP,B2_global_mean,28,0
224,self,FeatureAblation,B3_local_mean,28,19
224,self,KernelSHAP,B3_local_mean,28,0
224,self,FeatureAblation,B4_linear_interp,28,19
224,self,KernelSHAP,B4_linear_interp,28,0
224,self,FeatureAblation,B5_gaussian,28,13
224,self,KernelSHAP,B5_gaussian,28,0
224,self,FeatureAblation,B6_shuffle,28,16
224,self,KernelSHAP,B6_shuffle,28,0
82,main,Random,recon_test,9,0
82,main,FeatureAblation,recon_test,9,2
82,main,KernelSHAP,recon_test,9,0
82,main,MPNative,recon_test,9,4
82,self,FeatureAblation,B1_zero,9,0
82,self,KernelSHAP,B1_zero,9,0
82,self,FeatureAblation,B2_global_mean,9,2
82,self,KernelSHAP,B2_global_mean,9,0
82,self,FeatureAblation,B3_local_mean,9,2
82,self,KernelSHAP,B3_local_mean,9,0
82,self,FeatureAblation,B4_linear_interp,9,2
82,self,KernelSHAP,B4_linear_interp,9,0
82,self,FeatureAblation,B5_gaussian,9,0
82,self,KernelSHAP,B5_gaussian,9,0
82,self,FeatureAblation,B6_shuffle,9,2
82,self,KernelSHAP,B6_shuffle,9,0
226,main,Random,recon_test,14,0
226,main,FeatureAblation,recon_test,14,7
226,main,KernelSHAP,recon_test,14,0
226,main,MPNative,recon_test,14,9
226,self,FeatureAblation,B1_zero,14,6
226,self,KernelSHAP,B1_zero,14,0
226,self,FeatureAblation,B2_global_mean,14,7
226,self,KernelSHAP,B2_global_mean,14,0
226,self,FeatureAblation,B3_local_mean,14,6
226,self,KernelSHAP,B3_local_mean,14,0
226,self,FeatureAblation,B4_linear_interp,14,7
226,self,KernelSHAP,B4_linear_interp,14,0
226,self,FeatureAblation,B5_gaussian,14,3
226,self,KernelSHAP,B5_gaussian,14,0
226,self,FeatureAblation,B6_shuffle,14,4
226,self,KernelSHAP,B6_shuffle,14,0
223,main,Random,recon_test,28,0
223,main,FeatureAblation,recon_test,28,16
223,main,KernelSHAP,recon_test,28,0
223,main,MPNative,recon_test,28,23
223,self,FeatureAblation,B1_zero,28,15
223,self,KernelSHAP,B1_zero,28,0
223,self,FeatureAblation,B2_global_mean,28,16
223,self,KernelSHAP,B2_global_mean,28,0
223,self,FeatureAblation,B3_local_mean,28,19
223,self,KernelSHAP,B3_local_mean,28,0
223,self,FeatureAblation,B4_linear_interp,28,16
223,self,KernelSHAP,B4_linear_interp,28,0
223,self,FeatureAblation,B5_gaussian,28,0
223,self,KernelSHAP,B5_gaussian,28,0
223,self,FeatureAblation,B6_shuffle,28,12
223,self,KernelSHAP,B6_shuffle,28,0
89,main,Random,recon_test,10,0
89,main,FeatureAblation,recon_test,10,4
89,main,KernelSHAP,recon_test,10,0
89,main,MPNative,recon_test,10,5
89,self,FeatureAblation,B1_zero,10,0
89,self,KernelSHAP,B1_zero,10,0
89,self,FeatureAblation,B2_global_mean,10,3
89,self,KernelSHAP,B2_global_mean,10,0
89,self,FeatureAblation,B3_local_mean,10,3
89,self,KernelSHAP,B3_local_mean,10,0
89,self,FeatureAblation,B4_linear_interp,10,3
89,self,KernelSHAP,B4_linear_interp,10,0
89,self,FeatureAblation,B5_gaussian,10,0
89,self,KernelSHAP,B5_gaussian,10,0
89,self,FeatureAblation,B6_shuffle,10,3
89,self,KernelSHAP,B6_shuffle,10,0
210,main,Random,recon_test,12,0
210,main,FeatureAblation,recon_test,12,0
210,main,KernelSHAP,recon_test,12,0
210,main,MPNative,recon_test,12,7
210,self,FeatureAblation,B1_zero,12,0
210,self,KernelSHAP,B1_zero,12,0
210,self,FeatureAblation,B2_global_mean,12,0
210,self,KernelSHAP,B2_global_mean,12,0
210,self,FeatureAblation,B3_local_mean,12,0
210,self,KernelSHAP,B3_local_mean,12,0
210,self,FeatureAblation,B4_linear_interp,12,0
210,self,KernelSHAP,B4_linear_interp,12,0
210,self,FeatureAblation,B5_gaussian,12,0
210,self,KernelSHAP,B5_gaussian,12,0
210,self,FeatureAblation,B6_shuffle,12,0
210,self,KernelSHAP,B6_shuffle,12,0
211,main,Random,recon_test,12,0
211,main,FeatureAblation,recon_test,12,5
211,main,KernelSHAP,recon_test,12,0
211,main,MPNative,recon_test,12,7
211,self,FeatureAblation,B1_zero,12,0
211,self,KernelSHAP,B1_zero,12,0
211,self,FeatureAblation,B2_global_mean,12,0
211,self,KernelSHAP,B2_global_mean,12,0
211,self,FeatureAblation,B3_local_mean,12,0
211,self,KernelSHAP,B3_local_mean,12,0
211,self,FeatureAblation,B4_linear_interp,12,0
211,self,KernelSHAP,B4_linear_interp,12,0
211,self,FeatureAblation,B5_gaussian,12,0
211,self,KernelSHAP,B5_gaussian,12,0
211,self,FeatureAblation,B6_shuffle,12,0
211,self,KernelSHAP,B6_shuffle,12,0
238,main,Random,recon_test,15,0
238,main,FeatureAblation,recon_test,15,8
238,main,KernelSHAP,recon_test,15,0
238,main,MPNative,recon_test,15,10
238,self,FeatureAblation,B1_zero,15,8
238,self,KernelSHAP,B1_zero,15,0
238,self,FeatureAblation,B2_global_mean,15,7
238,self,KernelSHAP,B2_global_mean,15,0
238,self,FeatureAblation,B3_local_mean,15,8
238,self,KernelSHAP,B3_local_mean,15,0
238,self,FeatureAblation,B4_linear_interp,15,10
238,self,KernelSHAP,B4_linear_interp,15,0
238,self,FeatureAblation,B5_gaussian,15,7
238,self,KernelSHAP,B5_gaussian,15,0
238,self,FeatureAblation,B6_shuffle,15,7
238,self,KernelSHAP,B6_shuffle,15,0
234,main,Random,recon_test,9,0
234,main,FeatureAblation,recon_test,9,4
234,main,KernelSHAP,recon_test,9,0
234,main,MPNative,recon_test,9,4
234,self,FeatureAblation,B1_zero,9,0
234,self,KernelSHAP,B1_zero,9,0
234,self,FeatureAblation,B2_global_mean,9,0
234,self,KernelSHAP,B2_global_mean,9,0
234,self,FeatureAblation,B3_local_mean,9,0
234,self,KernelSHAP,B3_local_mean,9,0
234,self,FeatureAblation,B4_linear_interp,9,2
234,self,KernelSHAP,B4_linear_interp,9,0
234,self,FeatureAblation,B5_gaussian,9,2
234,self,KernelSHAP,B5_gaussian,9,0
234,self,FeatureAblation,B6_shuffle,9,0
234,self,KernelSHAP,B6_shuffle,9,0
235,main,Random,recon_test,9,0
235,main,FeatureAblation,recon_test,9,2
235,main,KernelSHAP,recon_test,9,0
235,main,MPNative,recon_test,9,4
235,self,FeatureAblation,B1_zero,9,0
235,self,KernelSHAP,B1_zero,9,0
235,self,FeatureAblation,B2_global_mean,9,0
235,self,KernelSHAP,B2_global_mean,9,0
235,self,FeatureAblation,B3_local_mean,9,0
235,self,KernelSHAP,B3_local_mean,9,0
235,self,FeatureAblation,B4_linear_interp,9,0
235,self,KernelSHAP,B4_linear_interp,9,0
235,self,FeatureAblation,B5_gaussian,9,0
235,self,KernelSHAP,B5_gaussian,9,0
235,self,FeatureAblation,B6_shuffle,9,0
235,self,KernelSHAP,B6_shuffle,9,0
236,main,Random,recon_test,10,0
236,main,FeatureAblation,recon_test,10,4
236,main,KernelSHAP,recon_test,10,0
236,main,MPNative,recon_test,10,5
236,self,FeatureAblation,B1_zero,10,0
236,self,KernelSHAP,B1_zero,10,0
236,self,FeatureAblation,B2_global_mean,10,0
236,self,KernelSHAP,B2_global_mean,10,0
236,self,FeatureAblation,B3_local_mean,10,0
236,self,KernelSHAP,B3_local_mean,10,0
236,self,FeatureAblation,B4_linear_interp,10,2
236,self,KernelSHAP,B4_linear_interp,10,0
236,self,FeatureAblation,B5_gaussian,10,0
236,self,KernelSHAP,B5_gaussian,10,0
236,self,FeatureAblation,B6_shuffle,10,2
236,self,KernelSHAP,B6_shuffle,10,0
237,main,Random,recon_test,40,0
237,main,FeatureAblation,recon_test,40,22
237,main,KernelSHAP,recon_test,40,0
237,main,MPNative,recon_test,40,35
237,self,FeatureAblation,B1_zero,40,27
237,self,KernelSHAP,B1_zero,40,0
237,self,FeatureAblation,B2_global_mean,40,27
237,self,KernelSHAP,B2_global_mean,40,0
237,self,FeatureAblation,B3_local_mean,40,27
237,self,KernelSHAP,B3_local_mean,40,0
237,self,FeatureAblation,B4_linear_interp,40,29
237,self,KernelSHAP,B4_linear_interp,40,0
237,self,FeatureAblation,B5_gaussian,40,19
237,self,KernelSHAP,B5_gaussian,40,0
237,self,FeatureAblation,B6_shuffle,40,30
237,self,KernelSHAP,B6_shuffle,40,0
233,main,Random,recon_test,9,0
233,main,FeatureAblation,recon_test,9,3
233,main,KernelSHAP,recon_test,9,0
233,main,MPNative,recon_test,9,4
233,self,FeatureAblation,B1_zero,9,3
233,self,KernelSHAP,B1_zero,9,0
233,self,FeatureAblation,B2_global_mean,9,3
233,self,KernelSHAP,B2_global_mean,9,0
233,self,FeatureAblation,B3_local_mean,9,2
233,self,KernelSHAP,B3_local_mean,9,0
233,self,FeatureAblation,B4_linear_interp,9,4
233,self,KernelSHAP,B4_linear_interp,9,0
233,self,FeatureAblation,B5_gaussian,9,0
233,self,KernelSHAP,B5_gaussian,9,0
233,self,FeatureAblation,B6_shuffle,9,3
233,self,KernelSHAP,B6_shuffle,9,0
209,main,Random,recon_test,13,0
209,main,FeatureAblation,recon_test,13,6
209,main,KernelSHAP,recon_test,13,0
209,main,MPNative,recon_test,13,8
209,self,FeatureAblation,B1_zero,13,0
209,self,KernelSHAP,B1_zero,13,0
209,self,FeatureAblation,B2_global_mean,13,6
209,self,KernelSHAP,B2_global_mean,13,0
209,self,FeatureAblation,B3_local_mean,13,6
209,self,KernelSHAP,B3_local_mean,13,0
209,self,FeatureAblation,B4_linear_interp,13,6
209,self,KernelSHAP,B4_linear_interp,13,0
209,self,FeatureAblation,B5_gaussian,13,2
209,self,KernelSHAP,B5_gaussian,13,0
209,self,FeatureAblation,B6_shuffle,13,6
209,self,KernelSHAP,B6_shuffle,13,0
73,main,Random,recon_test,20,0
73,main,FeatureAblation,recon_test,20,14
73,main,KernelSHAP,recon_test,20,0
73,main,MPNative,recon_test,20,15
73,self,FeatureAblation,B1_zero,20,7
73,self,KernelSHAP,B1_zero,20,0
73,self,FeatureAblation,B2_global_mean,20,7
73,self,KernelSHAP,B2_global_mean,20,0
73,self,FeatureAblation,B3_local_mean,20,8
73,self,KernelSHAP,B3_local_mean,20,0
73,self,FeatureAblation,B4_linear_interp,20,13
73,self,KernelSHAP,B4_linear_interp,20,0
73,self,FeatureAblation,B5_gaussian,20,0
73,self,KernelSHAP,B5_gaussian,20,0
73,self,FeatureAblation,B6_shuffle,20,10
73,self,KernelSHAP,B6_shuffle,20,0
3,main,Random,recon_test,14,0
3,main,FeatureAblation,recon_test,14,6
3,main,KernelSHAP,recon_test,14,0
3,main,MPNative,recon_test,14,9
3,self,FeatureAblation,B1_zero,14,5
3,self,KernelSHAP,B1_zero,14,0
3,self,FeatureAblation,B2_global_mean,14,5
3,self,KernelSHAP,B2_global_mean,14,0
3,self,FeatureAblation,B3_local_mean,14,3
3,self,KernelSHAP,B3_local_mean,14,0
3,self,FeatureAblation,B4_linear_interp,14,5
3,self,KernelSHAP,B4_linear_interp,14,0
3,self,FeatureAblation,B5_gaussian,14,0
3,self,KernelSHAP,B5_gaussian,14,0
3,self,FeatureAblation,B6_shuffle,14,5
3,self,KernelSHAP,B6_shuffle,14,0
86,main,Random,recon_test,12,0
86,main,FeatureAblation,recon_test,12,7
86,main,KernelSHAP,recon_test,12,0
86,main,MPNative,recon_test,12,7
86,self,FeatureAblation,B1_zero,12,3
86,self,KernelSHAP,B1_zero,12,0
86,self,FeatureAblation,B2_global_mean,12,4
86,self,KernelSHAP,B2_global_mean,12,0
86,self,FeatureAblation,B3_local_mean,12,6
86,self,KernelSHAP,B3_local_mean,12,0
86,self,FeatureAblation,B4_linear_interp,12,6
86,self,KernelSHAP,B4_linear_interp,12,0
86,self,FeatureAblation,B5_gaussian,12,2
86,self,KernelSHAP,B5_gaussian,12,0
86,self,FeatureAblation,B6_shuffle,12,3
86,self,KernelSHAP,B6_shuffle,12,0
168,main,Random,recon_test,18,0
168,main,FeatureAblation,recon_test,18,4
168,main,KernelSHAP,recon_test,18,0
168,main,MPNative,recon_test,18,13
168,self,FeatureAblation,B1_zero,18,2
168,self,KernelSHAP,B1_zero,18,0
168,self,FeatureAblation,B2_global_mean,18,0
168,self,KernelSHAP,B2_global_mean,18,0
168,self,FeatureAblation,B3_local_mean,18,0
168,self,KernelSHAP,B3_local_mean,18,0
168,self,FeatureAblation,B4_linear_interp,18,8
168,self,KernelSHAP,B4_linear_interp,18,0
168,self,FeatureAblation,B5_gaussian,18,0
168,self,KernelSHAP,B5_gaussian,18,0
168,self,FeatureAblation,B6_shuffle,18,2
168,self,KernelSHAP,B6_shuffle,18,0
172,main,Random,recon_test,34,0
172,main,FeatureAblation,recon_test,34,22
172,main,KernelSHAP,recon_test,34,0
172,main,MPNative,recon_test,34,29
172,self,FeatureAblation,B1_zero,34,19
172,self,KernelSHAP,B1_zero,34,0
172,self,FeatureAblation,B2_global_mean,34,26
172,self,KernelSHAP,B2_global_mean,34,0
172,self,FeatureAblation,B3_local_mean,34,21
172,self,KernelSHAP,B3_local_mean,34,0
172,self,FeatureAblation,B4_linear_interp,34,20
172,self,KernelSHAP,B4_linear_interp,34,0
172,self,FeatureAblation,B5_gaussian,34,19
172,self,KernelSHAP,B5_gaussian,34,0
172,self,FeatureAblation,B6_shuffle,34,25
172,self,KernelSHAP,B6_shuffle,34,0
195,main,Random,recon_test,17,0
195,main,FeatureAblation,recon_test,17,7
195,main,KernelSHAP,recon_test,17,0
195,main,MPNative,recon_test,17,12
195,self,FeatureAblation,B1_zero,17,12
195,self,KernelSHAP,B1_zero,17,0
195,self,FeatureAblation,B2_global_mean,17,10
195,self,KernelSHAP,B2_global_mean,17,0
195,self,FeatureAblation,B3_local_mean,17,8
195,self,KernelSHAP,B3_local_mean,17,0
195,self,FeatureAblation,B4_linear_interp,17,8
195,self,KernelSHAP,B4_linear_interp,17,0
195,self,FeatureAblation,B5_gaussian,17,8
195,self,KernelSHAP,B5_gaussian,17,0
195,self,FeatureAblation,B6_shuffle,17,10
195,self,KernelSHAP,B6_shuffle,17,0
227,main,Random,recon_test,10,0
227,main,FeatureAblation,recon_test,10,8
227,main,KernelSHAP,recon_test,10,0
227,main,MPNative,recon_test,10,5
227,self,FeatureAblation,B1_zero,10,3
227,self,KernelSHAP,B1_zero,10,0
227,self,FeatureAblation,B2_global_mean,10,4
227,self,KernelSHAP,B2_global_mean,10,0
227,self,FeatureAblation,B3_local_mean,10,2
227,self,KernelSHAP,B3_local_mean,10,0
227,self,FeatureAblation,B4_linear_interp,10,3
227,self,KernelSHAP,B4_linear_interp,10,0
227,self,FeatureAblation,B5_gaussian,10,0
227,self,KernelSHAP,B5_gaussian,10,0
227,self,FeatureAblation,B6_shuffle,10,2
227,self,KernelSHAP,B6_shuffle,10,0
228,main,Random,recon_test,31,0
228,main,FeatureAblation,recon_test,31,24
228,main,KernelSHAP,recon_test,31,0
228,main,MPNative,recon_test,31,25
228,self,FeatureAblation,B1_zero,31,13
228,self,KernelSHAP,B1_zero,31,0
228,self,FeatureAblation,B2_global_mean,31,16
228,self,KernelSHAP,B2_global_mean,31,0
228,self,FeatureAblation,B3_local_mean,31,15
228,self,KernelSHAP,B3_local_mean,31,0
228,self,FeatureAblation,B4_linear_interp,31,15
228,self,KernelSHAP,B4_linear_interp,31,0
228,self,FeatureAblation,B5_gaussian,31,16
228,self,KernelSHAP,B5_gaussian,31,0
228,self,FeatureAblation,B6_shuffle,31,31
228,self,KernelSHAP,B6_shuffle,31,0
229,main,Random,recon_test,21,0
229,main,FeatureAblation,recon_test,21,14
229,main,KernelSHAP,recon_test,21,0
229,main,MPNative,recon_test,21,15
229,self,FeatureAblation,B1_zero,21,12
229,self,KernelSHAP,B1_zero,21,0
229,self,FeatureAblation,B2_global_mean,21,12
229,self,KernelSHAP,B2_global_mean,21,0
229,self,FeatureAblation,B3_local_mean,21,12
229,self,KernelSHAP,B3_local_mean,21,0
229,self,FeatureAblation,B4_linear_interp,21,13
229,self,KernelSHAP,B4_linear_interp,21,0
229,self,FeatureAblation,B5_gaussian,21,12
229,self,KernelSHAP,B5_gaussian,21,0
229,self,FeatureAblation,B6_shuffle,21,21
229,self,KernelSHAP,B6_shuffle,21,0
230,main,Random,recon_test,56,0
230,main,FeatureAblation,recon_test,56,43
230,main,KernelSHAP,recon_test,56,0
230,main,MPNative,recon_test,56,52
230,self,FeatureAblation,B1_zero,56,39
230,self,KernelSHAP,B1_zero,56,0
230,self,FeatureAblation,B2_global_mean,56,43
230,self,KernelSHAP,B2_global_mean,56,0
230,self,FeatureAblation,B3_local_mean,56,49
230,self,KernelSHAP,B3_local_mean,56,0
230,self,FeatureAblation,B4_linear_interp,56,44
230,self,KernelSHAP,B4_linear_interp,56,0
230,self,FeatureAblation,B5_gaussian,56,39
230,self,KernelSHAP,B5_gaussian,56,0
230,self,FeatureAblation,B6_shuffle,56,48
230,self,KernelSHAP,B6_shuffle,56,0
232,main,Random,recon_test,55,0
232,main,FeatureAblation,recon_test,55,47
232,main,KernelSHAP,recon_test,55,0
232,main,MPNative,recon_test,55,53
232,self,FeatureAblation,B1_zero,55,48
232,self,KernelSHAP,B1_zero,55,0
232,self,FeatureAblation,B2_global_mean,55,49
232,self,KernelSHAP,B2_global_mean,55,0
232,self,FeatureAblation,B3_local_mean,55,46
232,self,KernelSHAP,B3_local_mean,55,0
232,self,FeatureAblation,B4_linear_interp,55,46
232,self,KernelSHAP,B4_linear_interp,55,0
232,self,FeatureAblation,B5_gaussian,55,47
232,self,KernelSHAP,B5_gaussian,55,0
232,self,FeatureAblation,B6_shuffle,55,50
232,self,KernelSHAP,B6_shuffle,55,0
88,main,Random,recon_test,17,0
88,main,FeatureAblation,recon_test,17,9
88,main,KernelSHAP,recon_test,17,0
88,main,MPNative,recon_test,17,12
88,self,FeatureAblation,B1_zero,17,6
88,self,KernelSHAP,B1_zero,17,0
88,self,FeatureAblation,B2_global_mean,17,9
88,self,KernelSHAP,B2_global_mean,17,0
88,self,FeatureAblation,B3_local_mean,17,8
88,self,KernelSHAP,B3_local_mean,17,0
88,self,FeatureAblation,B4_linear_interp,17,6
88,self,KernelSHAP,B4_linear_interp,17,0
88,self,FeatureAblation,B5_gaussian,17,6
88,self,KernelSHAP,B5_gaussian,17,0
88,self,FeatureAblation,B6_shuffle,17,7
88,self,KernelSHAP,B6_shuffle,17,0
70,main,Random,recon_test,12,0
70,main,FeatureAblation,recon_test,12,7
70,main,KernelSHAP,recon_test,12,0
70,main,MPNative,recon_test,12,7
70,self,FeatureAblation,B1_zero,12,7
70,self,KernelSHAP,B1_zero,12,0
70,self,FeatureAblation,B2_global_mean,12,7
70,self,KernelSHAP,B2_global_mean,12,0
70,self,FeatureAblation,B3_local_mean,12,7
70,self,KernelSHAP,B3_local_mean,12,0
70,self,FeatureAblation,B4_linear_interp,12,7
70,self,KernelSHAP,B4_linear_interp,12,0
70,self,FeatureAblation,B5_gaussian,12,6
70,self,KernelSHAP,B5_gaussian,12,0
70,self,FeatureAblation,B6_shuffle,12,6
70,self,KernelSHAP,B6_shuffle,12,0
179,main,Random,recon_test,12,0
179,main,FeatureAblation,recon_test,12,7
179,main,KernelSHAP,recon_test,12,0
179,main,MPNative,recon_test,12,7
179,self,FeatureAblation,B1_zero,12,7
179,self,KernelSHAP,B1_zero,12,0
179,self,FeatureAblation,B2_global_mean,12,5
179,self,KernelSHAP,B2_global_mean,12,0
179,self,FeatureAblation,B3_local_mean,12,7
179,self,KernelSHAP,B3_local_mean,12,0
179,self,FeatureAblation,B4_linear_interp,12,7
179,self,KernelSHAP,B4_linear_interp,12,0
179,self,FeatureAblation,B5_gaussian,12,6
179,self,KernelSHAP,B5_gaussian,12,0
179,self,FeatureAblation,B6_shuffle,12,6
179,self,KernelSHAP,B6_shuffle,12,0
180,main,Random,recon_test,12,0
180,main,FeatureAblation,recon_test,12,4
180,main,KernelSHAP,recon_test,12,0
180,main,MPNative,recon_test,12,7
180,self,FeatureAblation,B1_zero,12,5
180,self,KernelSHAP,B1_zero,12,0
180,self,FeatureAblation,B2_global_mean,12,5
180,self,KernelSHAP,B2_global_mean,12,0
180,self,FeatureAblation,B3_local_mean,12,3
180,self,KernelSHAP,B3_local_mean,12,0
180,self,FeatureAblation,B4_linear_interp,12,5
180,self,KernelSHAP,B4_linear_interp,12,0
180,self,FeatureAblation,B5_gaussian,12,7
180,self,KernelSHAP,B5_gaussian,12,0
180,self,FeatureAblation,B6_shuffle,12,5
180,self,KernelSHAP,B6_shuffle,12,0
206,main,Random,recon_test,15,0
206,main,FeatureAblation,recon_test,15,8
206,main,KernelSHAP,recon_test,15,0
206,main,MPNative,recon_test,15,10
206,self,FeatureAblation,B1_zero,15,4
206,self,KernelSHAP,B1_zero,15,0
206,self,FeatureAblation,B2_global_mean,15,10
206,self,KernelSHAP,B2_global_mean,15,0
206,self,FeatureAblation,B3_local_mean,15,6
206,self,KernelSHAP,B3_local_mean,15,0
206,self,FeatureAblation,B4_linear_interp,15,8
206,self,KernelSHAP,B4_linear_interp,15,0
206,self,FeatureAblation,B5_gaussian,15,6
206,self,KernelSHAP,B5_gaussian,15,0
206,self,FeatureAblation,B6_shuffle,15,8
206,self,KernelSHAP,B6_shuffle,15,0
204,main,Random,recon_test,17,0
204,main,FeatureAblation,recon_test,17,11
204,main,KernelSHAP,recon_test,17,0
204,main,MPNative,recon_test,17,12
204,self,FeatureAblation,B1_zero,17,5
204,self,KernelSHAP,B1_zero,17,0
204,self,FeatureAblation,B2_global_mean,17,8
204,self,KernelSHAP,B2_global_mean,17,0
204,self,FeatureAblation,B3_local_mean,17,12
204,self,KernelSHAP,B3_local_mean,17,0
204,self,FeatureAblation,B4_linear_interp,17,12
204,self,KernelSHAP,B4_linear_interp,17,0
204,self,FeatureAblation,B5_gaussian,17,6
204,self,KernelSHAP,B5_gaussian,17,0
204,self,FeatureAblation,B6_shuffle,17,12
204,self,KernelSHAP,B6_shuffle,17,0
202,main,Random,recon_test,12,0
202,main,FeatureAblation,recon_test,12,2
202,main,KernelSHAP,recon_test,12,0
202,main,MPNative,recon_test,12,7
202,self,FeatureAblation,B1_zero,12,0
202,self,KernelSHAP,B1_zero,12,0
202,self,FeatureAblation,B2_global_mean,12,2
202,self,KernelSHAP,B2_global_mean,12,0
202,self,FeatureAblation,B3_local_mean,12,0
202,self,KernelSHAP,B3_local_mean,12,0
202,self,FeatureAblation,B4_linear_interp,12,4
202,self,KernelSHAP,B4_linear_interp,12,0
202,self,FeatureAblation,B5_gaussian,12,0
202,self,KernelSHAP,B5_gaussian,12,0
202,self,FeatureAblation,B6_shuffle,12,0
202,self,KernelSHAP,B6_shuffle,12,0
203,main,Random,recon_test,13,0
203,main,FeatureAblation,recon_test,13,7
203,main,KernelSHAP,recon_test,13,0
203,main,MPNative,recon_test,13,8
203,self,FeatureAblation,B1_zero,13,6
203,self,KernelSHAP,B1_zero,13,0
203,self,FeatureAblation,B2_global_mean,13,6
203,self,KernelSHAP,B2_global_mean,13,0
203,self,FeatureAblation,B3_local_mean,13,7
203,self,KernelSHAP,B3_local_mean,13,0
203,self,FeatureAblation,B4_linear_interp,13,6
203,self,KernelSHAP,B4_linear_interp,13,0
203,self,FeatureAblation,B5_gaussian,13,6
203,self,KernelSHAP,B5_gaussian,13,0
203,self,FeatureAblation,B6_shuffle,13,6
203,self,KernelSHAP,B6_shuffle,13,0
201,main,Random,recon_test,10,0
201,main,FeatureAblation,recon_test,10,3
201,main,KernelSHAP,recon_test,10,0
201,main,MPNative,recon_test,10,5
201,self,FeatureAblation,B1_zero,10,0
201,self,KernelSHAP,B1_zero,10,0
201,self,FeatureAblation,B2_global_mean,10,2
201,self,KernelSHAP,B2_global_mean,10,0
201,self,FeatureAblation,B3_local_mean,10,2
201,self,KernelSHAP,B3_local_mean,10,0
201,self,FeatureAblation,B4_linear_interp,10,3
201,self,KernelSHAP,B4_linear_interp,10,0
201,self,FeatureAblation,B5_gaussian,10,2
201,self,KernelSHAP,B5_gaussian,10,0
201,self,FeatureAblation,B6_shuffle,10,2
201,self,KernelSHAP,B6_shuffle,10,0
208,main,Random,recon_test,15,0
208,main,FeatureAblation,recon_test,15,10
208,main,KernelSHAP,recon_test,15,0
208,main,MPNative,recon_test,15,10
208,self,FeatureAblation,B1_zero,15,9
208,self,KernelSHAP,B1_zero,15,0
208,self,FeatureAblation,B2_global_mean,15,9
208,self,KernelSHAP,B2_global_mean,15,0
208,self,FeatureAblation,B3_local_mean,15,9
208,self,KernelSHAP,B3_local_mean,15,0
208,self,FeatureAblation,B4_linear_interp,15,9
208,self,KernelSHAP,B4_linear_interp,15,0
208,self,FeatureAblation,B5_gaussian,15,7
208,self,KernelSHAP,B5_gaussian,15,0
208,self,FeatureAblation,B6_shuffle,15,8
208,self,KernelSHAP,B6_shuffle,15,0
84,main,Random,recon_test,12,0
84,main,FeatureAblation,recon_test,12,7
84,main,KernelSHAP,recon_test,12,0
84,main,MPNative,recon_test,12,7
84,self,FeatureAblation,B1_zero,12,7
84,self,KernelSHAP,B1_zero,12,0
84,self,FeatureAblation,B2_global_mean,12,6
84,self,KernelSHAP,B2_global_mean,12,0
84,self,FeatureAblation,B3_local_mean,12,7
84,self,KernelSHAP,B3_local_mean,12,0
84,self,FeatureAblation,B4_linear_interp,12,5
84,self,KernelSHAP,B4_linear_interp,12,0
84,self,FeatureAblation,B5_gaussian,12,4
84,self,KernelSHAP,B5_gaussian,12,0
84,self,FeatureAblation,B6_shuffle,12,5
84,self,KernelSHAP,B6_shuffle,12,0
85,main,Random,recon_test,12,0
85,main,FeatureAblation,recon_test,12,4
85,main,KernelSHAP,recon_test,12,0
85,main,MPNative,recon_test,12,7
85,self,FeatureAblation,B1_zero,12,2
85,self,KernelSHAP,B1_zero,12,0
85,self,FeatureAblation,B2_global_mean,12,0
85,self,KernelSHAP,B2_global_mean,12,0
85,self,FeatureAblation,B3_local_mean,12,0
85,self,KernelSHAP,B3_local_mean,12,0
85,self,FeatureAblation,B4_linear_interp,12,3
85,self,KernelSHAP,B4_linear_interp,12,0
85,self,FeatureAblation,B5_gaussian,12,0
85,self,KernelSHAP,B5_gaussian,12,0
85,self,FeatureAblation,B6_shuffle,12,4
85,self,KernelSHAP,B6_shuffle,12,0
205,main,Random,recon_test,20,0
205,main,FeatureAblation,recon_test,20,15
205,main,KernelSHAP,recon_test,20,0
205,main,MPNative,recon_test,20,15
205,self,FeatureAblation,B1_zero,20,0
205,self,KernelSHAP,B1_zero,20,0
205,self,FeatureAblation,B2_global_mean,20,4
205,self,KernelSHAP,B2_global_mean,20,0
205,self,FeatureAblation,B3_local_mean,20,2
205,self,KernelSHAP,B3_local_mean,20,0
205,self,FeatureAblation,B4_linear_interp,20,13
205,self,KernelSHAP,B4_linear_interp,20,0
205,self,FeatureAblation,B5_gaussian,20,0
205,self,KernelSHAP,B5_gaussian,20,0
205,self,FeatureAblation,B6_shuffle,20,10
205,self,KernelSHAP,B6_shuffle,20,0
207,main,Random,recon_test,15,0
207,main,FeatureAblation,recon_test,15,4
207,main,KernelSHAP,recon_test,15,0
207,main,MPNative,recon_test,15,10
207,self,FeatureAblation,B1_zero,15,4
207,self,KernelSHAP,B1_zero,15,0
207,self,FeatureAblation,B2_global_mean,15,8
207,self,KernelSHAP,B2_global_mean,15,0
207,self,FeatureAblation,B3_local_mean,15,8
207,self,KernelSHAP,B3_local_mean,15,0
207,self,FeatureAblation,B4_linear_interp,15,10
207,self,KernelSHAP,B4_linear_interp,15,0
207,self,FeatureAblation,B5_gaussian,15,9
207,self,KernelSHAP,B5_gaussian,15,0
207,self,FeatureAblation,B6_shuffle,15,7
207,self,KernelSHAP,B6_shuffle,15,0
166,main,Random,recon_test,15,0
166,main,FeatureAblation,recon_test,15,9
166,main,KernelSHAP,recon_test,15,0
166,main,MPNative,recon_test,15,10
166,self,FeatureAblation,B1_zero,15,10
166,self,KernelSHAP,B1_zero,15,0
166,self,FeatureAblation,B2_global_mean,15,9
166,self,KernelSHAP,B2_global_mean,15,0
166,self,FeatureAblation,B3_local_mean,15,10
166,self,KernelSHAP,B3_local_mean,15,0
166,self,FeatureAblation,B4_linear_interp,15,9
166,self,KernelSHAP,B4_linear_interp,15,0
166,self,FeatureAblation,B5_gaussian,15,9
166,self,KernelSHAP,B5_gaussian,15,0
166,self,FeatureAblation,B6_shuffle,15,9
166,self,KernelSHAP,B6_shuffle,15,0
164,main,Random,recon_test,18,0
164,main,FeatureAblation,recon_test,18,7
164,main,KernelSHAP,recon_test,18,0
164,main,MPNative,recon_test,18,13
164,self,FeatureAblation,B1_zero,18,7
164,self,KernelSHAP,B1_zero,18,0
164,self,FeatureAblation,B2_global_mean,18,7
164,self,KernelSHAP,B2_global_mean,18,0
164,self,FeatureAblation,B3_local_mean,18,9
164,self,KernelSHAP,B3_local_mean,18,0
164,self,FeatureAblation,B4_linear_interp,18,8
164,self,KernelSHAP,B4_linear_interp,18,0
164,self,FeatureAblation,B5_gaussian,18,7
164,self,KernelSHAP,B5_gaussian,18,0
164,self,FeatureAblation,B6_shuffle,18,6
164,self,KernelSHAP,B6_shuffle,18,0
57,main,Random,recon_test,18,0
57,main,FeatureAblation,recon_test,18,8
57,main,KernelSHAP,recon_test,18,0
57,main,MPNative,recon_test,18,13
57,self,FeatureAblation,B1_zero,18,7
57,self,KernelSHAP,B1_zero,18,0
57,self,FeatureAblation,B2_global_mean,18,5
57,self,KernelSHAP,B2_global_mean,18,0
57,self,FeatureAblation,B3_local_mean,18,5
57,self,KernelSHAP,B3_local_mean,18,0
57,self,FeatureAblation,B4_linear_interp,18,10
57,self,KernelSHAP,B4_linear_interp,18,0
57,self,FeatureAblation,B5_gaussian,18,0
57,self,KernelSHAP,B5_gaussian,18,0
57,self,FeatureAblation,B6_shuffle,18,8
57,self,KernelSHAP,B6_shuffle,18,0
182,main,Random,recon_test,17,0
182,main,FeatureAblation,recon_test,17,10
182,main,KernelSHAP,recon_test,17,0
182,main,MPNative,recon_test,17,12
182,self,FeatureAblation,B1_zero,17,5
182,self,KernelSHAP,B1_zero,17,0
182,self,FeatureAblation,B2_global_mean,17,9
182,self,KernelSHAP,B2_global_mean,17,0
182,self,FeatureAblation,B3_local_mean,17,11
182,self,KernelSHAP,B3_local_mean,17,0
182,self,FeatureAblation,B4_linear_interp,17,9
182,self,KernelSHAP,B4_linear_interp,17,0
182,self,FeatureAblation,B5_gaussian,17,8
182,self,KernelSHAP,B5_gaussian,17,0
182,self,FeatureAblation,B6_shuffle,17,7
182,self,KernelSHAP,B6_shuffle,17,0
40,main,Random,recon_test,25,0
40,main,FeatureAblation,recon_test,25,18
40,main,KernelSHAP,recon_test,25,0
40,main,MPNative,recon_test,25,20
40,self,FeatureAblation,B1_zero,25,15
40,self,KernelSHAP,B1_zero,25,0
40,self,FeatureAblation,B2_global_mean,25,18
40,self,KernelSHAP,B2_global_mean,25,0
40,self,FeatureAblation,B3_local_mean,25,18
40,self,KernelSHAP,B3_local_mean,25,0
40,self,FeatureAblation,B4_linear_interp,25,18
40,self,KernelSHAP,B4_linear_interp,25,0
40,self,FeatureAblation,B5_gaussian,25,10
40,self,KernelSHAP,B5_gaussian,25,0
40,self,FeatureAblation,B6_shuffle,25,13
40,self,KernelSHAP,B6_shuffle,25,0
11,main,Random,recon_test,22,0
11,main,FeatureAblation,recon_test,22,17
11,main,KernelSHAP,recon_test,22,0
11,main,MPNative,recon_test,22,17
11,self,FeatureAblation,B1_zero,22,12
11,self,KernelSHAP,B1_zero,22,0
11,self,FeatureAblation,B2_global_mean,22,13
11,self,KernelSHAP,B2_global_mean,22,0
11,self,FeatureAblation,B3_local_mean,22,12
11,self,KernelSHAP,B3_local_mean,22,0
11,self,FeatureAblation,B4_linear_interp,22,11
11,self,KernelSHAP,B4_linear_interp,22,0
11,self,FeatureAblation,B5_gaussian,22,12
11,self,KernelSHAP,B5_gaussian,22,0
11,self,FeatureAblation,B6_shuffle,22,13
11,self,KernelSHAP,B6_shuffle,22,0
96,main,Random,recon_test,13,0
96,main,FeatureAblation,recon_test,13,7
96,main,KernelSHAP,recon_test,13,0
96,main,MPNative,recon_test,13,8
96,self,FeatureAblation,B1_zero,13,8
96,self,KernelSHAP,B1_zero,13,0
96,self,FeatureAblation,B2_global_mean,13,7
96,self,KernelSHAP,B2_global_mean,13,0
96,self,FeatureAblation,B3_local_mean,13,7
96,self,KernelSHAP,B3_local_mean,13,0
96,self,FeatureAblation,B4_linear_interp,13,7
96,self,KernelSHAP,B4_linear_interp,13,0
96,self,FeatureAblation,B5_gaussian,13,7
96,self,KernelSHAP,B5_gaussian,13,0
96,self,FeatureAblation,B6_shuffle,13,5
96,self,KernelSHAP,B6_shuffle,13,0
183,main,Random,recon_test,17,0
183,main,FeatureAblation,recon_test,17,10
183,main,KernelSHAP,recon_test,17,0
183,main,MPNative,recon_test,17,12
183,self,FeatureAblation,B1_zero,17,10
183,self,KernelSHAP,B1_zero,17,0
183,self,FeatureAblation,B2_global_mean,17,8
183,self,KernelSHAP,B2_global_mean,17,0
183,self,FeatureAblation,B3_local_mean,17,8
183,self,KernelSHAP,B3_local_mean,17,0
183,self,FeatureAblation,B4_linear_interp,17,7
183,self,KernelSHAP,B4_linear_interp,17,0
183,self,FeatureAblation,B5_gaussian,17,8
183,self,KernelSHAP,B5_gaussian,17,0
183,self,FeatureAblation,B6_shuffle,17,8
183,self,KernelSHAP,B6_shuffle,17,0
146,main,Random,recon_test,17,0
146,main,FeatureAblation,recon_test,17,11
146,main,KernelSHAP,recon_test,17,0
146,main,MPNative,recon_test,17,12
146,self,FeatureAblation,B1_zero,17,7
146,self,KernelSHAP,B1_zero,17,0
146,self,FeatureAblation,B2_global_mean,17,9
146,self,KernelSHAP,B2_global_mean,17,0
146,self,FeatureAblation,B3_local_mean,17,10
146,self,KernelSHAP,B3_local_mean,17,0
146,self,FeatureAblation,B4_linear_interp,17,12
146,self,KernelSHAP,B4_linear_interp,17,0
146,self,FeatureAblation,B5_gaussian,17,11
146,self,KernelSHAP,B5_gaussian,17,0
146,self,FeatureAblation,B6_shuffle,17,11
146,self,KernelSHAP,B6_shuffle,17,0
153,main,Random,recon_test,17,0
153,main,FeatureAblation,recon_test,17,14
153,main,KernelSHAP,recon_test,17,0
153,main,MPNative,recon_test,17,12
153,self,FeatureAblation,B1_zero,17,0
153,self,KernelSHAP,B1_zero,17,0
153,self,FeatureAblation,B2_global_mean,17,0
153,self,KernelSHAP,B2_global_mean,17,0
153,self,FeatureAblation,B3_local_mean,17,0
153,self,KernelSHAP,B3_local_mean,17,0
153,self,FeatureAblation,B4_linear_interp,17,2
153,self,KernelSHAP,B4_linear_interp,17,0
153,self,FeatureAblation,B5_gaussian,17,0
153,self,KernelSHAP,B5_gaussian,17,0
153,self,FeatureAblation,B6_shuffle,17,0
153,self,KernelSHAP,B6_shuffle,17,0
150,main,Random,recon_test,37,0
150,main,FeatureAblation,recon_test,37,24
150,main,KernelSHAP,recon_test,37,0
150,main,MPNative,recon_test,37,32
150,self,FeatureAblation,B1_zero,37,18
150,self,KernelSHAP,B1_zero,37,0
150,self,FeatureAblation,B2_global_mean,37,24
150,self,KernelSHAP,B2_global_mean,37,0
150,self,FeatureAblation,B3_local_mean,37,26
150,self,KernelSHAP,B3_local_mean,37,0
150,self,FeatureAblation,B4_linear_interp,37,28
150,self,KernelSHAP,B4_linear_interp,37,0
150,self,FeatureAblation,B5_gaussian,37,8
150,self,KernelSHAP,B5_gaussian,37,0
150,self,FeatureAblation,B6_shuffle,37,26
150,self,KernelSHAP,B6_shuffle,37,0
41,main,Random,recon_test,25,0
41,main,FeatureAblation,recon_test,25,23
41,main,KernelSHAP,recon_test,25,0
41,main,MPNative,recon_test,25,20
41,self,FeatureAblation,B1_zero,25,19
41,self,KernelSHAP,B1_zero,25,0
41,self,FeatureAblation,B2_global_mean,25,22
41,self,KernelSHAP,B2_global_mean,25,0
41,self,FeatureAblation,B3_local_mean,25,22
41,self,KernelSHAP,B3_local_mean,25,0
41,self,FeatureAblation,B4_linear_interp,25,22
41,self,KernelSHAP,B4_linear_interp,25,0
41,self,FeatureAblation,B5_gaussian,25,18
41,self,KernelSHAP,B5_gaussian,25,0
41,self,FeatureAblation,B6_shuffle,25,15
41,self,KernelSHAP,B6_shuffle,25,0
102,main,Random,recon_test,23,0
102,main,FeatureAblation,recon_test,23,4
102,main,KernelSHAP,recon_test,23,0
102,main,MPNative,recon_test,23,18
102,self,FeatureAblation,B1_zero,23,2
102,self,KernelSHAP,B1_zero,23,0
102,self,FeatureAblation,B2_global_mean,23,3
102,self,KernelSHAP,B2_global_mean,23,0
102,self,FeatureAblation,B3_local_mean,23,6
102,self,KernelSHAP,B3_local_mean,23,0
102,self,FeatureAblation,B4_linear_interp,23,2
102,self,KernelSHAP,B4_linear_interp,23,0
102,self,FeatureAblation,B5_gaussian,23,0
102,self,KernelSHAP,B5_gaussian,23,0
102,self,FeatureAblation,B6_shuffle,23,7
102,self,KernelSHAP,B6_shuffle,23,0
128,main,Random,recon_test,12,0
128,main,FeatureAblation,recon_test,12,6
128,main,KernelSHAP,recon_test,12,0
128,main,MPNative,recon_test,12,7
128,self,FeatureAblation,B1_zero,12,4
128,self,KernelSHAP,B1_zero,12,0
128,self,FeatureAblation,B2_global_mean,12,6
128,self,KernelSHAP,B2_global_mean,12,0
128,self,FeatureAblation,B3_local_mean,12,5
128,self,KernelSHAP,B3_local_mean,12,0
128,self,FeatureAblation,B4_linear_interp,12,5
128,self,KernelSHAP,B4_linear_interp,12,0
128,self,FeatureAblation,B5_gaussian,12,4
128,self,KernelSHAP,B5_gaussian,12,0
128,self,FeatureAblation,B6_shuffle,12,7
128,self,KernelSHAP,B6_shuffle,12,0
52,main,Random,recon_test,13,0
52,main,FeatureAblation,recon_test,13,5
52,main,KernelSHAP,recon_test,13,0
52,main,MPNative,recon_test,13,8
52,self,FeatureAblation,B1_zero,13,0
52,self,KernelSHAP,B1_zero,13,0
52,self,FeatureAblation,B2_global_mean,13,2
52,self,KernelSHAP,B2_global_mean,13,0
52,self,FeatureAblation,B3_local_mean,13,0
52,self,KernelSHAP,B3_local_mean,13,0
52,self,FeatureAblation,B4_linear_interp,13,4
52,self,KernelSHAP,B4_linear_interp,13,0
52,self,FeatureAblation,B5_gaussian,13,0
52,self,KernelSHAP,B5_gaussian,13,0
52,self,FeatureAblation,B6_shuffle,13,5
52,self,KernelSHAP,B6_shuffle,13,0
4,main,Random,recon_test,19,0
4,main,FeatureAblation,recon_test,19,14
4,main,KernelSHAP,recon_test,19,0
4,main,MPNative,recon_test,19,14
4,self,FeatureAblation,B1_zero,19,13
4,self,KernelSHAP,B1_zero,19,0
4,self,FeatureAblation,B2_global_mean,19,13
4,self,KernelSHAP,B2_global_mean,19,0
4,self,FeatureAblation,B3_local_mean,19,13
4,self,KernelSHAP,B3_local_mean,19,0
4,self,FeatureAblation,B4_linear_interp,19,13
4,self,KernelSHAP,B4_linear_interp,19,0
4,self,FeatureAblation,B5_gaussian,19,12
4,self,KernelSHAP,B5_gaussian,19,0
4,self,FeatureAblation,B6_shuffle,19,13
4,self,KernelSHAP,B6_shuffle,19,0
249,main,Random,recon_test,13,0
249,main,FeatureAblation,recon_test,13,5
249,main,KernelSHAP,recon_test,13,0
249,main,MPNative,recon_test,13,8
249,self,FeatureAblation,B1_zero,13,0
249,self,KernelSHAP,B1_zero,13,0
249,self,FeatureAblation,B2_global_mean,13,5
249,self,KernelSHAP,B2_global_mean,13,0
249,self,FeatureAblation,B3_local_mean,13,2
249,self,KernelSHAP,B3_local_mean,13,0
249,self,FeatureAblation,B4_linear_interp,13,5
249,self,KernelSHAP,B4_linear_interp,13,0
249,self,FeatureAblation,B5_gaussian,13,2
249,self,KernelSHAP,B5_gaussian,13,0
249,self,FeatureAblation,B6_shuffle,13,5
249,self,KernelSHAP,B6_shuffle,13,0
250,main,Random,recon_test,9,0
250,main,FeatureAblation,recon_test,9,2
250,main,KernelSHAP,recon_test,9,0
250,main,MPNative,recon_test,9,4
250,self,FeatureAblation,B1_zero,9,2
250,self,KernelSHAP,B1_zero,9,0
250,self,FeatureAblation,B2_global_mean,9,2
250,self,KernelSHAP,B2_global_mean,9,0
250,self,FeatureAblation,B3_local_mean,9,2
250,self,KernelSHAP,B3_local_mean,9,0
250,self,FeatureAblation,B4_linear_interp,9,3
250,self,KernelSHAP,B4_linear_interp,9,0
250,self,FeatureAblation,B5_gaussian,9,2
250,self,KernelSHAP,B5_gaussian,9,0
250,self,FeatureAblation,B6_shuffle,9,2
250,self,KernelSHAP,B6_shuffle,9,0
68,main,Random,recon_test,17,0
68,main,FeatureAblation,recon_test,17,9
68,main,KernelSHAP,recon_test,17,0
68,main,MPNative,recon_test,17,12
68,self,FeatureAblation,B1_zero,17,0
68,self,KernelSHAP,B1_zero,17,0
68,self,FeatureAblation,B2_global_mean,17,4
68,self,KernelSHAP,B2_global_mean,17,0
68,self,FeatureAblation,B3_local_mean,17,2
68,self,KernelSHAP,B3_local_mean,17,0
68,self,FeatureAblation,B4_linear_interp,17,10
68,self,KernelSHAP,B4_linear_interp,17,0
68,self,FeatureAblation,B5_gaussian,17,0
68,self,KernelSHAP,B5_gaussian,17,0
68,self,FeatureAblation,B6_shuffle,17,9
68,self,KernelSHAP,B6_shuffle,17,0
248,main,Random,recon_test,9,0
248,main,FeatureAblation,recon_test,9,0
248,main,KernelSHAP,recon_test,9,0
248,main,MPNative,recon_test,9,4
248,self,FeatureAblation,B1_zero,9,0
248,self,KernelSHAP,B1_zero,9,0
248,self,FeatureAblation,B2_global_mean,9,0
248,self,KernelSHAP,B2_global_mean,9,0
248,self,FeatureAblation,B3_local_mean,9,0
248,self,KernelSHAP,B3_local_mean,9,0
248,self,FeatureAblation,B4_linear_interp,9,0
248,self,KernelSHAP,B4_linear_interp,9,0
248,self,FeatureAblation,B5_gaussian,9,0
248,self,KernelSHAP,B5_gaussian,9,0
248,self,FeatureAblation,B6_shuffle,9,0
248,self,KernelSHAP,B6_shuffle,9,0
5,main,Random,recon_test,8,0
5,main,FeatureAblation,recon_test,8,3
5,main,KernelSHAP,recon_test,8,0
5,main,MPNative,recon_test,8,4
5,self,FeatureAblation,B1_zero,8,0
5,self,KernelSHAP,B1_zero,8,0
5,self,FeatureAblation,B2_global_mean,8,0
5,self,KernelSHAP,B2_global_mean,8,0
5,self,FeatureAblation,B3_local_mean,8,0
5,self,KernelSHAP,B3_local_mean,8,0
5,self,FeatureAblation,B4_linear_interp,8,2
5,self,KernelSHAP,B4_linear_interp,8,0
5,self,FeatureAblation,B5_gaussian,8,0
5,self,KernelSHAP,B5_gaussian,8,0
5,self,FeatureAblation,B6_shuffle,8,0
5,self,KernelSHAP,B6_shuffle,8,0
34,main,Random,recon_test,13,0
34,main,FeatureAblation,recon_test,13,5
34,main,KernelSHAP,recon_test,13,0
34,main,MPNative,recon_test,13,8
34,self,FeatureAblation,B1_zero,13,0
34,self,KernelSHAP,B1_zero,13,0
34,self,FeatureAblation,B2_global_mean,13,3
34,self,KernelSHAP,B2_global_mean,13,0
34,self,FeatureAblation,B3_local_mean,13,3
34,self,KernelSHAP,B3_local_mean,13,0
34,self,FeatureAblation,B4_linear_interp,13,4
34,self,KernelSHAP,B4_linear_interp,13,0
34,self,FeatureAblation,B5_gaussian,13,2
34,self,KernelSHAP,B5_gaussian,13,0
34,self,FeatureAblation,B6_shuffle,13,8
34,self,KernelSHAP,B6_shuffle,13,0
134,main,Random,recon_test,12,0
134,main,FeatureAblation,recon_test,12,3
134,main,KernelSHAP,recon_test,12,0
134,main,MPNative,recon_test,12,7
134,self,FeatureAblation,B1_zero,12,0
134,self,KernelSHAP,B1_zero,12,0
134,self,FeatureAblation,B2_global_mean,12,2
134,self,KernelSHAP,B2_global_mean,12,0
134,self,FeatureAblation,B3_local_mean,12,0
134,self,KernelSHAP,B3_local_mean,12,0
134,self,FeatureAblation,B4_linear_interp,12,2
134,self,KernelSHAP,B4_linear_interp,12,0
134,self,FeatureAblation,B5_gaussian,12,0
134,self,KernelSHAP,B5_gaussian,12,0
134,self,FeatureAblation,B6_shuffle,12,2
134,self,KernelSHAP,B6_shuffle,12,0
132,main,Random,recon_test,9,0
132,main,FeatureAblation,recon_test,9,3
132,main,KernelSHAP,recon_test,9,0
132,main,MPNative,recon_test,9,4
132,self,FeatureAblation,B1_zero,9,0
132,self,KernelSHAP,B1_zero,9,0
132,self,FeatureAblation,B2_global_mean,9,0
132,self,KernelSHAP,B2_global_mean,9,0
132,self,FeatureAblation,B3_local_mean,9,0
132,self,KernelSHAP,B3_local_mean,9,0
132,self,FeatureAblation,B4_linear_interp,9,2
132,self,KernelSHAP,B4_linear_interp,9,0
132,self,FeatureAblation,B5_gaussian,9,0
132,self,KernelSHAP,B5_gaussian,9,0
132,self,FeatureAblation,B6_shuffle,9,0
132,self,KernelSHAP,B6_shuffle,9,0
27,main,Random,recon_test,9,0
27,main,FeatureAblation,recon_test,9,4
27,main,KernelSHAP,recon_test,9,0
27,main,MPNative,recon_test,9,4
27,self,FeatureAblation,B1_zero,9,0
27,self,KernelSHAP,B1_zero,9,0
27,self,FeatureAblation,B2_global_mean,9,0
27,self,KernelSHAP,B2_global_mean,9,0
27,self,FeatureAblation,B3_local_mean,9,0
27,self,KernelSHAP,B3_local_mean,9,0
27,self,FeatureAblation,B4_linear_interp,9,0
27,self,KernelSHAP,B4_linear_interp,9,0
27,self,FeatureAblation,B5_gaussian,9,0
27,self,KernelSHAP,B5_gaussian,9,0
27,self,FeatureAblation,B6_shuffle,9,0
27,self,KernelSHAP,B6_shuffle,9,0
143,main,Random,recon_test,11,0
143,main,FeatureAblation,recon_test,11,4
143,main,KernelSHAP,recon_test,11,0
143,main,MPNative,recon_test,11,6
143,self,FeatureAblation,B1_zero,11,0
143,self,KernelSHAP,B1_zero,11,0
143,self,FeatureAblation,B2_global_mean,11,0
143,self,KernelSHAP,B2_global_mean,11,0
143,self,FeatureAblation,B3_local_mean,11,0
143,self,KernelSHAP,B3_local_mean,11,0
143,self,FeatureAblation,B4_linear_interp,11,2
143,self,KernelSHAP,B4_linear_interp,11,0
143,self,FeatureAblation,B5_gaussian,11,0
143,self,KernelSHAP,B5_gaussian,11,0
143,self,FeatureAblation,B6_shuffle,11,0
143,self,KernelSHAP,B6_shuffle,11,0
36,main,Random,recon_test,11,0
36,main,FeatureAblation,recon_test,11,0
36,main,KernelSHAP,recon_test,11,0
36,main,MPNative,recon_test,11,6
36,self,FeatureAblation,B1_zero,11,0
36,self,KernelSHAP,B1_zero,11,0
36,self,FeatureAblation,B2_global_mean,11,0
36,self,KernelSHAP,B2_global_mean,11,0
36,self,FeatureAblation,B3_local_mean,11,0
36,self,KernelSHAP,B3_local_mean,11,0
36,self,FeatureAblation,B4_linear_interp,11,2
36,self,KernelSHAP,B4_linear_interp,11,0
36,self,FeatureAblation,B5_gaussian,11,0
36,self,KernelSHAP,B5_gaussian,11,0
36,self,FeatureAblation,B6_shuffle,11,0
36,self,KernelSHAP,B6_shuffle,11,0
141,main,Random,recon_test,12,0
141,main,FeatureAblation,recon_test,12,5
141,main,KernelSHAP,recon_test,12,0
141,main,MPNative,recon_test,12,7
141,self,FeatureAblation,B1_zero,12,2
141,self,KernelSHAP,B1_zero,12,0
141,self,FeatureAblation,B2_global_mean,12,5
141,self,KernelSHAP,B2_global_mean,12,0
141,self,FeatureAblation,B3_local_mean,12,5
141,self,KernelSHAP,B3_local_mean,12,0
141,self,FeatureAblation,B4_linear_interp,12,7
141,self,KernelSHAP,B4_linear_interp,12,0
141,self,FeatureAblation,B5_gaussian,12,7
141,self,KernelSHAP,B5_gaussian,12,0
141,self,FeatureAblation,B6_shuffle,12,5
141,self,KernelSHAP,B6_shuffle,12,0
32,main,Random,recon_test,17,0
32,main,FeatureAblation,recon_test,17,9
32,main,KernelSHAP,recon_test,17,0
32,main,MPNative,recon_test,17,12
32,self,FeatureAblation,B1_zero,17,6
32,self,KernelSHAP,B1_zero,17,0
32,self,FeatureAblation,B2_global_mean,17,10
32,self,KernelSHAP,B2_global_mean,17,0
32,self,FeatureAblation,B3_local_mean,17,10
32,self,KernelSHAP,B3_local_mean,17,0
32,self,FeatureAblation,B4_linear_interp,17,9
32,self,KernelSHAP,B4_linear_interp,17,0
32,self,FeatureAblation,B5_gaussian,17,10
32,self,KernelSHAP,B5_gaussian,17,0
32,self,FeatureAblation,B6_shuffle,17,10
32,self,KernelSHAP,B6_shuffle,17,0
161,main,Random,recon_test,17,0
161,main,FeatureAblation,recon_test,17,4
161,main,KernelSHAP,recon_test,17,0
161,main,MPNative,recon_test,17,12
161,self,FeatureAblation,B1_zero,17,2
161,self,KernelSHAP,B1_zero,17,0
161,self,FeatureAblation,B2_global_mean,17,4
161,self,KernelSHAP,B2_global_mean,17,0
161,self,FeatureAblation,B3_local_mean,17,5
161,self,KernelSHAP,B3_local_mean,17,0
161,self,FeatureAblation,B4_linear_interp,17,3
161,self,KernelSHAP,B4_linear_interp,17,0
161,self,FeatureAblation,B5_gaussian,17,0
161,self,KernelSHAP,B5_gaussian,17,0
161,self,FeatureAblation,B6_shuffle,17,6
161,self,KernelSHAP,B6_shuffle,17,0
