part,series_id,n,w,threshold,equal,max_abs_diff,t_s,subset,op,L_rel,n_series,n_cells_excluded_lt10,positions,pre_alarm_removed,false_alarms,mean,mean_ci_lo,mean_ci_hi,median,median_ci_lo,median_ci_hi,B,seed,fa_n,fa_median,fa_q25,fa_q75,nofa_n,nofa_median,nofa_q25,nofa_q75
threshold,3,80000,208,5.155775622,True,0,14.9165005,,,,,,,,,,,,,,,,,,,,,,,,
threshold,4,11000,81,1.353329008,True,0,10.79009958,,,,,,,,,,,,,,,,,,,,,,,,
threshold,5,8184,24,2.320633804,True,0,10.78358279,,,,,,,,,,,,,,,,,,,,,,,,
threshold,11,30000,91,3.057138963,True,0,11.11224137,,,,,,,,,,,,,,,,,,,,,,,,
threshold,27,7501,183,2.573993843,True,0,0.02514154202,,,,,,,,,,,,,,,,,,,,,,,,
threshold,32,7321,178,2.490985264,True,0,0.025161917,,,,,,,,,,,,,,,,,,,,,,,,
threshold,34,7654,154,2.437197494,True,0,0.035693666,,,,,,,,,,,,,,,,,,,,,,,,
threshold,36,7501,175,1.849295557,True,0,0.059007125,,,,,,,,,,,,,,,,,,,,,,,,
threshold,40,30066,34,3.272332595,True,0,0.267008833,,,,,,,,,,,,,,,,,,,,,,,,
threshold,41,29826,33,2.940355066,True,0,0.365098667,,,,,,,,,,,,,,,,,,,,,,,,
threshold,52,11308,98,1.223856992,True,0,0.07074866601,,,,,,,,,,,,,,,,,,,,,,,,
threshold,57,38269,40,4.743712963,True,0,0.383260333,,,,,,,,,,,,,,,,,,,,,,,,
threshold,68,9998,26,0.8781746022,True,0,0.04697712502,,,,,,,,,,,,,,,,,,,,,,,,
threshold,70,56123,233,9.938833774,True,0,1.481878791,,,,,,,,,,,,,,,,,,,,,,,,
threshold,73,90000,125,5.466909857,True,0,8.035646375,,,,,,,,,,,,,,,,,,,,,,,,
threshold,78,200000,125,7.10240097,True,0,28.91141396,,,,,,,,,,,,,,,,,,,,,,,,
threshold,82,195250,125,7.460124059,True,0,19.92843346,,,,,,,,,,,,,,,,,,,,,,,,
threshold,84,40000,108,4.275194814,True,0,0.755660375,,,,,,,,,,,,,,,,,,,,,,,,
threshold,85,40000,108,5.044347174,True,0,0.652487542,,,,,,,,,,,,,,,,,,,,,,,,
threshold,86,80000,276,5.364004473,True,0,2.467782459,,,,,,,,,,,,,,,,,,,,,,,,
threshold,88,57001,173,8.107392428,True,0,1.643921875,,,,,,,,,,,,,,,,,,,,,,,,
threshold,89,130001,243,4.474281671,True,0,18.94430767,,,,,,,,,,,,,,,,,,,,,,,,
threshold,96,30000,166,3.472431113,True,0,0.260605916,,,,,,,,,,,,,,,,,,,,,,,,
threshold,102,24667,46,6.874042467,True,0,0.375605416,,,,,,,,,,,,,,,,,,,,,,,,
threshold,123,200000,125,7.271142508,True,0,1.815574125,,,,,,,,,,,,,,,,,,,,,,,,
threshold,128,12000,218,1.459902675,True,0,0.125812333,,,,,,,,,,,,,,,,,,,,,,,,
threshold,132,7501,154,0.7486030398,True,0,0.05756074999,,,,,,,,,,,,,,,,,,,,,,,,
threshold,134,7601,173,0.8067918157,True,0,0.04151450002,,,,,,,,,,,,,,,,,,,,,,,,
threshold,141,7415,173,0.5529802049,True,0,0.059025208,,,,,,,,,,,,,,,,,,,,,,,,
threshold,143,7501,165,1.162241841,True,0,0.03994933298,,,,,,,,,,,,,,,,,,,,,,,,
threshold,146,29950,33,3.056119798,True,0,0.243981542,,,,,,,,,,,,,,,,,,,,,,,,
threshold,150,29859,33,2.963940281,True,0,0.331452416,,,,,,,,,,,,,,,,,,,,,,,,
threshold,153,29931,168,7.501053368,True,0,0.615680875,,,,,,,,,,,,,,,,,,,,,,,,
threshold,161,6684,115,11.28175206,True,0,0.03326149998,,,,,,,,,,,,,,,,,,,,,,,,
threshold,164,38379,40,4.289118273,True,0,0.317303333,,,,,,,,,,,,,,,,,,,,,,,,
threshold,166,38501,40,3.928381447,True,0,0.592707667,,,,,,,,,,,,,,,,,,,,,,,,
threshold,168,65000,125,3.446486165,True,0,2.225282792,,,,,,,,,,,,,,,,,,,,,,,,
threshold,172,64000,125,2.636499866,True,0,2.327647375,,,,,,,,,,,,,,,,,,,,,,,,
threshold,179,55000,233,8.229887207,True,0,1.907441,,,,,,,,,,,,,,,,,,,,,,,,
threshold,180,55000,233,9.660500455,True,0,1.707022,,,,,,,,,,,,,,,,,,,,,,,,
threshold,182,36001,188,7.344632012,True,0,0.253134417,,,,,,,,,,,,,,,,,,,,,,,,
threshold,183,30000,189,5.944153739,True,0,0.210093708,,,,,,,,,,,,,,,,,,,,,,,,
threshold,195,60000,172,11.52959603,True,0,1.543337042,,,,,,,,,,,,,,,,,,,,,,,,
threshold,201,41347,33,0.9960373604,True,0,0.641470625,,,,,,,,,,,,,,,,,,,,,,,,
threshold,202,41790,33,1.623171849,True,0,0.650084583,,,,,,,,,,,,,,,,,,,,,,,,
threshold,203,41612,33,3.159843104,True,0,0.644614375,,,,,,,,,,,,,,,,,,,,,,,,
threshold,204,41999,33,1.601564157,True,0,0.784995834,,,,,,,,,,,,,,,,,,,,,,,,
threshold,205,39870,33,1.638697186,True,0,0.574980042,,,,,,,,,,,,,,,,,,,,,,,,
threshold,206,42000,37,6.348129926,True,0,1.563241875,,,,,,,,,,,,,,,,,,,,,,,,
threshold,207,39870,37,0.5845876396,True,0,0.219863875,,,,,,,,,,,,,,,,,,,,,,,,
threshold,208,40870,37,1.653676945,True,0,0.33352,,,,,,,,,,,,,,,,,,,,,,,,
threshold,209,92000,262,6.109783233,True,0,2.670559375,,,,,,,,,,,,,,,,,,,,,,,,
threshold,210,119819,96,3.108716257,True,0,6.448256958,,,,,,,,,,,,,,,,,,,,,,,,
threshold,211,119580,96,3.124286279,True,0,6.840006333,,,,,,,,,,,,,,,,,,,,,,,,
threshold,213,300000,124,10.55053052,True,0,14.96195608,,,,,,,,,,,,,,,,,,,,,,,,
threshold,214,299690,125,11.25636418,True,0,15.31522742,,,,,,,,,,,,,,,,,,,,,,,,
threshold,215,299990,64,7.23689249,True,0,16.28135483,,,,,,,,,,,,,,,,,,,,,,,,
threshold,216,299890,81,7.23696414,True,0,16.7827375,,,,,,,,,,,,,,,,,,,,,,,,
threshold,218,299940,124,10.51464582,True,0,18.86969779,,,,,,,,,,,,,,,,,,,,,,,,
threshold,219,299840,124,10.51387957,True,0,18.75385458,,,,,,,,,,,,,,,,,,,,,,,,
threshold,220,299790,200,14.85626494,True,0,19.88930383,,,,,,,,,,,,,,,,,,,,,,,,
threshold,221,298340,64,7.170241975,True,0,20.68473463,,,,,,,,,,,,,,,,,,,,,,,,
threshold,222,211502,100,7.143918183,True,0,18.24089846,,,,,,,,,,,,,,,,,,,,,,,,
threshold,223,180386,100,7.684202525,True,0,20.82437188,,,,,,,,,,,,,,,,,,,,,,,,
threshold,224,199753,100,4.972272515,True,0,23.35448804,,,,,,,,,,,,,,,,,,,,,,,,
threshold,225,199999,100,6.055681544,True,0,25.53816046,,,,,,,,,,,,,,,,,,,,,,,,
threshold,226,190001,200,8.170471123,True,0,27.89448163,,,,,,,,,,,,,,,,,,,,,,,,
threshold,227,59302,232,14.93464968,True,0,1.083064542,,,,,,,,,,,,,,,,,,,,,,,,
threshold,228,59000,6,0.6123724357,True,0,1.032190209,,,,,,,,,,,,,,,,,,,,,,,,
threshold,229,59000,6,0.5504036708,True,0,1.469283042,,,,,,,,,,,,,,,,,,,,,,,,
threshold,230,59000,6,0.5538292775,True,0,1.793514583,,,,,,,,,,,,,,,,,,,,,,,,
threshold,232,59000,6,0.628097327,True,0,0.823244917,,,,,,,,,,,,,,,,,,,,,,,,
threshold,233,92710,113,6.441304991,True,0,2.686730792,,,,,,,,,,,,,,,,,,,,,,,,
threshold,234,98710,115,5.944298637,True,0,2.867641125,,,,,,,,,,,,,,,,,,,,,,,,
threshold,235,97300,114,8.604970009,True,0,2.791646292,,,,,,,,,,,,,,,,,,,,,,,,
threshold,236,97000,115,3.81547939,True,0,2.87737525,,,,,,,,,,,,,,,,,,,,,,,,
threshold,237,97000,106,5.138325371,True,0,2.740346167,,,,,,,,,,,,,,,,,,,,,,,,
threshold,238,99000,115,6.335909342,True,0,3.116658208,,,,,,,,,,,,,,,,,,,,,,,,
threshold,239,897667,125,0.8699215879,True,0,253.8620173,,,,,,,,,,,,,,,,,,,,,,,,
threshold,240,900000,125,0.7171913914,True,0,301.7402628,,,,,,,,,,,,,,,,,,,,,,,,
threshold,241,900000,125,1.129965154,True,0,307.1231837,,,,,,,,,,,,,,,,,,,,,,,,
threshold,242,286667,269,5.451286362,True,0,49.42132096,,,,,,,,,,,,,,,,,,,,,,,,
threshold,243,250001,250,4.954074489,True,0,44.04392208,,,,,,,,,,,,,,,,,,,,,,,,
threshold,244,300262,166,3.220742207,True,0,51.60638342,,,,,,,,,,,,,,,,,,,,,,,,
threshold,245,298747,166,3.16558273,True,0,52.82120696,,,,,,,,,,,,,,,,,,,,,,,,
threshold,246,299867,236,10.78283099,True,0,51.40406329,,,,,,,,,,,,,,,,,,,,,,,,
threshold,248,8432,24,3.745548856,True,0,0.04479041701,,,,,,,,,,,,,,,,,,,,,,,,
threshold,249,10524,24,2.974089917,True,0,0.06106133299,,,,,,,,,,,,,,,,,,,,,,,,
threshold,250,10468,24,2.831358058,True,0,0.05808604101,,,,,,,,,,,,,,,,,,,,,,,,
rate,,,,,,,,all,B1_zero,0.25,89,0,1780,179,1032,0.6459161646,0.5711689991,0.7212264794,0.75,0.5,1,2000,20260928,,,,,,,,
rate,,,,,,,,all,B1_zero,0.5,88,1,1776,217,1119,0.7159887418,0.6427931152,0.7853803847,0.865497076,0.6671052632,1,2000,20260928,,,,,,,,
rate,,,,,,,,all,B1_zero,1.0,87,0,1734,236,1398,0.9386905962,0.8861217117,0.978744497,1,1,1,2000,20260928,,,,,,,,
rate,,,,,,,,all,B2_global_mean,0.25,89,0,1780,179,837,0.5245105845,0.4494583451,0.5942259643,0.45,0.3529411765,0.6315789474,2000,20260928,,,,,,,,
rate,,,,,,,,all,B2_global_mean,0.5,88,1,1776,217,1037,0.6629872229,0.591696172,0.7303814096,0.7295321637,0.6212627924,0.8421052632,2000,20260928,,,,,,,,
rate,,,,,,,,all,B2_global_mean,1.0,87,0,1734,236,1399,0.9393627748,0.8877793019,0.9791666667,1,1,1,2000,20260928,,,,,,,,
rate,,,,,,,,all,B3_local_mean,0.25,89,0,1780,179,795,0.4985475283,0.4264409867,0.5664725662,0.4210526316,0.3333333333,0.5714285714,2000,20260928,,,,,,,,
rate,,,,,,,,all,B3_local_mean,0.5,88,1,1776,217,1001,0.63862346,0.5663478896,0.7066437314,0.7029411765,0.5625,0.8,2000,20260928,,,,,,,,
rate,,,,,,,,all,B3_local_mean,1.0,87,0,1734,236,1383,0.929868253,0.8730914423,0.9756396972,1,1,1,2000,20260928,,,,,,,,
rate,,,,,,,,all,B4_linear_interp,0.25,89,0,1780,179,436,0.2778059042,0.2321065046,0.3246143331,0.25,0.1666666667,0.3157894737,2000,20260928,,,,,,,,
rate,,,,,,,,all,B4_linear_interp,0.5,88,1,1776,217,817,0.5219332101,0.4538546509,0.5903433429,0.5941176471,0.4736842105,0.6485294118,2000,20260928,,,,,,,,
rate,,,,,,,,all,B4_linear_interp,1.0,87,0,1734,236,1091,0.7303937596,0.6449403774,0.8112977418,1,1,1,2000,20260928,,,,,,,,
rate,,,,,,,,all,B5_gaussian,0.25,89,0,1780,179,1311,0.8246165093,0.7588624955,0.8801443249,1,0.9411764706,1,2000,20260928,,,,,,,,
rate,,,,,,,,all,B5_gaussian,0.5,88,1,1776,217,1435,0.9223122772,0.8723258952,0.9614512489,1,1,1,2000,20260928,,,,,,,,
rate,,,,,,,,all,B5_gaussian,1.0,87,0,1734,236,1427,0.9556990854,0.9130536372,0.9885057471,1,1,1,2000,20260928,,,,,,,,
rate,,,,,,,,all,B6_shuffle,0.25,89,0,1780,179,668,0.4214934888,0.3631746364,0.477660591,0.35,0.3157894737,0.4444444444,2000,20260928,,,,,,,,
rate,,,,,,,,all,B6_shuffle,0.5,88,1,1776,217,1099,0.7025230585,0.6390948897,0.7601185977,0.7647058824,0.65,0.8284313725,2000,20260928,,,,,,,,
rate,,,,,,,,all,B6_shuffle,1.0,87,0,1734,236,1384,0.92980835,0.8767561744,0.9725380411,1,1,1,2000,20260928,,,,,,,,
rate,,,,,,,,all,recon_test,0.25,89,0,1780,179,52,0.03323364353,0.02330327739,0.04385510923,0,0,0,2000,20260928,,,,,,,,
rate,,,,,,,,all,recon_test,0.5,88,1,1776,217,113,0.07607662268,0.05894721623,0.0937280418,0.05882352941,0.05,0.0625,2000,20260928,,,,,,,,
rate,,,,,,,,all,recon_test,1.0,87,0,1734,236,184,0.1287509008,0.1039224206,0.1564588545,0.1111111111,0.06666666667,0.1428571429,2000,20260928,,,,,,,,
rate,,,,,,,,all,recon_train,0.25,89,0,1780,179,71,0.04473485244,0.033327831,0.05658060916,0,0,0.05263157895,2000,20260928,,,,,,,,
rate,,,,,,,,all,recon_train,0.5,88,1,1776,217,132,0.08586967996,0.06595830506,0.1059506745,0.05882352941,0.05263157895,0.06666666667,2000,20260928,,,,,,,,
rate,,,,,,,,all,recon_train,1.0,87,0,1734,236,209,0.1466493418,0.115427117,0.1777839368,0.1,0.0625,0.1176470588,2000,20260928,,,,,,,,
rate,,,,,,,,all,identity,0.25,89,0,1780,179,0,0,0,0,0,0,0,2000,20260928,,,,,,,,
rate,,,,,,,,all,identity,0.5,88,1,1776,217,0,0,0,0,0,0,0,2000,20260928,,,,,,,,
rate,,,,,,,,all,identity,1.0,87,0,1734,236,0,0,0,0,0,0,0,2000,20260928,,,,,,,,
rate,,,,,,,,no_flagged,B1_zero,0.25,79,0,1580,168,886,0.6287436605,0.546833342,0.7108597527,0.6666666667,0.4210526316,1,2000,20260928,,,,,,,,
rate,,,,,,,,no_flagged,B1_zero,0.5,78,1,1580,197,972,0.6992164182,0.6186370846,0.7741719507,0.8421052632,0.65,1,2000,20260928,,,,,,,,
rate,,,,,,,,no_flagged,B1_zero,1.0,79,0,1580,221,1275,0.9431416093,0.8919994078,0.9873417722,1,1,1,2000,20260928,,,,,,,,
rate,,,,,,,,no_flagged,B2_global_mean,0.25,79,0,1580,168,700,0.4976664879,0.4265664074,0.5718671328,0.4375,0.3529411765,0.5833333333,2000,20260928,,,,,,,,
rate,,,,,,,,no_flagged,B2_global_mean,0.5,78,1,1580,197,897,0.6442181535,0.569685575,0.7198846894,0.6923076923,0.5882352941,0.8421052632,2000,20260928,,,,,,,,
rate,,,,,,,,no_flagged,B2_global_mean,1.0,79,0,1580,221,1276,0.9438818565,0.8932383966,0.9873417722,1,1,1,2000,20260928,,,,,,,,
rate,,,,,,,,no_flagged,B3_local_mean,0.25,79,0,1580,168,689,0.4894510944,0.4175084823,0.5682095428,0.4210526316,0.3333333333,0.5789473684,2000,20260928,,,,,,,,
rate,,,,,,,,no_flagged,B3_local_mean,0.5,78,1,1580,197,881,0.6318708446,0.5554258147,0.7093543708,0.7029411765,0.5625,0.8117647059,2000,20260928,,,,,,,,
rate,,,,,,,,no_flagged,B3_local_mean,1.0,79,0,1580,221,1273,0.942086757,0.8918554297,0.9873417722,1,1,1,2000,20260928,,,,,,,,
rate,,,,,,,,no_flagged,B4_linear_interp,0.25,79,0,1580,168,366,0.2650885333,0.2224377119,0.3116900746,0.25,0.1875,0.3157894737,2000,20260928,,,,,,,,
rate,,,,,,,,no_flagged,B4_linear_interp,0.5,78,1,1580,197,727,0.5218408641,0.4474408337,0.5970216962,0.5941176471,0.4736842105,0.65,2000,20260928,,,,,,,,
rate,,,,,,,,no_flagged,B4_linear_interp,1.0,79,0,1580,221,1005,0.7389938531,0.6408483502,0.8271246116,1,1,1,2000,20260928,,,,,,,,
rate,,,,,,,,no_flagged,B5_gaussian,0.25,79,0,1580,168,1145,0.8172062074,0.7525956451,0.8791915855,1,0.9285714286,1,2000,20260928,,,,,,,,
rate,,,,,,,,no_flagged,B5_gaussian,0.5,78,1,1580,197,1265,0.9161984666,0.8651236449,0.9603002142,1,1,1,2000,20260928,,,,,,,,
rate,,,,,,,,no_flagged,B5_gaussian,1.0,79,0,1580,221,1288,0.9512129169,0.9043085329,0.9881862745,1,1,1,2000,20260928,,,,,,,,
rate,,,,,,,,no_flagged,B6_shuffle,0.25,79,0,1580,168,576,0.411889067,0.3570151402,0.4681865626,0.3529411765,0.3157894737,0.4444444444,2000,20260928,,,,,,,,
rate,,,,,,,,no_flagged,B6_shuffle,0.5,78,1,1580,197,977,0.7027162606,0.637394946,0.7637905108,0.7647058824,0.65,0.8235294118,2000,20260928,,,,,,,,
rate,,,,,,,,no_flagged,B6_shuffle,1.0,79,0,1580,221,1278,0.944685678,0.8963050777,0.984335062,1,1,1,2000,20260928,,,,,,,,
rate,,,,,,,,no_flagged,recon_test,0.25,79,0,1580,168,46,0.03347640986,0.02273645815,0.04488746349,0,0,0,2000,20260928,,,,,,,,
rate,,,,,,,,no_flagged,recon_test,0.5,78,1,1580,197,99,0.07484626987,0.05803152754,0.09313434013,0.05882352941,0.05,0.0625,2000,20260928,,,,,,,,
rate,,,,,,,,no_flagged,recon_test,1.0,79,0,1580,221,179,0.1373252759,0.1119712656,0.1679048488,0.1176470588,0.1,0.1428571429,2000,20260928,,,,,,,,
rate,,,,,,,,no_flagged,recon_train,0.25,79,0,1580,168,63,0.04502699824,0.03360311535,0.05790580084,0,0,0.05263157895,2000,20260928,,,,,,,,
rate,,,,,,,,no_flagged,recon_train,0.5,78,1,1580,197,122,0.08915339432,0.06906612749,0.1121736082,0.05882352941,0.05263157895,0.07142857143,2000,20260928,,,,,,,,
rate,,,,,,,,no_flagged,recon_train,1.0,79,0,1580,221,196,0.1506034686,0.118641026,0.1862623349,0.1052631579,0.07142857143,0.1176470588,2000,20260928,,,,,,,,
rate,,,,,,,,no_flagged,identity,0.25,79,0,1580,168,0,0,0,0,0,0,0,2000,20260928,,,,,,,,
rate,,,,,,,,no_flagged,identity,0.5,78,1,1580,197,0,0,0,0,0,0,0,2000,20260928,,,,,,,,
rate,,,,,,,,no_flagged,identity,1.0,79,0,1580,221,0,0,0,0,0,0,0,2000,20260928,,,,,,,,
ai_by_fa,,,,,,,,all,B1_zero,all,,,,,,,,,,,,,,3540,2.554534105,1.356364284,7.532796196,1109,0.178486883,0.01054667061,0.5208813166
ai_by_fa,,,,,,,,all,B1_zero,0.25,,,,,,,,,,,,,,1032,2.787119133,1.250504246,7.911595651,569,0.1682471162,0.02569787366,0.4687473041
ai_by_fa,,,,,,,,all,B1_zero,0.5,,,,,,,,,,,,,,1110,2.49663517,1.306493659,8.460408156,440,0.2106897074,0.02273281238,0.5575730663
ai_by_fa,,,,,,,,all,B1_zero,1.0,,,,,,,,,,,,,,1398,2.475731691,1.489227273,5.988499594,100,1.399404352e-06,-1.576209502e-08,0.7216717458
ai_by_fa,,,,,,,,all,B2_global_mean,all,,,,,,,,,,,,,,3265,2.348750691,1.288352367,5.662415804,1384,0.1584799765,0.009316071607,0.4692975724
ai_by_fa,,,,,,,,all,B2_global_mean,0.25,,,,,,,,,,,,,,837,2.125053508,1.150291535,4.863188589,764,0.1413891471,0.01731262686,0.4444639403
ai_by_fa,,,,,,,,all,B2_global_mean,0.5,,,,,,,,,,,,,,1029,2.231233732,1.239729816,5.827630242,521,0.2056815747,0.01804281067,0.5032710654
ai_by_fa,,,,,,,,all,B2_global_mean,1.0,,,,,,,,,,,,,,1399,2.528084322,1.477324096,5.984036593,99,1.505444317e-06,-0.02973351066,0.6490419976
ai_by_fa,,,,,,,,all,B3_local_mean,all,,,,,,,,,,,,,,3170,2.325403332,1.325341249,5.278159407,1479,0.1349645182,0,0.4066979689
ai_by_fa,,,,,,,,all,B3_local_mean,0.25,,,,,,,,,,,,,,795,2.048769101,1.129354456,4.524113312,806,0.1302036468,0.005929546854,0.379222679
ai_by_fa,,,,,,,,all,B3_local_mean,0.5,,,,,,,,,,,,,,992,2.384453851,1.326271584,6.010359511,558,0.1653775488,0,0.447895208
ai_by_fa,,,,,,,,all,B3_local_mean,1.0,,,,,,,,,,,,,,1383,2.485308881,1.470296227,5.674326124,115,0,0,0.5400482795
ai_by_fa,,,,,,,,all,B4_linear_interp,all,,,,,,,,,,,,,,2337,2.045273274,1.219410336,4.020912564,2312,0.02096482152,-0.01608429841,0.219525728
ai_by_fa,,,,,,,,all,B4_linear_interp,0.25,,,,,,,,,,,,,,436,1.514711036,0.9397993466,2.669264105,1165,0.0208261461,-0.008306324773,0.1649954849
ai_by_fa,,,,,,,,all,B4_linear_interp,0.5,,,,,,,,,,,,,,810,2.004785941,1.208344427,3.794931129,740,0.05152870212,-0.01183171168,0.3235830283
ai_by_fa,,,,,,,,all,B4_linear_interp,1.0,,,,,,,,,,,,,,1091,2.414261096,1.438341824,5.108389574,407,0,-0.1116561191,0.2150820483
ai_by_fa,,,,,,,,all,B5_gaussian,all,,,,,,,,,,,,,,4164,2.360363668,1.341174668,6.152354171,485,0.5029824008,0.1819140536,0.7550648537
ai_by_fa,,,,,,,,all,B5_gaussian,0.25,,,,,,,,,,,,,,1311,2.022697895,1.154339362,5.519816801,290,0.562367769,0.2728806459,0.7231404518
ai_by_fa,,,,,,,,all,B5_gaussian,0.5,,,,,,,,,,,,,,1426,2.220344716,1.318624387,6.529377162,124,0.5691657904,0.0941886191,0.8463543719
ai_by_fa,,,,,,,,all,B5_gaussian,1.0,,,,,,,,,,,,,,1427,2.617309997,1.584339649,6.926101395,71,0.259961718,-0.04852833453,0.4990499099
ai_by_fa,,,,,,,,all,B6_shuffle,all,,,,,,,,,,,,,,3142,2.20075984,1.25955216,5.080770232,1507,0.08861377621,0.001774336489,0.3317659562
ai_by_fa,,,,,,,,all,B6_shuffle,0.25,,,,,,,,,,,,,,668,1.682943344,1.004563375,3.813913127,933,0.07585527447,0.006867821198,0.2750716317
ai_by_fa,,,,,,,,all,B6_shuffle,0.5,,,,,,,,,,,,,,1090,2.158210079,1.253593208,5.046360483,460,0.1831530838,0.005464780548,0.4734480131
ai_by_fa,,,,,,,,all,B6_shuffle,1.0,,,,,,,,,,,,,,1384,2.471204096,1.471677418,5.954190796,114,0,0,0.2348855097
ai_by_fa,,,,,,,,all,recon_test,all,,,,,,,,,,,,,,349,0.5956273988,0.2059439083,0.9945135558,4300,0.002961136938,-0.02423472306,0.06326050085
ai_by_fa,,,,,,,,all,recon_test,0.25,,,,,,,,,,,,,,52,0.2431891147,0.1635512105,0.5164274953,1549,0.001004368677,-0.01909882708,0.03518383052
ai_by_fa,,,,,,,,all,recon_test,0.5,,,,,,,,,,,,,,113,0.5131743677,0.1945347481,1.056800294,1437,0.003207727,-0.02800469249,0.06362662984
ai_by_fa,,,,,,,,all,recon_test,1.0,,,,,,,,,,,,,,184,0.7210394396,0.3250903425,1.108218265,1314,0.009904194559,-0.03064435031,0.1080651265
ai_by_fa,,,,,,,,all,recon_train,all,,,,,,,,,,,,,,409,0.6930643063,0.3686078367,1.223141091,4240,0.0002117542229,-0.04095887602,0.05745869683
ai_by_fa,,,,,,,,all,recon_train,0.25,,,,,,,,,,,,,,71,0.3545052306,0.1490621081,0.5586526071,1530,0.0003942844968,-0.02377700764,0.04087716548
ai_by_fa,,,,,,,,all,recon_train,0.5,,,,,,,,,,,,,,129,0.6428331578,0.3068487114,1.223141091,1421,9.298274774e-05,-0.04636928588,0.05544600765
ai_by_fa,,,,,,,,all,recon_train,1.0,,,,,,,,,,,,,,209,0.8874920905,0.4844242852,1.352904329,1289,0,-0.06979625546,0.09312590001
ai_by_fa,,,,,,,,all,identity,all,,,,,,,,,,,,,,0,,,,4649,0,0,0
ai_by_fa,,,,,,,,all,identity,0.25,,,,,,,,,,,,,,0,,,,1601,0,0,0
ai_by_fa,,,,,,,,all,identity,0.5,,,,,,,,,,,,,,0,,,,1550,0,0,0
ai_by_fa,,,,,,,,all,identity,1.0,,,,,,,,,,,,,,0,,,,1498,0,0,0
ai_by_fa,,,,,,,,no_flagged,B1_zero,all,,,,,,,,,,,,,,3124,2.451767698,1.309542334,5.957446408,1021,0.1770413592,0.01084222663,0.5221841433
ai_by_fa,,,,,,,,no_flagged,B1_zero,0.25,,,,,,,,,,,,,,886,2.44210258,1.208956183,6.104221929,526,0.1687161874,0.02573200511,0.4689215665
ai_by_fa,,,,,,,,no_flagged,B1_zero,0.5,,,,,,,,,,,,,,963,2.25275518,1.268544463,6.183656078,411,0.1920759634,0.01101968416,0.5439341158
ai_by_fa,,,,,,,,no_flagged,B1_zero,1.0,,,,,,,,,,,,,,1275,2.500108321,1.463976352,5.72155034,84,0.04819649649,-0.003689036046,0.8660131789
ai_by_fa,,,,,,,,no_flagged,B2_global_mean,all,,,,,,,,,,,,,,2865,2.229784559,1.251131555,4.748714624,1280,0.1493932763,0.008546595279,0.4654563143
ai_by_fa,,,,,,,,no_flagged,B2_global_mean,0.25,,,,,,,,,,,,,,700,1.810536114,1.075498872,3.498956753,712,0.1377017954,0.01612729957,0.4444639403
ai_by_fa,,,,,,,,no_flagged,B2_global_mean,0.5,,,,,,,,,,,,,,889,2.068918114,1.19898754,4.302348791,485,0.1781452922,0.01018203974,0.4848059893
ai_by_fa,,,,,,,,no_flagged,B2_global_mean,1.0,,,,,,,,,,,,,,1276,2.554534105,1.460684244,5.680173266,83,0.01047643021,-0.057338522,0.8502024634
ai_by_fa,,,,,,,,no_flagged,B3_local_mean,all,,,,,,,,,,,,,,2834,2.277193977,1.307765014,4.816200942,1311,0.1476847669,0.00348921453,0.4149881241
ai_by_fa,,,,,,,,no_flagged,B3_local_mean,0.25,,,,,,,,,,,,,,689,1.892170825,1.094251969,3.657543784,723,0.1397016319,0.01048134887,0.3955568258
ai_by_fa,,,,,,,,no_flagged,B3_local_mean,0.5,,,,,,,,,,,,,,872,2.281644785,1.323117232,4.702665268,502,0.1701652276,0,0.4336322162
ai_by_fa,,,,,,,,no_flagged,B3_local_mean,1.0,,,,,,,,,,,,,,1273,2.554937457,1.462337032,5.616400699,86,0.08487908547,0,0.9054882979
ai_by_fa,,,,,,,,no_flagged,B4_linear_interp,all,,,,,,,,,,,,,,2091,2.010606991,1.183926153,3.665021125,2054,0.02689075786,-0.02069389172,0.2332324701
ai_by_fa,,,,,,,,no_flagged,B4_linear_interp,0.25,,,,,,,,,,,,,,366,1.346739517,0.8890873641,2.346392547,1046,0.02494334175,-0.01004335436,0.1716044986
ai_by_fa,,,,,,,,no_flagged,B4_linear_interp,0.5,,,,,,,,,,,,,,720,1.947825071,1.168057687,3.31283776,654,0.05805188821,-0.0157376261,0.3412366055
ai_by_fa,,,,,,,,no_flagged,B4_linear_interp,1.0,,,,,,,,,,,,,,1005,2.479582118,1.449916023,4.861239923,354,0,-0.1219496932,0.2459672408
ai_by_fa,,,,,,,,no_flagged,B5_gaussian,all,,,,,,,,,,,,,,3689,2.270078386,1.274012335,5.111306242,456,0.4739065479,0.1619770527,0.754822844
ai_by_fa,,,,,,,,no_flagged,B5_gaussian,0.25,,,,,,,,,,,,,,1145,1.896595972,1.10620502,4.176088055,267,0.5388916021,0.2570852139,0.7235604409
ai_by_fa,,,,,,,,no_flagged,B5_gaussian,0.5,,,,,,,,,,,,,,1256,2.126537143,1.243030665,4.896880911,118,0.5267791716,0.05045332581,0.8367316741
ai_by_fa,,,,,,,,no_flagged,B5_gaussian,1.0,,,,,,,,,,,,,,1288,2.613275611,1.550451606,6.106617966,71,0.259961718,-0.04852833453,0.4990499099
ai_by_fa,,,,,,,,no_flagged,B6_shuffle,all,,,,,,,,,,,,,,2822,2.168223607,1.207522658,4.740152641,1323,0.1019686098,0.01146837322,0.3431794158
ai_by_fa,,,,,,,,no_flagged,B6_shuffle,0.25,,,,,,,,,,,,,,576,1.569942944,0.9377250617,3.038478855,836,0.07996404975,0.0114316159,0.2896427572
ai_by_fa,,,,,,,,no_flagged,B6_shuffle,0.5,,,,,,,,,,,,,,968,2.092816547,1.216141776,4.243707591,406,0.1957449397,0.02915488042,0.471348914
ai_by_fa,,,,,,,,no_flagged,B6_shuffle,1.0,,,,,,,,,,,,,,1278,2.504582476,1.43540556,5.829070945,81,0.07752824677,0,0.3567033397
ai_by_fa,,,,,,,,no_flagged,recon_test,all,,,,,,,,,,,,,,324,0.5772884634,0.202416445,0.988951456,3821,0.003623631962,-0.02748978123,0.06475286864
ai_by_fa,,,,,,,,no_flagged,recon_test,0.25,,,,,,,,,,,,,,46,0.2077312096,0.1427557083,0.4395398883,1366,0.00125406124,-0.02149089423,0.03617239586
ai_by_fa,,,,,,,,no_flagged,recon_test,0.5,,,,,,,,,,,,,,99,0.4827138629,0.188351356,0.9899027913,1275,0.003782226862,-0.03297647049,0.06378464853
ai_by_fa,,,,,,,,no_flagged,recon_test,1.0,,,,,,,,,,,,,,179,0.7140321869,0.3249070417,1.108982983,1180,0.01162697148,-0.03647248112,0.1098190868
ai_by_fa,,,,,,,,no_flagged,recon_train,all,,,,,,,,,,,,,,378,0.6889515578,0.3754505767,1.198009156,3767,0.0008205513578,-0.04550599308,0.06118933223
ai_by_fa,,,,,,,,no_flagged,recon_train,0.25,,,,,,,,,,,,,,63,0.3462630005,0.1242750039,0.5334728958,1349,0.0008237510612,-0.02519865485,0.04586743139
ai_by_fa,,,,,,,,no_flagged,recon_train,0.5,,,,,,,,,,,,,,119,0.6331939349,0.31144311,1.196885423,1255,0.001016337423,-0.05014760907,0.05939329025
ai_by_fa,,,,,,,,no_flagged,recon_train,1.0,,,,,,,,,,,,,,196,0.8855030036,0.5113007127,1.365933067,1163,0.0003334955219,-0.08075447045,0.09706382593
ai_by_fa,,,,,,,,no_flagged,identity,all,,,,,,,,,,,,,,0,,,,4145,0,0,0
ai_by_fa,,,,,,,,no_flagged,identity,0.25,,,,,,,,,,,,,,0,,,,1412,0,0,0
ai_by_fa,,,,,,,,no_flagged,identity,0.5,,,,,,,,,,,,,,0,,,,1374,0,0,0
ai_by_fa,,,,,,,,no_flagged,identity,1.0,,,,,,,,,,,,,,0,,,,1359,0,0,0
