series_id,content_group,domain,am,K,g,omega_len,gt_len,gt_shorter_than_g,chance,oracle_rma,oracle_rra,neg_mass_ratio,rma_relu,rra_relu,nrma_relu,nrra_relu,rma_abs,rra_abs,nrma_abs,nrra_abs
3,cg001,ECG,Random,14,52,715,301,False,0.42097902097902096,0.9660746230513672,0.9634551495016611,0.0,0.40708974035622186,0.3122923588039867,-0.02548044887904944,-0.2003528938149363,0.40708974035622186,0.3122923588039867,-0.02548044887904944,-0.2003528938149363
3,cg001,ECG,FeatureAblation,14,52,715,301,False,0.42097902097902096,0.9660746230513672,0.9634551495016611,0.35145653235307706,1.0,0.7508305647840532,1.0622374805807555,0.608048034672674,0.6553022471152509,0.6943521594684385,0.4298754663317391,0.5039357938826029
3,cg001,ECG,KernelSHAP,14,52,715,301,False,0.42097902097902096,0.9660746230513672,0.9634551495016611,0.2826942092682176,0.7998267266537973,0.6910299003322259,0.6950114883232811,0.4978115444243634,0.6302969977515451,0.6245847176079734,0.384002321751888,0.375326555259574
3,cg001,ECG,MPNative,14,52,715,301,False,0.42097902097902096,0.9660746230513672,0.9634551495016611,0.0,0.8975036959119543,0.7275747508305648,0.8742038518037576,0.5651782884649976,0.8975036959119543,0.7275747508305648,0.8742038518037576,0.5651782884649976
4,cg004,ECG,Random,19,20,361,201,False,0.556786703601108,0.9952736318407961,0.9950248756218906,0.0,0.4468796125211842,0.39800995024875624,-0.25065078113308287,-0.36230699078587375,0.4468796125211842,0.39800995024875624,-0.25065078113308287,-0.36230699078587375
4,cg004,ECG,FeatureAblation,19,20,361,201,False,0.556786703601108,0.9952736318407961,0.9950248756218906,0.25738759087287844,1.0,0.5870646766169154,1.0107788119891692,0.06909022296298621,0.9999999999999989,0.7512437810945274,1.0107788119891665,0.44372464542910156
4,cg004,ECG,KernelSHAP,19,20,361,201,False,0.556786703601108,0.9952736318407961,0.9950248756218906,0.05200492962685755,0.8796643843017826,0.4975124378109453,0.7363450536527316,-0.1352558256548948,0.8721140635999495,0.5024875621890548,0.7191260210759932,-0.12390326739834578
4,cg004,ECG,MPNative,19,20,361,201,False,0.556786703601108,0.9952736318407961,0.9950248756218906,0.0,1.0,0.7014925373134329,1.0107788119891692,0.3301990628636121,1.0,0.7014925373134329,1.0107788119891692,0.3301990628636121
5,cg005,Air Temperature,Random,8,6,48,2,True,0.041666666666666664,0.16666666666666666,0.0,0.0,0.03788072598956792,0.0,-0.030287525416789973,,0.03788072598956792,0.0,-0.030287525416789973,
5,cg005,Air Temperature,FeatureAblation,8,6,48,2,True,0.041666666666666664,0.16666666666666666,0.0,0.0001562397949794027,0.1479284785467718,0.5,0.8500944950408411,,0.14790536623161205,0.5,0.8499095965195631,
5,cg005,Air Temperature,KernelSHAP,8,6,48,2,True,0.041666666666666664,0.16666666666666666,0.0,0.27625158549366424,0.11454244332089297,0.0,0.5830062132338105,,0.08289991174717812,0.0,0.3298659606440916,
5,cg005,Air Temperature,MPNative,8,6,48,2,True,0.041666666666666664,0.16666666666666666,0.0,0.0,0.15161056544566376,0.0,0.8795511902319768,,0.15161056544566376,0.0,0.8795511902319768,
11,cg011,ECG,Random,22,22,481,301,False,0.6257796257796258,0.9811235276351555,0.9833887043189369,0.0,0.6883310970800925,0.6976744186046512,0.17603079994854673,0.20104297440849841,0.6883310970800925,0.6976744186046512,0.17603079994854673,0.20104297440849841
11,cg011,ECG,FeatureAblation,22,22,481,301,False,0.6257796257796258,0.9811235276351555,0.9833887043189369,0.3577864275206028,1.0000000000000002,0.7109634551495017,1.0531217006012368,0.23820376629647516,1.0000000000000002,0.7807308970099668,1.0531217006012368,0.4332979237083535
11,cg011,ECG,KernelSHAP,22,22,481,301,False,0.6257796257796258,0.9811235276351555,0.9833887043189369,0.13712873596303293,0.8733752903744099,0.8305647840531561,0.6967775816663592,0.5726508932882666,0.784502652412768,0.6345514950166113,0.44667440697398925,0.024529212940608596
11,cg011,ECG,MPNative,22,22,481,301,False,0.6257796257796258,0.9811235276351555,0.9833887043189369,0.0,1.0,0.6710963455149501,1.053121700601236,0.1267213906325446,1.0,0.6710963455149501,1.053121700601236,0.1267213906325446
27,cg027,ABP,Random,9,45,377,13,True,0.034482758620689655,0.28888888888888886,0.38461538461538464,0.0,0.001091446880259448,0.0,-0.13125199343753444,-0.09848484848484848,0.001091446880259448,0.0,-0.13125199343753444,-0.09848484848484848
27,cg027,ABP,FeatureAblation,9,45,377,13,True,0.034482758620689655,0.28888888888888886,0.38461538461538464,0.342958332111116,0.23212059972617416,0.23076923076923078,0.7768595862730642,0.5606060606060606,0.15251290599545347,0.23076923076923078,0.4639438021809241,0.5606060606060606
27,cg027,ABP,KernelSHAP,9,45,377,13,True,0.034482758620689655,0.28888888888888886,0.38461538461538464,0.3894271267964763,0.11365413086510551,0.0,0.3112007252378395,-0.09848484848484848,0.06939412923375676,0.0,0.1372269236447367,-0.09848484848484848
27,cg027,ABP,MPNative,9,45,377,13,True,0.034482758620689655,0.28888888888888886,0.38461538461538464,0.0,0.1936394808731384,0.38461538461538464,0.6256009715043545,1.0,0.1936394808731384,0.38461538461538464,0.6256009715043545,1.0
32,cg032,ABP,Random,17,44,713,359,False,0.5035063113604488,0.979045327931122,0.9777158774373259,0.0,0.47266066191708833,0.5069637883008357,-0.06486460283701294,0.007291031619185811,0.47266066191708833,0.5069637883008357,-0.06486460283701294,0.007291031619185811
32,cg032,ABP,FeatureAblation,17,44,713,359,False,0.5035063113604488,0.979045327931122,0.9777158774373259,1.5313923615193842e-15,0.9964608791887427,0.6991643454038997,1.036622759964497,0.41259824356164837,0.9964608791887412,0.6155988857938719,1.0366227599644937,0.23637771663014298
32,cg032,ABP,KernelSHAP,17,44,713,359,False,0.5035063113604488,0.979045327931122,0.9777158774373259,0.049280526440727515,0.9269162626229691,0.6100278551532033,0.8903789941694393,0.2246296815013759,0.8851351045780921,0.6100278551532033,0.8025183632033834,0.2246296815013759
32,cg032,ABP,MPNative,17,44,713,359,False,0.5035063113604488,0.979045327931122,0.9777158774373259,0.0,0.997118754667037,0.7047353760445683,1.0380061910929006,0.42434627869041547,0.997118754667037,0.7047353760445683,1.0380061910929006,0.42434627869041547
34,cg034,ABP,Random,13,38,462,156,False,0.33766233766233766,0.965924426450742,0.967948717948718,0.0,0.20418024842507532,0.27564102564102566,-0.21246242868908566,-0.09840179632809401,0.20418024842507532,0.27564102564102566,-0.21246242868908566,-0.09840179632809401
34,cg034,ABP,FeatureAblation,13,38,462,156,False,0.33766233766233766,0.965924426450742,0.967948717948718,0.921509124283888,0.9736842105262817,0.30128205128205127,1.0123511894383193,-0.05772024831594244,0.9976410252806891,0.9743589743589743,1.0504830697187415,1.0101703870030379
34,cg034,ABP,KernelSHAP,13,38,462,156,False,0.33766233766233766,0.965924426450742,0.967948717948718,0.08750471652811845,0.34925275058512284,0.2948717948717949,0.01844837231088883,-0.0678906353189803,0.3551438744349141,0.2948717948717949,0.02782522944570687,-0.0678906353189803
34,cg034,ABP,MPNative,13,38,462,156,False,0.33766233766233766,0.965924426450742,0.967948717948718,0.0,0.9880917156375609,0.9743589743589743,1.0352835060119072,1.0101703870030379,0.9880917156375609,0.9743589743589743,1.0352835060119072,1.0101703870030379
36,cg036,ABP,Random,11,43,431,83,False,0.1925754060324826,0.9652563743345475,0.9759036144578314,0.0,0.23316731105578825,0.0,0.05253384862384369,-0.24584255228035115,0.23316731105578825,0.0,0.05253384862384369,-0.24584255228035115
36,cg036,ABP,FeatureAblation,11,43,431,83,False,0.1925754060324826,0.9652563743345475,0.9759036144578314,0.21705792972439375,0.012441334895622772,0.0,-0.23312865015000583,-0.24584255228035115,0.009740844500171033,0.0,-0.23662361185636951,-0.24584255228035115
36,cg036,ABP,KernelSHAP,11,43,431,83,False,0.1925754060324826,0.9652563743345475,0.9759036144578314,0.8757338018263591,0.0,0.0,-0.2492301660485559,-0.24584255228035115,0.2459001291843784,0.46987951807228917,0.0690126007232645,0.3540075654842623
36,cg036,ABP,MPNative,11,43,431,83,False,0.1925754060324826,0.9652563743345475,0.9759036144578314,0.0,0.04582585300091379,0.0,-0.18992256707712757,-0.24584255228035115,0.04582585300091379,0.0,-0.18992256707712757,-0.24584255228035115
40,cg040,EPG,Random,25,8,197,131,False,0.6649746192893401,0.9780534351145038,0.9770992366412213,0.0,0.6777377189903266,0.6870229007633588,0.04076641106281044,0.07063935443823725,0.6777377189903266,0.6870229007633588,0.04076641106281044,0.07063935443823725
40,cg040,EPG,FeatureAblation,25,8,197,131,False,0.6649746192893401,0.9780534351145038,0.9770992366412213,0.09660910390175383,0.9999999999999948,0.6793893129770993,1.070099169206475,0.04618249534450661,0.9999999999999952,0.6870229007633588,1.0700991692064763,0.07063935443823725
40,cg040,EPG,KernelSHAP,25,8,197,131,False,0.6649746192893401,0.9780534351145038,0.9770992366412213,0.08107342333823367,0.7638573749468982,0.8091603053435115,0.3158398162358528,0.4619490999379269,0.7227814374800609,0.7786259541984732,0.1846398263592593,0.3641216635630043
40,cg040,EPG,MPNative,25,8,197,131,False,0.6649746192893401,0.9780534351145038,0.9770992366412213,0.0,1.0,0.7022900763358778,1.0700991692064916,0.11955307262569818,1.0,0.7022900763358778,1.0700991692064916,0.11955307262569818
41,cg041,EPG,Random,25,8,195,131,False,0.6717948717948717,0.9856870229007634,0.9770992366412213,0.0,0.6569457217905655,0.6946564885496184,-0.04730653491012852,0.07488139505064785,0.6569457217905655,0.6946564885496184,-0.04730653491012852,0.07488139505064785
41,cg041,EPG,FeatureAblation,25,8,195,131,False,0.6717948717948717,0.9856870229007634,0.9770992366412213,4.4176659977310426e-15,0.999999999999969,0.6717557251908397,1.0455983911951248,-0.00012822156686733847,0.999999999999969,0.6793893129770993,1.0455983911951248,0.02487498397230439
41,cg041,EPG,KernelSHAP,25,8,195,131,False,0.6717948717948717,0.9856870229007634,0.9770992366412213,0.08928295146728632,0.8928114840093763,0.7938931297709924,0.704116402515412,0.3999230670598796,0.8455814517171275,0.816793893129771,0.5536506067768123,0.4749326836773948
41,cg041,EPG,MPNative,25,8,195,131,False,0.6717948717948717,0.9856870229007634,0.9770992366412213,0.0,1.0,0.6793893129770993,1.0455983911952234,0.02487498397230439,1.0,0.6793893129770993,1.0455983911952234,0.02487498397230439
52,cg048,NASA,Random,13,24,293,99,False,0.3378839590443686,0.9566498316498321,0.9595959595959596,0.0,0.2941947054039394,0.47474747474747475,-0.07060708351038336,0.22013973605412002,0.2941947054039394,0.47474747474747475,-0.07060708351038336,0.22013973605412002
52,cg048,NASA,FeatureAblation,13,24,293,99,False,0.3378839590443686,0.9566498316498321,0.9595959595959596,0.020074681294874545,0.6752313994413287,0.7575757575757576,0.5451939987841881,0.6750582233558833,0.6817510255921244,0.7878787878787878,0.5557304980312188,0.7237994898525008
52,cg048,NASA,KernelSHAP,13,24,293,99,False,0.3378839590443686,0.9566498316498321,0.9595959595959596,0.07900670396539318,0.5537367112758192,0.47474747474747475,0.3488439841107436,0.22013973605412002,0.5099877988532802,0.47474747474747475,0.2781404848399714,0.22013973605412002
52,cg048,NASA,MPNative,13,24,293,99,False,0.3378839590443686,0.9566498316498321,0.9595959595959596,0.0,0.5911138926328561,0.7878787878787878,0.40925000036314474,0.7237994898525008,0.5911138926328561,0.7878787878787878,0.40925000036314474,0.7237994898525008
57,cg057,ECG,Random,18,10,179,101,False,0.5642458100558659,0.991089108910891,0.9900990099009901,0.0,0.6554037557813234,0.7029702970297029,0.21356302411208458,0.3257565917651642,0.6554037557813234,0.7029702970297029,0.21356302411208458,0.3257565917651642
57,cg057,ECG,FeatureAblation,18,10,179,101,False,0.5642458100558659,0.991089108910891,0.9900990099009901,0.7002551987805731,0.9999999999995046,0.6237623762376238,1.0208762586000915,0.13975841018314064,0.9999999999997908,0.6138613861386139,1.020876258600762,0.11650863748538766
57,cg057,ECG,KernelSHAP,18,10,179,101,False,0.5642458100558659,0.991089108910891,0.9900990099009901,0.2677811738235885,0.6455103315370103,0.5148514851485149,0.19038490635586955,-0.11598908949214184,0.6012385549703029,0.504950495049505,0.08666586781066304,-0.1392388621898948
57,cg057,ECG,MPNative,18,10,179,101,False,0.5642458100558659,0.991089108910891,0.9900990099009901,0.0,1.0000000000000002,0.6633663366336634,1.0208762586012525,0.23275750097415254,1.0000000000000002,0.6633663366336634,1.0208762586012525,0.23275750097415254
68,cg065,EPG,Random,17,6,101,51,False,0.504950495049505,0.9575163398692809,0.9411764705882353,0.0,0.6226605251278385,0.7647058823529411,0.26009481587195105,0.5954606141522029,0.6226605251278385,0.7647058823529411,0.26009481587195105,0.5954606141522029
68,cg065,EPG,FeatureAblation,17,6,101,51,False,0.504950495049505,0.9575163398692809,0.9411764705882353,0.13035309792258543,0.761030146588353,0.39215686274509803,0.5658395446099693,-0.25856697819314645,0.7921806072906675,0.5490196078431373,0.6346703259401855,0.10102358700489553
68,cg065,EPG,KernelSHAP,17,6,101,51,False,0.504950495049505,0.9575163398692809,0.9411764705882353,0.016045301783723938,0.7057563575709561,0.7058823529411765,0.44370529685336185,0.4606141522029374,0.6944322838279484,0.7058823529411765,0.41868336054812155,0.4606141522029374
68,cg065,EPG,MPNative,17,6,101,51,False,0.504950495049505,0.9575163398692809,0.9411764705882353,0.0,0.8132694245694221,0.5882352941176471,0.681268666314618,0.19092122830440592,0.8132694245694221,0.5882352941176471,0.681268666314618,0.19092122830440592
70,cg070,ECG,Random,12,58,665,201,False,0.3022556390977444,0.9282038085434896,0.9353233830845771,0.0,0.3719689985616371,0.5771144278606966,0.1113724152682185,0.4341696309339511,0.3719689985616371,0.5771144278606966,0.1113724152682185,0.4341696309339511
70,cg070,ECG,FeatureAblation,12,58,665,201,False,0.3022556390977444,0.9282038085434896,0.9353233830845771,0.17719689404072622,1.0,0.6567164179104478,1.1146998984278258,0.5599097129486287,0.9685741940890005,0.8656716417910447,1.064494773714663,0.8899774282371573
70,cg070,ECG,KernelSHAP,12,58,665,201,False,0.3022556390977444,0.9282038085434896,0.9353233830845771,0.0012982975143493237,0.6688913103906263,0.7114427860696517,0.5857284823079278,0.6463560193337194,0.6680228904649763,0.7114427860696517,0.584341115161509,0.6463560193337194
70,cg070,ECG,MPNative,12,58,665,201,False,0.3022556390977444,0.9282038085434896,0.9353233830845771,0.0,0.8735139307021822,0.8656716417910447,0.9126287438627173,0.8899774282371573,0.8735139307021822,0.8656716417910447,0.9126287438627173,0.8899774282371573
73,cg073,Gait,Random,20,31,594,346,False,0.5824915824915825,0.9878799179563675,0.9884393063583815,0.0,0.5599380562515579,0.5375722543352601,-0.05563437392486041,-0.11065298686355357,0.5599380562515579,0.5375722543352601,-0.05563437392486041,-0.11065298686355357
73,cg073,Gait,FeatureAblation,20,31,594,346,False,0.5824915824915825,0.9878799179563675,0.9884393063583815,0.8267163786144361,0.04900090138183749,0.5289017341040463,-1.3159990913356903,-0.13201169814939107,0.8352074322570378,0.6560693641618497,0.6233920112075054,0.1812494007095598
73,cg073,Gait,KernelSHAP,20,31,594,346,False,0.5824915824915825,0.9878799179563675,0.9884393063583815,0.36179505326690586,0.7010187843694218,0.5606936416184971,0.29237940884990116,-0.05369642343465341,0.756740671456073,0.7312138728323699,0.42983251791078503,0.3663582318534854
73,cg073,Gait,MPNative,20,31,594,346,False,0.5824915824915825,0.9878799179563675,0.9884393063583815,0.0,0.2248815245784196,0.5057803468208093,-0.8821419528589952,-0.18896826157829122,0.2248815245784196,0.5057803468208093,-0.8821419528589952,-0.18896826157829122
78,cg078,RESP,Random,13,31,401,153,False,0.38154613466334164,0.9877714526670883,0.9869281045751634,0.0,0.32177496661576627,0.39215686274509803,-0.09859563147972314,0.017527327553712776,0.32177496661576627,0.39215686274509803,-0.09859563147972314,0.017527327553712776
78,cg078,RESP,FeatureAblation,13,31,401,153,False,0.38154613466334164,0.9877714526670883,0.9869281045751634,0.18343333100922898,1.0,0.6535947712418301,1.020171620962944,0.44938344731032254,0.851961669697558,0.7973856209150327,0.7759747424988098,0.686904313176458
78,cg078,RESP,KernelSHAP,13,31,401,153,False,0.38154613466334164,0.9877714526670883,0.9869281045751634,0.42640037970274636,0.9878086395384427,0.8104575163398693,1.0000613416666213,0.7084971191642884,0.6245325612792273,0.6078431372549019,0.4008186715395214,0.37380862635291573
78,cg078,RESP,MPNative,13,31,401,153,False,0.38154613466334164,0.9877714526670883,0.9869281045751634,0.0,0.8562637323189373,0.7973856209150327,0.7830712171817636,0.686904313176458,0.8562637323189373,0.7973856209150327,0.7830712171817636,0.686904313176458
82,cg076,RESP,Random,9,31,250,2,True,0.008,0.06451612903225806,0.0,0.0,0.0044376086003472225,0.0,-0.06303318115823979,,0.0044376086003472225,0.0,-0.06303318115823979,
82,cg076,RESP,FeatureAblation,9,31,250,2,True,0.008,0.06451612903225806,0.0,0.8524369918250193,0.0,0.0,-0.14155251141552513,,0.02591899502524192,0.0,0.31705984348316185,
82,cg076,RESP,KernelSHAP,9,31,250,2,True,0.008,0.06451612903225806,0.0,0.16662150264090805,0.0,0.0,-0.14155251141552513,,0.005091139665601697,0.0,-0.05146956071138551,
82,cg076,RESP,MPNative,9,31,250,2,True,0.008,0.06451612903225806,0.0,0.0,0.017309252070935876,0.0,0.16471850125514392,,0.017309252070935876,0.0,0.16471850125514392,
84,cg084,ECG,Random,12,27,315,101,False,0.32063492063492066,0.9347268060139348,0.9207920792079208,0.0,0.2771492325540262,0.26732673267326734,-0.07081299902547215,-0.08882371425578718,0.2771492325540262,0.26732673267326734,-0.07081299902547215,-0.08882371425578718
84,cg084,ECG,FeatureAblation,12,27,315,101,False,0.32063492063492066,0.9347268060139348,0.9207920792079208,0.0018981992386862428,0.9888471812556845,0.8118811881188119,1.0881307448124755,0.8185293809573689,0.9869701522890478,0.8118811881188119,1.0850741517987472,0.8185293809573689
84,cg084,ECG,KernelSHAP,12,27,315,101,False,0.32063492063492066,0.9347268060139348,0.9207920792079208,0.01639015440649746,0.7676520214711705,0.7326732673267327,0.7279319454943676,0.6865507489263643,0.7550700863087981,0.7326732673267327,0.7074432605565966,0.6865507489263643
84,cg084,ECG,MPNative,12,27,315,101,False,0.32063492063492066,0.9347268060139348,0.9207920792079208,0.0,0.9314076281006476,0.7425742574257426,0.994594981643116,0.7030480779302398,0.9314076281006476,0.7425742574257426,0.994594981643116,0.7030480779302398
85,cg085,ECG,Random,12,27,315,101,False,0.32063492063492066,0.9347268060139348,0.9405940594059405,0.0,0.44899636985917146,0.6534653465346535,0.20902645398909128,0.5368586493611843,0.44899636985917146,0.6534653465346535,0.20902645398909128,0.5368586493611843
85,cg085,ECG,FeatureAblation,12,27,315,101,False,0.32063492063492066,0.9347268060139348,0.9405940594059405,0.6180645097409415,0.9968232904362224,0.5445544554455446,1.1011192069147147,0.3611843439464612,0.8730907869177209,0.9207920792079208,0.8996306244004961,0.968059217197323
85,cg085,ECG,KernelSHAP,12,27,315,101,False,0.32063492063492066,0.9347268060139348,0.9405940594059405,0.03795160019474096,0.585548343762178,0.45544554455445546,0.4313905287378196,0.21745082133441493,0.5639189057821227,0.45544554455445546,0.3961687020128079,0.21745082133441493
85,cg085,ECG,MPNative,12,27,315,101,False,0.32063492063492066,0.9347268060139348,0.9405940594059405,0.0,0.8973150028881282,0.7227722772277227,0.9390778415794955,0.6486513891705535,0.8973150028881282,0.7227722772277227,0.9390778415794955,0.6486513891705535
86,cg086,ECG,Random,12,69,801,251,False,0.31335830212234705,0.9315202956290778,0.9362549800796812,0.0,0.293007099939128,0.28286852589641437,-0.03292211814539108,-0.04894836865387988,0.293007099939128,0.28286852589641437,-0.03292211814539108,-0.04894836865387988
86,cg086,ECG,FeatureAblation,12,69,801,251,False,0.31335830212234705,0.9315202956290778,0.9362549800796812,0.5961332523043785,0.9576726669013589,0.6215139442231076,1.0423066632160982,0.4947138955874603,0.9829053976428213,0.6932270916334662,1.0831256249227557,0.6098423750738619
86,cg086,ECG,KernelSHAP,12,69,801,251,False,0.31335830212234705,0.9315202956290778,0.9362549800796812,0.044201053287986715,0.582425393312534,0.44621513944223107,0.43526954749161106,0.21328872350959008,0.5751841749778426,0.44621513944223107,0.4235554362865317,0.21328872350959008
86,cg086,ECG,MPNative,12,69,801,251,False,0.31335830212234705,0.9315202956290778,0.9362549800796812,0.0,0.9168396739314866,0.896414342629482,0.9762511738803117,0.9360397336186659,0.9168396739314866,0.896414342629482,0.9762511738803117,0.9360397336186659
88,cg088,ECG,Random,17,43,715,371,False,0.5188811188811189,0.9729204538331347,0.9784366576819407,0.0,0.5388831945124445,0.4636118598382749,0.04405361846774682,-0.12026676729229563,0.5388831945124445,0.4636118598382749,0.04405361846774682,-0.12026676729229563
88,cg088,ECG,FeatureAblation,17,43,715,371,False,0.5188811188811189,0.9729204538331347,0.9784366576819407,0.0274821215634922,0.9999999999999987,0.6415094339622641,1.059641410076785,0.26684112088200546,0.989774094301955,0.784366576819407,1.0371193400470498,0.5777004856280352
88,cg088,ECG,KernelSHAP,17,43,715,371,False,0.5188811188811189,0.9729204538331347,0.9784366576819407,0.11099488779810104,0.6806765097878116,0.6954177897574124,0.3563466388298531,0.38414654154088473,0.6930368137191916,0.7681940700808625,0.3835696192632252,0.5425088594303714
88,cg088,ECG,MPNative,17,43,715,371,False,0.5188811188811189,0.9729204538331347,0.9784366576819407,0.0,0.7469023270943116,0.6819407008086253,0.5022058457496653,0.3548201863761649,0.7469023270943116,0.6819407008086253,0.5022058457496653,0.3548201863761649
89,cg089,ABP,Random,10,60,552,68,False,0.12318840579710146,0.8490196078431371,0.8676470588235294,0.0,0.11881937997705122,0.0,-0.006019341422267942,-0.16547380475236187,0.11881937997705122,0.0,-0.006019341422267942,-0.16547380475236187
89,cg089,ABP,FeatureAblation,10,60,552,68,False,0.12318840579710146,0.8490196078431371,0.8676470588235294,0.6977280394471299,0.9220922012201155,0.8529411764705882,1.1006743622635609,0.9802462066991124,0.27877050996755626,0.11764705882352941,0.2143502562743053,-0.007443458345261962
89,cg089,ABP,KernelSHAP,10,60,552,68,False,0.12318840579710146,0.8490196078431371,0.8676470588235294,0.33837368177350485,0.9053311057722936,0.8529411764705882,1.0775820848847786,0.9802462066991124,0.5999121832024636,0.8529411764705882,0.6567970294767324,0.9802462066991124
89,cg089,ABP,MPNative,10,60,552,68,False,0.12318840579710146,0.8490196078431371,0.8676470588235294,0.0,0.4963294520697621,0.8529411764705882,0.5140879108266749,0.9802462066991124,0.4963294520697621,0.8529411764705882,0.5140879108266749,0.9802462066991124
96,cg013,ECG,Random,13,41,531,201,False,0.3785310734463277,0.9813129474578327,0.9800995024875622,0.0,0.4281416183736474,0.5970149253731343,0.0823026488788759,0.3631903560414914,0.4281416183736474,0.5970149253731343,0.0823026488788759,0.3631903560414914
96,cg013,ECG,FeatureAblation,13,41,531,201,False,0.3785310734463277,0.9813129474578327,0.9800995024875622,0.3127335660768227,0.9929196093976461,0.31840796019900497,1.0192551608471092,-0.09994393047378754,0.7256482849811866,0.39303482587064675,0.5758587417780145,0.024109896271376476
96,cg013,ECG,KernelSHAP,13,41,531,201,False,0.3785310734463277,0.9813129474578327,0.9800995024875622,0.0,0.8353763495058553,0.9800995024875622,0.7578948468029216,1.0,0.8353763495058553,0.9800995024875622,0.7578948468029216,1.0
96,cg013,ECG,MPNative,13,41,531,201,False,0.3785310734463277,0.9813129474578327,0.9800995024875622,0.0,0.8187537285298755,0.39303482587064675,0.7303183358083948,0.024109896271376476,0.8187537285298755,0.39303482587064675,0.7303183358083948,0.024109896271376476
102,cg043,Acceleration,Random,23,11,251,161,False,0.6414342629482072,0.9808018068887633,0.9751552795031055,0.0,0.6540991837113955,0.7142857142857143,0.03731918679119995,0.21830045973602266,0.6540991837113955,0.7142857142857143,0.03731918679119995,0.21830045973602266
102,cg043,Acceleration,FeatureAblation,23,11,251,161,False,0.6414342629482072,0.9808018068887633,0.9751552795031055,6.913957068600391e-13,0.5335665441439696,0.6770186335403726,-0.31784924849245955,0.10662909684116852,0.5335665441440588,0.577639751552795,-0.31784924849219687,-0.1911612042117752
102,cg043,Acceleration,KernelSHAP,23,11,251,161,False,0.6414342629482072,0.9808018068887633,0.9751552795031055,0.47117666535943875,0.7901997901782676,0.6086956521739131,0.438361092232551,-0.09810173513273009,0.7305737874682993,0.7018633540372671,0.262663669852017,0.18107667210440462
102,cg043,Acceleration,MPNative,23,11,251,161,False,0.6414342629482072,0.9808018068887633,0.9751552795031055,0.0,0.5896880892794786,0.6335403726708074,-0.15247826314761695,-0.023654159869494325,0.5896880892794786,0.6335403726708074,-0.15247826314761695,-0.023654159869494325
123,cg015,ECG,Random,18,31,549,301,False,0.5482695810564663,0.9787804093880614,0.9767441860465116,0.0,0.5225248389419881,0.6910299003322259,-0.05980045197527216,0.33318268483864133,0.5225248389419881,0.6910299003322259,-0.05980045197527216,0.33318268483864133
123,cg015,ECG,FeatureAblation,18,31,549,301,False,0.5482695810564663,0.9787804093880614,0.9767441860465116,0.08819589496683655,0.4180097088627323,0.5083056478405316,-0.30257048980287915,-0.09327024927618102,0.3811429684848525,0.4983388704318937,-0.38820536342674,-0.11653131840971681
123,cg015,ECG,KernelSHAP,18,31,549,301,False,0.5482695810564663,0.9787804093880614,0.9767441860465116,0.11614076531482852,0.4671310419213825,0.5581395348837209,-0.18847037936195166,0.023035096391497808,0.46234501009525686,0.4850498338870432,-0.19958747912149422,-0.1475460772544311
123,cg015,ECG,MPNative,18,31,549,301,False,0.5482695810564663,0.9787804093880614,0.9767441860465116,0.0,0.38957024171026744,0.4219269102990033,-0.36863030823457665,-0.2948661817668244,0.38957024171026744,0.4219269102990033,-0.36863030823457665,-0.2948661817668244
128,cg019,Gait,Random,12,54,648,214,False,0.33024691358024694,0.990827275874005,0.9906542056074766,0.0,0.25050474052725835,0.2523364485981308,-0.12071532489415343,-0.11797335662808482,0.25050474052725835,0.2523364485981308,-0.12071532489415343,-0.11797335662808482
128,cg019,Gait,FeatureAblation,12,54,648,214,False,0.33024691358024694,0.990827275874005,0.9906542056074766,0.23671077500142665,0.9999095507958031,0.5654205607476636,1.013748932666211,0.3561039528281284,0.876094897185111,0.7429906542056075,0.8263157895119613,0.6249836208779209
128,cg019,Gait,KernelSHAP,12,54,648,214,False,0.33024691358024694,0.990827275874005,0.9906542056074766,0.007023078662977132,0.8768350977861399,0.9906542056074766,0.8274363202502028,1.0,0.8706770159199286,0.9906542056074766,0.8181140905598918,1.0
128,cg019,Gait,MPNative,12,54,648,214,False,0.33024691358024694,0.990827275874005,0.9906542056074766,0.0,0.29716639513460524,0.5,-0.05007796224939985,0.2570430224939943,0.29716639513460524,0.5,-0.05007796224939985,0.2570430224939943
132,cg024,ABP,Random,9,38,337,31,True,0.09198813056379822,0.8157894736842102,0.8709677419354839,0.0,0.04145379346939988,0.0,-0.06981796535018506,-0.11808798230523469,0.04145379346939988,0.0,-0.06981796535018506,-0.11808798230523469
132,cg024,ABP,FeatureAblation,9,38,337,31,True,0.09198813056379822,0.8157894736842102,0.8709677419354839,0.0,0.6324794911248396,0.8064516129032258,0.7467399248402955,0.91717866797739,0.6324794911248396,0.8064516129032258,0.7467399248402955,0.91717866797739
132,cg024,ABP,KernelSHAP,9,38,337,31,True,0.09198813056379822,0.8157894736842102,0.8709677419354839,0.005275134016622357,0.5845761313334448,0.8064516129032258,0.6805569034260542,0.91717866797739,0.5814924138977422,0.8064516129032258,0.6762964561845387,0.91717866797739
132,cg024,ABP,MPNative,9,38,337,31,True,0.09198813056379822,0.8157894736842102,0.8709677419354839,0.0,0.5416513770687833,0.8064516129032258,0.6212522963364808,0.91717866797739,0.5416513770687833,0.8064516129032258,0.6212522963364808,0.91717866797739
134,cg026,ABP,Random,12,43,515,171,False,0.3320388349514563,0.9942880456956343,0.9941520467836257,0.0,0.3633781891838774,0.5029239766081871,0.04732259959540704,0.25809051775883657,0.3633781891838774,0.5029239766081871,0.04732259959540704,0.25809051775883657
134,cg026,ABP,FeatureAblation,12,43,515,171,False,0.3320388349514563,0.9942880456956343,0.9941520467836257,0.4967474994341475,0.7757534782882689,0.24561403508771928,0.6700115849714713,-0.1305287348436777,0.667270305557044,0.49707602339181284,0.5062013893967254,0.24925826201787032
134,cg026,ABP,KernelSHAP,12,43,515,171,False,0.3320388349514563,0.9942880456956343,0.9941520467836257,0.1882288643364279,0.1729266085067373,0.25146198830409355,-0.24026034891898557,-0.12169647910271145,0.30714571265716845,0.25146198830409355,-0.037588753433643415,-0.12169647910271145
134,cg026,ABP,MPNative,12,43,515,171,False,0.3320388349514563,0.9942880456956343,0.9941520467836257,0.0,0.45602402159816946,0.49122807017543857,0.187218323004703,0.24042600627690408,0.45602402159816946,0.49122807017543857,0.187218323004703,0.24042600627690408
141,cg033,ABP,Random,12,43,515,171,False,0.3320388349514563,0.9942880456956343,0.9941520467836257,0.0,0.2774140636834342,0.25146198830409355,-0.08248370912611518,-0.12169647910271145,0.2774140636834342,0.25146198830409355,-0.08248370912611518,-0.12169647910271145
141,cg033,ABP,FeatureAblation,12,43,515,171,False,0.3320388349514563,0.9942880456956343,0.9941520467836257,1.121363796187264e-14,0.9563833993207197,0.7485380116959064,0.9427637726705318,0.6290452588794183,0.9563833993207089,0.7485380116959064,0.9427637726705157,0.6290452588794183
141,cg033,ABP,KernelSHAP,12,43,515,171,False,0.3320388349514563,0.9942880456956343,0.9941520467836257,0.0043862392485067795,0.6048258333896012,0.7543859649122807,0.4119098883207586,0.6378775146203847,0.6064571562652649,0.7543859649122807,0.41437319495698777,0.6378775146203847
141,cg033,ABP,MPNative,12,43,515,171,False,0.3320388349514563,0.9942880456956343,0.9941520467836257,0.0,0.9549659942758701,0.9941520467836257,0.940623483151339,1.0,0.9549659942758701,0.9941520467836257,0.940623483151339,1.0
143,cg035,ABP,Random,11,41,438,110,False,0.2511415525114155,0.9192904656319295,0.9090909090909091,0.0,0.2637368921910709,0.2545454545454545,0.018851096562935737,0.005173501577287048,0.2637368921910709,0.2545454545454545,0.018851096562935737,0.005173501577287048
143,cg035,ABP,FeatureAblation,11,41,438,110,False,0.2511415525114155,0.9192904656319295,0.9090909090909091,0.01243658767100652,0.8702870698330115,0.6272727272727273,0.9266579727413562,0.5716719242902208,0.85946366839009,0.6272727272727273,0.9104588871327721,0.5716719242902208
143,cg035,ABP,KernelSHAP,11,41,438,110,False,0.2511415525114155,0.9192904656319295,0.9090909090909091,0.12011326007282071,0.6060495683024366,0.37272727272727274,0.5311810119296061,0.18479495268138804,0.5653248270558909,0.37272727272727274,0.47022941798575696,0.18479495268138804
143,cg035,ABP,MPNative,11,41,438,110,False,0.2511415525114155,0.9192904656319295,0.9090909090909091,0.0,0.7161680547396437,0.6272727272727273,0.6959923051530151,0.5716719242902208,0.7161680547396437,0.6272727272727273,0.6959923051530151,0.5716719242902208
146,cg037,EPG,Random,17,8,135,71,False,0.5259259259259259,0.9876760563380281,0.9859154929577465,0.0,0.5069466755772307,0.5492957746478874,-0.04110285866461284,0.05080517124064427,0.5069466755772307,0.5492957746478874,-0.04110285866461284,0.05080517124064427
146,cg037,EPG,FeatureAblation,17,8,135,71,False,0.5259259259259259,0.9876760563380281,0.9859154929577465,0.474180411063449,0.9946774921999598,0.704225352112676,1.0151628237888815,0.3876162395100929,0.9972013211364713,0.8732394366197183,1.020628613120135,0.755046495804037
146,cg037,EPG,KernelSHAP,17,8,135,71,False,0.5259259259259259,0.9876760563380281,0.9859154929577465,0.04327264950541683,0.8786902894371953,0.9859154929577465,0.7639724177152579,1.0,0.8406670325185663,0.9859154929577465,0.6816264595566884,1.0
146,cg037,EPG,MPNative,17,8,135,71,False,0.5259259259259259,0.9876760563380281,0.9859154929577465,0.0,0.9647403933027427,0.6197183098591549,0.9503288434053808,0.2039011113631208,0.9647403933027427,0.6197183098591549,0.9503288434053808,0.2039011113631208
150,cg042,EPG,Random,37,8,295,231,False,0.7830508474576271,0.9962121212121212,0.9956709956709957,0.0,0.7260273055351114,0.7575757575757576,-0.26751361032019283,-0.11981503209331207,0.7260273055351114,0.7575757575757576,-0.26751361032019283,-0.11981503209331207
150,cg042,EPG,FeatureAblation,37,8,295,231,False,0.7830508474576271,0.9962121212121212,0.9956709956709957,0.770064916767079,1.0,0.8181818181818182,1.017770013854587,0.16522879425771303,0.9999999999999959,0.8095238095238095,1.0177700138545678,0.12450824763613788
150,cg042,EPG,KernelSHAP,37,8,295,231,False,0.7830508474576271,0.9962121212121212,0.9956709956709957,0.10629326497163753,0.9048980042234932,0.8917748917748918,0.5716195752620716,0.5113534405411001,0.8190337786993541,0.7922077922077922,0.1688061372872538,0.04306715439298807
150,cg042,EPG,MPNative,37,8,295,231,False,0.7830508474576271,0.9962121212121212,0.9956709956709957,0.0,1.0,0.8008658008658008,1.017770013854587,0.08378770101456272,1.0,0.8008658008658008,1.017770013854587,0.08378770101456272
153,cg044,Power Demand,Random,17,42,695,361,False,0.5194244604316547,0.9688035879171611,0.9750692520775623,0.0,0.4562187157789667,0.42105263157894735,-0.1406512692442007,-0.2158958703277671,0.4562187157789667,0.42105263157894735,-0.1406512692442007,-0.2158958703277671
153,cg044,Power Demand,FeatureAblation,17,42,695,361,False,0.5194244604316547,0.9688035879171611,0.9750692520775623,0.9036573349878365,0.9999999999998788,0.590027700831025,1.0694211416922648,0.15495237012220195,0.9999999999999682,0.5844875346260388,1.0694211416924637,0.14279341141892415
153,cg044,Power Demand,KernelSHAP,17,42,695,361,False,0.5194244604316547,0.9688035879171611,0.9750692520775623,0.23405681087023544,0.6302010404088626,0.5817174515235457,0.24651029209357464,0.13671393206728535,0.5237456078344271,0.5844875346260388,0.009615816887071194,0.14279341141892415
153,cg044,Power Demand,MPNative,17,42,695,361,False,0.5194244604316547,0.9688035879171611,0.9750692520775623,0.0,1.0000000000000002,0.7202216066481995,1.069421141692535,0.44068789964922717,1.0000000000000002,0.7202216066481995,1.069421141692535,0.44068789964922717
161,cg053,Acceleration,Random,17,28,460,232,False,0.5043478260869565,0.9642857142857143,0.978448275862069,0.0,0.5239054305551287,0.6206896551724138,0.04252227305031369,0.24539489287690736,0.5239054305551287,0.6206896551724138,0.04252227305031369,0.24539489287690736
161,cg053,Acceleration,FeatureAblation,17,28,460,232,False,0.5043478260869565,0.9642857142857143,0.978448275862069,0.849804507007082,0.8941957678646274,0.521551724137931,0.8476099746955437,0.036287453553640686,0.8710143441622991,0.8706896551724138,0.7972087698869702,0.7727093050834059
161,cg053,Acceleration,KernelSHAP,17,28,460,232,False,0.5043478260869565,0.9642857142857143,0.978448275862069,0.5149799426639355,0.7346062150469181,0.4525862068965517,0.5006293129311792,-0.10917859119297965,0.7476631201516484,0.7068965517241379,0.5290177224093908,0.4272274488101826
161,cg053,Acceleration,MPNative,17,28,460,232,False,0.5043478260869565,0.9642857142857143,0.978448275862069,0.0,0.890857905961189,0.646551724137931,0.840352773257953,0.29994465965688993,0.890857905961189,0.646551724137931,0.840352773257953,0.29994465965688993
164,cg056,ECG,Random,18,10,179,101,False,0.5642458100558659,0.991089108910891,0.9900990099009901,0.0,0.5079892059292946,0.5247524752475248,-0.13179685443692193,-0.09273931679438888,0.5079892059292946,0.5247524752475248,-0.13179685443692193,-0.09273931679438888
164,cg056,ECG,FeatureAblation,18,10,179,101,False,0.5642458100558659,0.991089108910891,0.9900990099009901,0.032721303177515565,0.9531687696866937,0.6237623762376238,0.91116098266995,0.13975841018314064,0.9497351722910125,0.801980198019802,0.9031168189103417,0.5582543187426939
164,cg056,ECG,KernelSHAP,18,10,179,101,False,0.5642458100558659,0.991089108910891,0.9900990099009901,0.4157097043921748,0.9999999999999997,0.7227722772277227,1.0208762586012512,0.37225613716067013,0.6917325665234354,0.49504950495049505,0.29867344013492325,-0.1624886348876478
164,cg056,ECG,MPNative,18,10,179,101,False,0.5642458100558659,0.991089108910891,0.9900990099009901,0.0,0.9142493548924479,0.5841584158415841,0.8199813509441053,0.046759319392128726,0.9142493548924479,0.5841584158415841,0.8199813509441053,0.046759319392128726
166,cg055,ECG,Random,15,10,147,69,False,0.46938775510204084,0.9637681159420288,0.9710144927536232,0.0,0.4865491506524184,0.4782608695652174,0.03471293948897786,0.017688679245283005,0.4865491506524184,0.4782608695652174,0.03471293948897786,0.017688679245283005
166,cg055,ECG,FeatureAblation,15,10,147,69,False,0.46938775510204084,0.9637681159420288,0.9710144927536232,2.962714068470809e-16,1.0,0.7536231884057971,1.0732874663475922,0.566627358490566,1.0,0.8840579710144928,1.0732874663475922,0.8266509433962265
166,cg055,ECG,KernelSHAP,15,10,147,69,False,0.46938775510204084,0.9637681159420288,0.9710144927536232,0.020275495065182853,0.8226463025085221,0.8260869565217391,0.7145480997794278,0.7110849056603773,0.8060331718033322,0.8260869565217391,0.6809441542728487,0.7110849056603773
166,cg055,ECG,MPNative,15,10,147,69,False,0.46938775510204084,0.9637681159420288,0.9710144927536232,0.0,1.0,0.782608695652174,1.0732874663475922,0.6244103773584906,1.0,0.782608695652174,1.0732874663475922,0.6244103773584906
168,cg059,Gait,Random,18,31,549,301,False,0.5482695810564663,0.9787804093880614,0.9800664451827242,0.0,0.5181864760561874,0.4850498338870432,-0.06987769649572619,-0.14641085293045933,0.5181864760561874,0.4850498338870432,-0.06987769649572619,-0.14641085293045933
168,cg059,Gait,FeatureAblation,18,31,549,301,False,0.5482695810564663,0.9787804093880614,0.9800664451827242,0.9981281326078509,0.7096774193548386,0.5880398671096345,0.37492166904115626,0.09210415673963615,0.82460796002062,0.7774086378737541,0.6418848511547955,0.5306640132298119
168,cg059,Gait,KernelSHAP,18,31,549,301,False,0.5482695810564663,0.9787804093880614,0.9800664451827242,0.40833976344875145,0.6077693526982194,0.4850498338870432,0.13820737534602553,-0.14641085293045933,0.6242964355974033,0.5149501661129569,0.17659684620610377,-0.0771645598004315
168,cg059,Gait,MPNative,18,31,549,301,False,0.5482695810564663,0.9787804093880614,0.9800664451827242,0.0,0.1486456756984335,0.5548172757475083,-0.928255177475415,0.015163831039605327,0.1486456756984335,0.5548172757475083,-0.928255177475415,0.015163831039605327
172,cg062,Gait,Random,34,31,1049,801,False,0.763584366062917,0.9947646087551852,0.9950062421972534,0.0,0.7545095800153926,0.7677902621722846,-0.03925415918696903,0.018174150947277614,0.7545095800153926,0.7677902621722846,-0.03925415918696903,0.018174150947277614
172,cg062,Gait,FeatureAblation,34,31,1049,801,False,0.763584366062917,0.9947646087551852,0.9950062421972534,0.05987266672872303,0.9999999999999316,0.766541822721598,1.0226463610548042,0.012779503425009896,0.999999999999927,0.7640449438202247,1.022646361054784,0.0019902083804744595
172,cg062,Gait,KernelSHAP,34,31,1049,801,False,0.763584366062917,0.9947646087551852,0.9950062421972534,0.1884204362306535,0.9697113285580898,0.784019975031211,0.8916288005180241,0.08830456873675796,0.9360618634683017,0.7677902621722846,0.7460736929624874,0.018174150947277614
172,cg062,Gait,MPNative,34,31,1049,801,False,0.763584366062917,0.9947646087551852,0.9950062421972534,0.0,1.0,0.7602996254681648,1.0226463610551,-0.014193734186328697,1.0,0.7602996254681648,1.0226463610551,-0.014193734186328697
179,cg071,ECG,Random,12,58,665,201,False,0.3022556390977444,0.9282038085434896,0.945273631840796,0.0,0.2907048170283544,0.0,-0.018453320311836444,-0.4700578249892378,0.2907048170283544,0.0,-0.018453320311836444,-0.4700578249892378
179,cg071,ECG,FeatureAblation,12,58,665,201,False,0.3022556390977444,0.9282038085434896,0.945273631840796,0.06361861044324549,0.884852362344358,0.5771144278606966,0.9307427542482987,0.4274511628989284,0.8921778950478324,0.7114427860696517,0.9424458521421083,0.6363541169763464
179,cg071,ECG,KernelSHAP,12,58,665,201,False,0.3022556390977444,0.9282038085434896,0.945273631840796,0.032706472625940335,0.7528755949256062,0.7114427860696517,0.7198997901485513,0.6363541169763464,0.7282516898894332,0.7114427860696517,0.6805612214968105,0.6363541169763464
179,cg071,ECG,MPNative,12,58,665,201,False,0.3022556390977444,0.9282038085434896,0.945273631840796,0.0,0.46358360391655495,0.5771144278606966,0.2577337432932518,0.4274511628989284,0.46358360391655495,0.5771144278606966,0.2577337432932518,0.4274511628989284
180,cg072,ECG,Random,12,58,665,201,False,0.3022556390977444,0.9282038085434896,0.9303482587064676,0.0,0.25464598538792854,0.2885572139303483,-0.07606005741972614,-0.021809562379398257,0.25464598538792854,0.2885572139303483,-0.07606005741972614,-0.021809562379398257
180,cg072,ECG,FeatureAblation,12,58,665,201,False,0.3022556390977444,0.9282038085434896,0.9303482587064676,0.4076120400529184,0.6186395115728556,0.7114427860696517,0.5054473963159887,0.6514758081806703,0.3962708613991207,0.4228855721393035,0.15019649691542905,0.19205755532791766
180,cg072,ECG,KernelSHAP,12,58,665,201,False,0.3022556390977444,0.9282038085434896,0.9303482587064676,0.07555687847942816,0.6935313642330908,0.7114427860696517,0.6250928499108914,0.6514758081806703,0.6411302992240591,0.7114427860696517,0.5413781470538944,0.6514758081806703
180,cg072,ECG,MPNative,12,58,665,201,False,0.3022556390977444,0.9282038085434896,0.9303482587064676,0.0,0.081129440084671,0.4228855721393035,-0.3532659887940447,0.19205755532791766,0.081129440084671,0.4228855721393035,-0.3532659887940447,0.19205755532791766
182,cg074,ECG,Random,17,47,775,401,False,0.5174193548387097,0.9682708123308749,0.9650872817955112,0.0,0.46036633458581117,0.30174563591022446,-0.12654505004875138,-0.48177165693913354,0.46036633458581117,0.30174563591022446,-0.12654505004875138,-0.48177165693913354
182,cg074,ECG,FeatureAblation,17,47,775,401,False,0.5174193548387097,0.9682708123308749,0.9650872817955112,0.18206944971582187,1.0,0.5361596009975063,1.07037614527325,0.041861936114545285,0.9526052433110854,0.8204488778054863,0.965253369464683,0.6769069319456025
182,cg074,ECG,KernelSHAP,17,47,775,401,False,0.5174193548387097,0.9682708123308749,0.9650872817955112,0.24478341332909237,0.9740242979841136,0.713216957605985,1.012761377517203,0.43737241597423876,0.8770236732989024,0.7655860349127181,0.7976115247812897,0.554354388890486
182,cg074,ECG,MPNative,17,47,775,401,False,0.5174193548387097,0.9682708123308749,0.9650872817955112,0.0,1.0,0.7107231920199502,1.07037614527325,0.43180184583536996,1.0,0.7107231920199502,1.07037614527325,0.43180184583536996
183,cg075,ECG,Random,17,47,777,401,False,0.5160875160875161,0.970817636759166,0.9675810473815462,0.0,0.48878298330922754,0.5311720698254364,-0.06004557766694449,0.03341034298915932,0.48878298330922754,0.5311720698254364,-0.06004557766694449,0.03341034298915932
183,cg075,ECG,FeatureAblation,17,47,777,401,False,0.5160875160875161,0.970817636759166,0.9675810473815462,0.8741396420745429,1.0,0.571072319201995,1.0641751269912159,0.12178425448729323,0.997555483981219,0.9451371571072319,1.0587993757320504,0.9502896747822995
183,cg075,ECG,KernelSHAP,17,47,777,401,False,0.5160875160875161,0.970817636759166,0.9675810473815462,0.0729417500010375,0.9253507934834101,0.7655860349127181,0.9000135658297717,0.5526070730406965,0.8809177706440485,0.7032418952618454,0.8023006129826353,0.4145228363248623
183,cg075,ECG,MPNative,17,47,777,401,False,0.5160875160875161,0.970817636759166,0.9675810473815462,0.0,0.969862476140491,0.685785536159601,0.9978994999995511,0.37585925004442866,0.969862476140491,0.685785536159601,0.9978994999995511,0.37585925004442866
195,cg087,ECG,Random,17,43,713,371,False,0.520336605890603,0.9696608788315677,0.9730458221024259,0.0,0.42170326440014083,0.4716981132075472,-0.21951483022467683,-0.10743870666043145,0.42170326440014083,0.4716981132075472,-0.21951483022467683,-0.10743870666043145
195,cg087,ECG,FeatureAblation,17,43,713,371,False,0.520336605890603,0.9696608788315677,0.9730458221024259,0.05535320885968218,1.0000000000000002,0.6307277628032345,1.0675216608483082,0.24384561426949036,0.9888006073612934,0.8840970350404312,1.0425966939298656,0.8035189391408912
195,cg087,ECG,KernelSHAP,17,43,713,371,False,0.520336605890603,0.9696608788315677,0.9730458221024259,0.11737342152922085,0.8519333009493604,0.6954177897574124,0.7379897215175036,0.3867409312579332,0.8012960415142997,0.6981132075471698,0.6252932515413229,0.3926949027991182
195,cg087,ECG,MPNative,17,43,713,371,False,0.520336605890603,0.9696608788315677,0.9730458221024259,0.0,0.9734054992184615,0.7035040431266847,1.008333892941915,0.4046028458814886,0.9734054992184615,0.7035040431266847,1.008333892941915,0.4046028458814886
201,cg201,ECG,Random,10,8,80,16,False,0.2,1.0,1.0,0.0,0.19012160487361598,0.0,-0.012347993907980033,-0.25,0.19012160487361598,0.0,-0.012347993907980033,-0.25
201,cg201,ECG,FeatureAblation,10,8,80,16,False,0.2,1.0,1.0,0.3141315005895669,0.8386467293456004,0.5,0.7983084116820005,0.37499999999999994,0.8893328743812953,1.0,0.861666092976619,1.0
201,cg201,ECG,KernelSHAP,10,8,80,16,False,0.2,1.0,1.0,0.008624728343126378,0.7651925391057623,1.0,0.706490673882203,1.0,0.758592961325788,1.0,0.698241201657235,1.0
201,cg201,ECG,MPNative,10,8,80,16,False,0.2,1.0,1.0,0.0,0.31334735235260486,0.5,0.14168419044075606,0.37499999999999994,0.31334735235260486,0.5,0.14168419044075606,0.37499999999999994
202,cg202,ECG,Random,12,8,95,31,False,0.3263157894736842,0.9717741935483871,0.967741935483871,0.0,0.3615640305582408,0.4838709677419355,0.054609624511879624,0.2456326098464796,0.3615640305582408,0.4838709677419355,0.054609624511879624,0.2456326098464796
202,cg202,ECG,FeatureAblation,12,8,95,31,False,0.3263157894736842,0.9717741935483871,0.967741935483871,0.999999999999996,0.0,0.06451612903225806,-0.505556651542053,-0.4081524616199047,0.49314417115305437,0.7419354838709677,0.2584649616864576,0.6479618845950238
202,cg202,ECG,KernelSHAP,12,8,95,31,False,0.3263157894736842,0.9717741935483871,0.967741935483871,0.3813408973415212,0.695247265410051,0.7419354838709677,0.5715805598119814,0.6479618845950238,0.6191078924679603,0.7096774193548387,0.4536188562205,0.5976707252514558
202,cg202,ECG,MPNative,12,8,95,31,False,0.3263157894736842,0.9717741935483871,0.967741935483871,0.0,0.9270057897615828,0.967741935483871,0.93064091581396,1.0,0.9270057897615828,0.967741935483871,0.93064091581396,1.0
203,cg203,ECG,Random,13,8,98,34,False,0.3469387755102041,0.9558823529411765,0.9411764705882353,0.0,0.36920220447560576,0.5294117647058824,0.036560741898826216,0.30707070707070705,0.36920220447560576,0.5294117647058824,0.036560741898826216,0.30707070707070705
203,cg203,ECG,FeatureAblation,13,8,98,34,False,0.3469387755102041,0.9558823529411765,0.9411764705882353,0.018332331693785033,0.6521545336770215,0.5,0.5012217379062768,0.25757575757575757,0.6585313521438334,0.5294117647058824,0.511693674392929,0.30707070707070705
203,cg203,ECG,KernelSHAP,13,8,98,34,False,0.3469387755102041,0.9558823529411765,0.9411764705882353,0.039639133769340966,0.7765915206181198,0.9411764705882353,0.7055706982255175,1.0,0.7458081054482022,0.9411764705882353,0.6550185349203597,1.0
203,cg203,ECG,MPNative,13,8,98,34,False,0.3469387755102041,0.9558823529411765,0.9411764705882353,0.0,0.23850896454887927,0.5294117647058824,-0.17806216368808983,0.30707070707070705,0.23850896454887927,0.5294117647058824,-0.17806216368808983,0.30707070707070705
204,cg204,ECG,Random,17,8,135,71,False,0.5259259259259259,0.9876760563380281,0.9859154929577465,0.0,0.4625375279503278,0.4507042253521127,-0.13727857081280148,-0.16352914493082324,0.4625375279503278,0.4507042253521127,-0.13727857081280148,-0.16352914493082324
204,cg204,ECG,FeatureAblation,17,8,135,71,False,0.5259259259259259,0.9876760563380281,0.9859154929577465,0.15541051428706404,0.9242142988831182,0.5070422535211268,0.8625625565102242,-0.04105239283284189,0.8298949865051545,0.4507042253521127,0.6582977254558491,-0.16352914493082324
204,cg204,ECG,KernelSHAP,17,8,135,71,False,0.5259259259259259,0.9876760563380281,0.9859154929577465,0.08823709134108428,0.6427317345477318,0.43661971830985913,0.252963239052167,-0.19414833295531866,0.652553069024823,0.5492957746478874,0.2742330424160034,0.05080517124064427
204,cg204,ECG,MPNative,17,8,135,71,False,0.5259259259259259,0.9876760563380281,0.9859154929577465,0.0,0.510700275773734,0.39436619718309857,-0.03297378636060879,-0.2860058970288047,0.510700275773734,0.39436619718309857,-0.03297378636060879,-0.2860058970288047
205,cg205,ECG,Random,20,8,155,91,False,0.5870967741935483,0.9793956043956044,0.978021978021978,0.0,0.6274943059245149,0.6483516483516484,0.10297642669533223,0.15669205658324287,0.6274943059245149,0.6483516483516484,0.10297642669533223,0.15669205658324287
205,cg205,ECG,FeatureAblation,20,8,155,91,False,0.5870967741935483,0.9793956043956044,0.978021978021978,0.5801651546372119,0.8568955944993123,0.5604395604395604,0.6877380189148216,-0.0681900616612258,0.35975462940867325,0.46153846153846156,-0.5795126757522602,-0.32118244468625295
205,cg205,ECG,KernelSHAP,20,8,155,91,False,0.5870967741935483,0.9793956043956044,0.978021978021978,0.39591581197218406,0.9094728118728554,0.6593406593406593,0.8217614044713446,0.18480232136380134,0.7136041689010737,0.7032967032967034,0.322477114301786,0.2972433804860358
205,cg205,ECG,MPNative,20,8,155,91,False,0.5870967741935483,0.9793956043956044,0.978021978021978,0.0,0.35635919337513583,0.45054945054945056,-0.5881679042977763,-0.34929270946681157,0.35635919337513583,0.45054945054945056,-0.5881679042977763,-0.34929270946681157
206,cg206,ECG,Random,15,9,133,61,False,0.45864661654135336,0.9744990892531882,0.9836065573770492,0.0,0.4466077770516842,0.4098360655737705,-0.023337756677565238,-0.0929795726696407,0.4466077770516842,0.4098360655737705,-0.023337756677565238,-0.0929795726696407
206,cg206,ECG,FeatureAblation,15,9,133,61,False,0.45864661654135336,0.9744990892531882,0.9836065573770492,0.7772920559013532,0.9999999999999092,0.4262295081967213,1.0494345032653674,-0.061751584879079606,0.9999999999999769,0.7377049180327869,1.0494345032654986,0.5315801831415827
206,cg206,ECG,KernelSHAP,15,9,133,61,False,0.45864661654135336,0.9744990892531882,0.9836065573770492,0.0,0.7000687233730483,0.819672131147541,0.46800610562655576,0.6877201220943885,0.7000687233730483,0.819672131147541,0.46800610562655576,0.6877201220943885
206,cg206,ECG,MPNative,15,9,133,61,False,0.45864661654135336,0.9744990892531882,0.9836065573770492,0.0,0.9999999999999999,0.7868852459016393,1.0494345032655434,0.6252641465132661,0.9999999999999999,0.7868852459016393,1.0494345032655434,0.6252641465132661
207,cg207,ECG,Random,15,9,133,61,False,0.45864661654135336,0.9744990892531882,0.9672131147540983,0.0,0.4772347756477748,0.5901639344262295,0.03603386644383719,0.2586039747939894,0.4772347756477748,0.5901639344262295,0.03603386644383719,0.2586039747939894
207,cg207,ECG,FeatureAblation,15,9,133,61,False,0.45864661654135336,0.9744990892531882,0.9672131147540983,0.033816344680241035,0.9857132672274836,0.8524590163934426,1.0217391183865858,0.7743577314590403,0.98619639230727,0.9180327868852459,1.0226756750676975,0.9032961706253032
207,cg207,ECG,KernelSHAP,15,9,133,61,False,0.45864661654135336,0.9744990892531882,0.9672131147540983,0.0002119278848580803,0.7020877995727531,0.819672131147541,0.47192016304900175,0.7098885118759091,0.701939007590405,0.819672131147541,0.47163172402773273,0.7098885118759091
207,cg207,ECG,MPNative,15,9,133,61,False,0.45864661654135336,0.9744990892531882,0.9672131147540983,0.0,0.9408603668685891,0.7704918032786885,0.9347900336548541,0.6131846825012119,0.9408603668685891,0.7704918032786885,0.9347900336548541,0.6131846825012119
208,cg208,ECG,Random,15,9,133,61,False,0.45864661654135336,0.9744990892531882,1.0,0.0,0.48568602653517584,0.4098360655737705,0.05241694364994781,-0.09016393442622944,0.48568602653517584,0.4098360655737705,0.05241694364994781,-0.09016393442622944
208,cg208,ECG,FeatureAblation,15,9,133,61,False,0.45864661654135336,0.9744990892531882,1.0,0.10236373091175684,1.0,0.5901639344262295,1.0494345032655434,0.24294171220400732,0.9999353818171786,0.7868852459016393,1.049309238415146,0.6063296903460839
208,cg208,ECG,KernelSHAP,15,9,133,61,False,0.45864661654135336,0.9744990892531882,1.0,0.02450908300296429,0.6003630168457287,0.6721311475409836,0.2747227314029778,0.39435336976320584,0.5856486698339468,0.6721311475409836,0.2461983997574812,0.39435336976320584
208,cg208,ECG,MPNative,15,9,133,61,False,0.45864661654135336,0.9744990892531882,1.0,0.0,0.9998745262011686,0.7213114754098361,1.049191267446256,0.4852003642987251,0.9998745262011686,0.7213114754098361,1.049191267446256,0.4852003642987251
209,cg209,ECG,Random,13,65,823,301,False,0.36573511543134873,0.9473549706107846,0.9568106312292359,0.0,0.2631727723820546,0.13953488372093023,-0.17633913652698904,-0.3826926097675912,0.2631727723820546,0.13953488372093023,-0.17633913652698904,-0.3826926097675912
209,cg209,ECG,FeatureAblation,13,65,823,301,False,0.36573511543134873,0.9473549706107846,0.9568106312292359,0.9056320415032652,0.0,0.18604651162790697,-0.6288215785180092,-0.30400278644748435,0.7646280751637212,0.5681063122923588,0.6858310564540645,0.3423779051105358
209,cg209,ECG,KernelSHAP,13,65,823,301,False,0.36573511543134873,0.9473549706107846,0.9568106312292359,0.16116963320876812,0.792158732236534,0.6478405315614618,0.7331655083776827,0.4772747450878619,0.7335276105415154,0.7873754152823921,0.6323589056235001,0.7133442150481824
209,cg209,ECG,MPNative,13,65,823,301,False,0.36573511543134873,0.9473549706107846,0.9568106312292359,0.0,0.5336517132288061,0.21262458471760798,0.2887050644886484,-0.259037173121709,0.5336517132288061,0.21262458471760798,0.2887050644886484,-0.259037173121709
210,cg210,Power Demand,Random,12,24,287,97,False,0.33797909407665505,0.9901202749140896,0.9896907216494846,0.0,0.15323329929197652,0.010309278350515464,-0.28329110354209003,-0.5027834426500578,0.15323329929197652,0.010309278350515464,-0.28329110354209003,-0.5027834426500578
210,cg210,Power Demand,FeatureAblation,12,24,287,97,False,0.33797909407665505,0.9901202749140896,0.9896907216494846,0.9158435114682251,1.0321562159123849e-13,0.24742268041237114,-0.5182606220980287,-0.13895166179793858,0.4379364827101966,0.25773195876288657,0.15327568871694802,-0.12313288871741171
210,cg210,Power Demand,KernelSHAP,12,24,287,97,False,0.33797909407665505,0.9901202749140896,0.9896907216494846,0.36805107122756153,0.43991782846600797,0.27835051546391754,0.15631390469537632,-0.0914953425563578,0.4521166358277112,0.4948453608247423,0.17501968148137592,0.2406988921347076
210,cg210,Power Demand,MPNative,12,24,287,97,False,0.33797909407665505,0.9901202749140896,0.9896907216494846,0.0,0.4619891141114144,0.25773195876288657,0.1901582413113588,-0.12313288871741171,0.4619891141114144,0.25773195876288657,0.1901582413113588,-0.12313288871741171
211,cg211,Power Demand,Random,12,24,287,97,False,0.33797909407665505,0.9901202749140896,0.9896907216494846,0.0,0.29522892995599226,0.5051546391752577,-0.06555354174347032,0.2565176652152345,0.29522892995599226,0.5051546391752577,-0.06555354174347032,0.2565176652152345
211,cg211,Power Demand,FeatureAblation,12,24,287,97,False,0.33797909407665505,0.9901202749140896,0.9896907216494846,0.8462055576869061,0.0,0.2268041237113402,-0.5182606220981869,-0.17058920795899243,0.32030710415501124,0.25773195876288657,-0.02709841126571806,-0.12313288871741171
211,cg211,Power Demand,KernelSHAP,12,24,287,97,False,0.33797909407665505,0.9901202749140896,0.9896907216494846,0.9006484076882388,0.745014710046381,0.5670103092783505,0.6241526036540722,0.351430303698396,0.2720864690523915,0.25773195876288657,-0.10104042952731312,-0.12313288871741171
211,cg211,Power Demand,MPNative,12,24,287,97,False,0.33797909407665505,0.9901202749140896,0.9896907216494846,0.0,0.2390133611824663,0.25773195876288657,-0.1517550735978731,-0.12313288871741171,0.2390133611824663,0.25773195876288657,-0.1517550735978731,-0.12313288871741171
213,cg213,ECG,Random,23,31,697,451,False,0.6470588235294118,0.980688076675488,0.9866962305986696,0.0,0.6983686965880889,0.6873614190687362,0.15379308791070417,0.11866359447004604,0.6983686965880889,0.6873614190687362,0.15379308791070417,0.11866359447004604
213,cg213,ECG,FeatureAblation,23,31,697,451,False,0.6470588235294118,0.980688076675488,0.9866962305986696,0.7891083471265972,0.6700326061705126,0.70509977827051,0.06886021661608313,0.17089093701996913,0.9113829187226037,0.811529933481153,0.7922689413492775,0.48425499231950836
213,cg213,ECG,KernelSHAP,23,31,697,451,False,0.6470588235294118,0.980688076675488,0.9866962305986696,0.6184523566628618,0.6414297983201325,0.6430155210643016,-0.01687209726424893,-0.011904761904761866,0.732920355690493,0.729490022172949,0.25735612615326503,0.2427035330261136
213,cg213,ECG,MPNative,23,31,697,451,False,0.6470588235294118,0.980688076675488,0.9866962305986696,0.0,0.8653522562087539,0.6518847006651884,0.6542994375369253,0.014208909370199519,0.8653522562087539,0.6518847006651884,0.6542994375369253,0.014208909370199519
214,cg214,ECG,Random,29,31,899,651,False,0.7241379310344828,1.0000000000000002,1.0,0.0,0.7458432996210976,0.7142857142857143,0.07868196112647885,-0.03571428571428567,0.7458432996210976,0.7142857142857143,0.07868196112647885,-0.03571428571428567
214,cg214,ECG,FeatureAblation,29,31,899,651,False,0.7241379310344828,1.0000000000000002,1.0,0.5645380335892359,3.3748797100408635e-13,0.7434715821812596,-2.6249999999987743,0.07008448540706617,0.4895912174770414,0.7142857142857143,-0.8502318366457243,-0.03571428571428567
214,cg214,ECG,KernelSHAP,29,31,899,651,False,0.7241379310344828,1.0000000000000002,1.0,0.7655721823284435,0.5654931017038054,0.7403993855606759,-0.575087506323705,0.05894777265744998,0.6655794540987582,0.6666666666666666,-0.21227447889200143,-0.20833333333333348
214,cg214,ECG,MPNative,29,31,899,651,False,0.7241379310344828,1.0000000000000002,1.0,0.0,0.18920362098360022,0.6682027649769585,-1.9391368739344477,-0.20276497695852538,0.18920362098360022,0.6682027649769585,-1.9391368739344477,-0.20276497695852538
215,cg215,ECG,Random,49,16,777,651,False,0.8378378378378378,0.9927995391705069,0.9938556067588326,0.0,0.8224085143401632,0.8064516129032258,-0.09956862479556335,-0.20117083555082518,0.8224085143401632,0.8064516129032258,-0.09956862479556335,-0.20117083555082518
215,cg215,ECG,FeatureAblation,49,16,777,651,False,0.8378378378378378,0.9927995391705069,0.9938556067588326,0.8698322287193421,1.0,0.8463901689708141,1.0464660672125383,0.05481639169771136,0.8707435173505028,0.8494623655913979,0.21234717500954414,0.07450771687067609
215,cg215,ECG,KernelSHAP,49,16,777,651,False,0.8378378378378378,0.9927995391705069,0.9938556067588326,0.3526264526442792,0.8071120432911285,0.8279569892473119,-0.19827992518453136,-0.06333155934007419,0.8282972093758156,0.8064516129032258,-0.06156765432989497,-0.20117083555082518
215,cg215,ECG,MPNative,49,16,777,651,False,0.8378378378378378,0.9927995391705069,0.9938556067588326,0.0,1.0000000000000002,0.8433179723502304,1.0464660672125399,0.03512506652474734,1.0000000000000002,0.8433179723502304,1.0464660672125399,0.03512506652474734
216,cg216,ECG,Random,41,20,811,651,False,0.8027127003699137,0.9923963133640552,0.9938556067588326,0.0,0.6923416638815652,0.7542242703533026,-0.5818691174537963,-0.2536763248642436,0.6923416638815652,0.7542242703533026,-0.5818691174537963,-0.2536763248642436
216,cg216,ECG,FeatureAblation,41,20,811,651,False,0.8027127003699137,0.9923963133640552,0.9938556067588326,0.1389626033049648,0.8884071613074269,0.8233486943164362,0.45177577327230656,0.10796107653890327,0.9039143926823379,0.8310291858678955,0.5335289154132141,0.14814301002814206
216,cg216,ECG,KernelSHAP,41,20,811,651,False,0.8027127003699137,0.9923963133640552,0.9938556067588326,0.3810396825953441,0.8609001866508236,0.7772657450076805,0.3067607441804001,-0.13313052439652776,0.9015215468825444,0.8463901689708141,0.5209139838330813,0.2285068770066191
216,cg216,ECG,MPNative,41,20,811,651,False,0.8027127003699137,0.9923963133640552,0.9938556067588326,0.0,0.9326654929470493,0.8202764976958525,0.6851028959531112,0.0918883031432081,0.9326654929470493,0.8202764976958525,0.6851028959531112,0.0918883031432081
218,cg218,ECG,Random,29,31,897,651,False,0.725752508361204,0.9970269064962094,0.9984639016897081,0.0,0.7463393039107383,0.7649769585253456,0.07588919445059059,0.14383135843867173,0.7463393039107383,0.7649769585253456,0.07588919445059059,0.14383135843867173
218,cg218,ECG,FeatureAblation,29,31,897,651,False,0.725752508361204,0.9970269064962094,0.9984639016897081,0.042897029525715606,0.2516597512075031,0.7572964669738863,-1.7476502036795916,0.11566791628204892,0.2704665884762563,0.8110599078341014,-1.6783224772223622,0.3128120113784077
218,cg218,ECG,KernelSHAP,29,31,897,651,False,0.725752508361204,0.9970269064962094,0.9984639016897081,0.5280399145262757,0.5565927543039147,0.6436251920122887,-0.6235743410371638,-0.30115102763596635,0.758025099071659,0.8095238095238095,0.11896659224876038,0.30717932294708306
218,cg218,ECG,MPNative,29,31,897,651,False,0.725752508361204,0.9970269064962094,0.9984639016897081,0.0,0.2778598685786543,0.6804915514592934,-1.6510685964535674,-0.16596650528417742,0.2778598685786543,0.6804915514592934,-1.6510685964535674,-0.16596650528417742
219,cg219,ECG,Random,16,31,467,221,False,0.4732334047109208,0.9833600934170194,0.9819004524886877,0.0,0.46230836437553063,0.4434389140271493,-0.021416327703027604,-0.05857365994895052,0.46230836437553063,0.4434389140271493,-0.021416327703027604,-0.05857365994895052
219,cg219,ECG,FeatureAblation,16,31,467,221,False,0.4732334047109208,0.9833600934170194,0.9819004524886877,0.5356813257210552,0.0483870967753794,0.334841628959276,-0.8328250949056106,-0.27206750733361285,0.022467032642844702,0.4434389140271493,-0.8836361281379222,-0.05857365994895052
219,cg219,ECG,KernelSHAP,16,31,467,221,False,0.4732334047109208,0.9833600934170194,0.9819004524886877,0.5477529357015067,0.46838702620467476,0.43891402714932126,-0.00950034298056143,-0.06746923692331142,0.4605802445745256,0.4343891402714932,-0.024803956382852748,-0.07636481389767232
219,cg219,ECG,MPNative,16,31,467,221,False,0.4732334047109208,0.9833600934170194,0.9819004524886877,0.0,0.04629111176016203,0.27149321266968324,-0.8369338487928727,-0.39660558497466586,0.04629111176016203,0.27149321266968324,-0.8369338487928727,-0.39660558497466586
220,cg220,ECG,Random,21,50,1049,651,False,0.6205910390848427,0.9984946236559139,0.9984639016897081,0.0,0.6919495409642398,0.6927803379416283,0.18882726915753004,0.19104123635433592,0.6919495409642398,0.6927803379416283,0.18882726915753004,0.19104123635433592
220,cg220,ECG,FeatureAblation,21,50,1049,651,False,0.6205910390848427,0.9984946236559139,0.9984639016897081,0.9734290712479924,1.0,0.6451612903225806,1.0039834931594913,0.06502253447988558,0.7716631841115773,0.5944700460829493,0.39976372597313353,-0.06912640622517432
220,cg220,ECG,KernelSHAP,21,50,1049,651,False,0.6205910390848427,0.9984946236559139,0.9984639016897081,0.7802560846244516,0.4160697102547064,0.5514592933947773,-0.5411997588280949,-0.1829497498537099,0.7186492884651344,0.6159754224270353,0.2594795428881416,-0.01221473441090654
220,cg220,ECG,MPNative,21,50,1049,651,False,0.6205910390848427,0.9984946236559139,0.9984639016897081,0.0,1.0000000000000002,0.6712749615975423,1.0039834931594918,0.13412956454006814,1.0000000000000002,0.6712749615975423,1.0039834931594918,0.13412956454006814
221,cg221,ECG,Random,62,22,1347,1221,False,0.9064587973273942,0.9937085846176754,0.995085995085995,0.0,0.8711298170427345,0.9262899262899262,-0.40491766664278167,0.22375895282785824,0.8711298170427345,0.9262899262899262,-0.40491766664278167,0.22375895282785824
221,cg221,ECG,FeatureAblation,62,22,1347,1221,False,0.9064587973273942,0.9937085846176754,0.995085995085995,0.9978038825939388,1.0000000000000002,0.9074529074529074,1.0721080884861436,0.011216761340248174,1.0,0.9082719082719083,1.0721080884861411,0.020457726187536277
221,cg221,ECG,KernelSHAP,62,22,1347,1221,False,0.9064587973273942,0.9937085846176754,0.995085995085995,0.4627369791273862,0.9429130499736197,0.9074529074529074,0.4178148025156978,0.011216761340248174,0.9351801793519071,0.9148239148239148,0.32918569679667514,0.09438544496583483
221,cg221,ECG,MPNative,62,22,1347,1221,False,0.9064587973273942,0.9937085846176754,0.995085995085995,0.0,0.9999999999999998,0.9066339066339066,1.0721080884861385,0.001975796492961323,0.9999999999999998,0.9066339066339066,1.0721080884861385,0.001975796492961323
222,cg222,ECG,Random,28,25,699,501,False,0.7167381974248928,0.9980838323353294,0.998003992015968,0.0,0.6609618299894272,0.6047904191616766,-0.19824856160722507,-0.39801419303749314,0.6609618299894272,0.6047904191616766,-0.19824856160722507,-0.39801419303749314
222,cg222,ECG,FeatureAblation,28,25,699,501,False,0.7167381974248928,0.9980838323353294,0.998003992015968,0.07921742774831972,0.9827702284179519,0.7245508982035929,0.9455701385868226,0.02777693174549996,0.9813816747464762,0.8223552894211577,0.9406347370764429,0.37550635031827717
222,cg222,ECG,KernelSHAP,28,25,699,501,False,0.7167381974248928,0.9980838323353294,0.998003992015968,0.08788593492102031,0.800126889133727,0.8003992015968064,0.296392342235486,0.29744464410806215,0.7946311285346375,0.8483033932135728,0.27685850229928427,0.46776109402125904
222,cg222,ECG,MPNative,28,25,699,501,False,0.7167381974248928,0.9980838323353294,0.998003992015968,0.0,0.9118522247756825,0.6846307385229541,0.6935029484743995,-0.11415344318216453,0.9118522247756825,0.6846307385229541,0.6935029484743995,-0.11415344318216453
223,cg223,ECG,Random,28,25,699,501,False,0.7167381974248928,0.9980838323353294,0.998003992015968,0.0,0.8070439330551191,0.7984031936127745,0.32097791621673544,0.29034812536167875,0.8070439330551191,0.7984031936127745,0.32097791621673544,0.29034812536167875
223,cg223,ECG,FeatureAblation,28,25,699,501,False,0.7167381974248928,0.9980838323353294,0.998003992015968,0.9674653200666474,1.0,0.7365269461077845,1.0068107246991076,0.0703560442237992,0.578391169224425,0.6926147704590818,-0.49173333805057623,-0.08576736819663171
223,cg223,ECG,KernelSHAP,28,25,699,501,False,0.7167381974248928,0.9980838323353294,0.998003992015968,0.2738616572956137,0.8620407113823803,0.8423153692614771,0.5164555476531314,0.44647153778210963,0.7316449933820723,0.7005988023952096,0.05298392477965761,-0.05738129321109889
223,cg223,ECG,MPNative,28,25,699,501,False,0.7167381974248928,0.9980838323353294,0.998003992015968,0.0,1.0,0.7604790419161677,1.0068107246991076,0.15551426918039765,1.0,0.7604790419161677,1.0068107246991076,0.15551426918039765
224,cg224,ECG,Random,28,25,699,501,False,0.7167381974248928,0.9980838323353294,0.998003992015968,0.0,0.7592492957582211,0.8003992015968064,0.15109919280198283,0.29744464410806215,0.7592492957582211,0.8003992015968064,0.15109919280198283,0.29744464410806215
224,cg224,ECG,FeatureAblation,28,25,699,501,False,0.7167381974248928,0.9980838323353294,0.998003992015968,0.1912104705755653,0.9999999999999998,0.7345309381237525,1.0068107246991067,0.06325952547741578,0.9999999999999932,0.7644710578842315,1.0068107246990836,0.16970730667316405
224,cg224,ECG,KernelSHAP,28,25,699,501,False,0.7167381974248928,0.9980838323353294,0.998003992015968,0.3306426616887547,0.9361420523083791,0.8542914171656687,0.7798374229382703,0.48905065026040884,0.7245082741563371,0.7045908183632734,0.02761754854991045,-0.04318825571833248
224,cg224,ECG,MPNative,28,25,699,501,False,0.7167381974248928,0.9980838323353294,0.998003992015968,0.0,0.9999999999999994,0.7405189620758483,1.0068107246991056,0.0845490817165656,0.9999999999999994,0.7405189620758483,1.0068107246991056,0.0845490817165656
225,cg225,ECG,Random,20,25,499,301,False,0.6032064128256514,0.996810631229236,0.9966777408637874,0.0,0.6817270792745829,0.6710963455149501,0.1994914250853375,0.1725409905412949,0.6817270792745829,0.6710963455149501,0.1994914250853375,0.1725409905412949
225,cg225,ECG,FeatureAblation,20,25,499,301,False,0.6032064128256514,0.996810631229236,0.9966777408637874,0.23099191365390367,0.9999999999999968,0.7475083056478405,1.0081029842202824,0.366740553985685,0.9999999999999976,0.7840531561461794,1.0081029842202842,0.4596186060677846
225,cg225,ECG,KernelSHAP,20,25,499,301,False,0.6032064128256514,0.996810631229236,0.9966777408637874,0.04033314220173627,0.8925501176195577,0.8338870431893688,0.7351133226352415,0.5862704952706476,0.8577889976457416,0.7541528239202658,0.6467984155572548,0.3836274725460669
225,cg225,ECG,MPNative,20,25,499,301,False,0.6032064128256514,0.996810631229236,0.9966777408637874,0.0,1.0,0.6976744186046512,1.0081029842202904,0.240088664782822,1.0,0.6976744186046512,1.0081029842202904,0.240088664782822
226,cg226,ECG,Random,14,50,699,301,False,0.43061516452074394,0.9967441860465115,0.9966777408637874,0.0,0.4630077666867829,0.5049833887043189,0.05721770291644481,0.1313780972132427,0.4630077666867829,0.5049833887043189,0.05721770291644481,0.1313780972132427
226,cg226,ECG,FeatureAblation,14,50,699,301,False,0.43061516452074394,0.9967441860465115,0.9966777408637874,0.5823580663649546,0.9999999999999954,0.6677740863787376,1.0057510105111893,0.4189623758385882,0.9999999999999967,0.9966777408637874,1.0057510105111915,1.0
226,cg226,ECG,KernelSHAP,14,50,699,301,False,0.43061516452074394,0.9967441860465115,0.9966777408637874,0.17334532513592824,0.7922267890432015,0.6677740863787376,0.6387441921770456,0.4189623758385882,0.6960446225928573,0.6677740863787376,0.468849763887316,0.4189623758385882
226,cg226,ECG,MPNative,14,50,699,301,False,0.43061516452074394,0.9967441860465115,0.9966777408637874,0.0,1.0,0.8504983388704319,1.0057510105111975,0.7417610559282615,1.0,0.8504983388704319,1.0057510105111975,0.7417610559282615
227,cg227,ECG,Random,10,58,563,101,False,0.17939609236234458,0.8755547968589964,0.8613861386138614,0.0,0.1428841564933027,0.0,-0.052447718649788845,-0.26304796286745746,0.1428841564933027,0.0,-0.052447718649788845,-0.26304796286745746
227,cg227,ECG,FeatureAblation,10,58,563,101,False,0.17939609236234458,0.8755547968589964,0.8613861386138614,2.3848458737823195e-15,0.18251133895417385,0.4158415841584158,0.004474908626017547,0.3466993295513151,0.18251133895417462,0.4158415841584158,0.004474908626018664,0.3466993295513151
227,cg227,ECG,KernelSHAP,10,58,563,101,False,0.17939609236234458,0.8755547968589964,0.8613861386138614,0.05148326643586639,0.34580978975508014,0.8415841584158416,0.23904563186214664,0.9709644146467251,0.32800637221298845,0.8415841584158416,0.21347184038745093,0.9709644146467251
227,cg227,ECG,MPNative,10,58,563,101,False,0.17939609236234458,0.8755547968589964,0.8613861386138614,0.0,0.08979120679715313,0.0,-0.12871330199049805,-0.26304796286745746,0.08979120679715313,0.0,-0.12871330199049805,-0.26304796286745746
228,cg228,ECG,Random,31,1,31,21,False,0.6774193548387096,1.0,1.0,0.0,0.6849866206367888,0.7142857142857143,0.023458523974045527,0.11428571428571446,0.6849866206367888,0.7142857142857143,0.023458523974045527,0.11428571428571446
228,cg228,ECG,FeatureAblation,31,1,31,21,False,0.6774193548387096,1.0,1.0,0.12908156594984124,0.20846471230247213,0.6666666666666666,-1.4537593918623362,-0.0333333333333333,0.3106373267429944,0.6666666666666666,-1.137024287096717,-0.0333333333333333
228,cg228,ECG,KernelSHAP,31,1,31,21,False,0.6774193548387096,1.0,1.0,0.3988615534216681,0.5867719837371859,0.7142857142857143,-0.2810068504147236,0.11428571428571446,0.678924125410296,0.6666666666666666,0.004664788771917771,-0.0333333333333333
228,cg228,ECG,MPNative,31,1,31,21,False,0.6774193548387096,1.0,1.0,0.0,0.09860280344615323,0.5714285714285714,-1.7943313093169246,-0.32857142857142846,0.09860280344615323,0.5714285714285714,-1.7943313093169246,-0.32857142857142846
229,cg229,ECG,Random,21,1,21,11,False,0.5238095238095238,1.0,1.0,0.0,0.5901382853652168,0.6363636363636364,0.13929039926695533,0.2363636363636363,0.5901382853652168,0.6363636363636364,0.13929039926695533,0.2363636363636363
229,cg229,ECG,FeatureAblation,21,1,21,11,False,0.5238095238095238,1.0,1.0,0.5833398348497395,0.3106421243080472,0.45454545454545453,-0.44765153895310095,-0.14545454545454556,0.588613348401313,0.45454545454545453,0.13608803164275718,-0.14545454545454556
229,cg229,ECG,KernelSHAP,21,1,21,11,False,0.5238095238095238,1.0,1.0,0.4333039952977828,0.5678111512111981,0.5454545454545454,0.0924034175435159,0.04545454545454532,0.7321289428567126,0.7272727272727273,0.4374707799990964,0.4272727272727273
229,cg229,ECG,MPNative,21,1,21,11,False,0.5238095238095238,1.0,1.0,0.0,0.35387620190957925,0.5454545454545454,-0.35685997598988367,0.04545454545454532,0.35387620190957925,0.5454545454545454,-0.35685997598988367,0.04545454545454532
230,cg230,ECG,Random,56,2,111,101,False,0.9099099099099099,0.995049504950495,1.0,0.0,0.9153552631596602,0.900990099009901,0.0639579416269777,-0.09900990099009914,0.9153552631596602,0.900990099009901,0.0639579416269777,-0.09900990099009914
230,cg230,ECG,FeatureAblation,56,2,111,101,False,0.9099099099099099,0.995049504950495,1.0,0.6738997961204125,0.5000000000030778,0.9108910891089109,-4.814562598182816,0.010891089108910894,0.8369498980612099,0.9207920792079208,-0.856945723243349,0.12079207920792093
230,cg230,ECG,KernelSHAP,56,2,111,101,False,0.9099099099099099,0.995049504950495,1.0,0.43375379688703397,0.8929137281950837,0.9207920792079208,-0.1996272322733542,0.12079207920792093,0.9292430481685817,0.900990099009901,0.2270757601026395,-0.09900990099009914
230,cg230,ECG,MPNative,56,2,111,101,False,0.9099099099099099,0.995049504950495,1.0,0.0,0.9652815877475525,0.9108910891089109,0.6503634156498801,0.010891089108910894,0.9652815877475525,0.9108910891089109,0.6503634156498801,0.010891089108910894
232,cg231,ECG,Random,55,5,271,261,False,0.9630996309963099,0.9969348659003832,0.9961685823754789,0.0,0.9319178705690428,0.9616858237547893,-0.9215765906656449,-0.04275331338178509,0.9319178705690428,0.9616858237547893,-0.9215765906656449,-0.04275331338178509
232,cg231,ECG,FeatureAblation,55,5,271,261,False,0.9630996309963099,0.9969348659003832,0.9961685823754789,7.169851193082699e-12,0.9999999999999999,0.9655172413793104,1.090590005014203,0.07310816588285882,1.0,0.9655172413793104,1.090590005014206,0.07310816588285882
232,cg231,ECG,KernelSHAP,55,5,271,261,False,0.9630996309963099,0.9969348659003832,0.9961685823754789,0.2806599742377332,0.9768531544015443,0.9655172413793104,0.40648523482184173,0.07310816588285882,0.9601339945496269,0.9616858237547893,-0.08764935296270102,-0.04275331338178509
232,cg231,ECG,MPNative,55,5,271,261,False,0.9630996309963099,0.9969348659003832,0.9961685823754789,0.0,1.0,0.9655172413793104,1.090590005014206,0.07310816588285882,1.0,0.9655172413793104,1.090590005014206,0.07310816588285882
233,cg233,ECG,Random,9,28,226,2,True,0.008849557522123894,0.07142857142857142,0.0,0.0,0.01055143667302697,0.0,0.027195685017461283,,0.01055143667302697,0.0,0.027195685017461283,
233,cg233,ECG,FeatureAblation,9,28,226,2,True,0.008849557522123894,0.07142857142857142,0.0,0.20979301233563089,0.06036964955568719,0.0,0.8232806625969408,,0.04770451892175319,0.0,0.6208944336789247,
233,cg233,ECG,KernelSHAP,9,28,226,2,True,0.008849557522123894,0.07142857142857142,0.0,0.0468716949135115,0.043337862090248244,0.0,0.551116139664371,,0.041306543040150294,0.0,0.5186560716112906,
233,cg233,ECG,MPNative,9,28,226,2,True,0.008849557522123894,0.07142857142857142,0.0,0.0,0.041968620845812876,0.5,0.5292359411926866,,0.041968620845812876,0.5,0.5292359411926866,
234,cg234,ECG,Random,9,28,230,2,True,0.008695652173913044,0.07142857142857142,0.5,0.0,0.0016301784100688668,0.0,-0.11262784910682302,-0.017699115044247787,0.0016301784100688668,0.0,-0.11262784910682302,-0.017699115044247787
234,cg234,ECG,FeatureAblation,9,28,230,2,True,0.008695652173913044,0.07142857142857142,0.5,0.10399598270604876,0.0703683304779286,0.0,0.9830991294006443,-0.017699115044247787,0.06305030679849241,0.0,0.8664454846096317,-0.017699115044247787
234,cg234,ECG,KernelSHAP,9,28,230,2,True,0.008695652173913044,0.07142857142857142,0.5,0.11883381764678241,0.06020771432642644,0.0,0.8211328719361047,-0.017699115044247787,0.05305300178123029,0.0,0.7070825036413939,-0.017699115044247787
234,cg234,ECG,MPNative,9,28,230,2,True,0.008695652173913044,0.07142857142857142,0.5,0.0,0.05734337792893591,0.0,0.775473648174127,-0.017699115044247787,0.05734337792893591,0.0,0.775473648174127,-0.017699115044247787
235,cg235,ECG,Random,9,28,228,2,True,0.008771929824561403,0.07142857142857142,0.0,0.0,0.0052374493444527475,0.0,-0.05641030846253414,,0.0052374493444527475,0.0,-0.05641030846253414,
235,cg235,ECG,FeatureAblation,9,28,228,2,True,0.008771929824561403,0.07142857142857142,0.0,0.000298877343880107,0.07042192285017725,0.0,0.9839338886888289,,0.07040087533292483,0.0,0.9835979703134803,
235,cg235,ECG,KernelSHAP,9,28,228,2,True,0.008771929824561403,0.07142857142857142,0.0,0.10164305587969448,0.04762773430518835,0.0,0.6201386395108062,,0.042786705845782855,0.0,0.5428758252986944,
235,cg235,ECG,MPNative,9,28,228,2,True,0.008771929824561403,0.07142857142857142,0.0,0.0,0.06795514804123871,0.0,0.9445641627381699,,0.06795514804123871,0.0,0.9445641627381699,
236,cg236,ECG,Random,10,28,269,41,False,0.1524163568773234,0.784843205574913,0.7804878048780488,0.0,0.16845932368699298,0.0,0.02536730823921884,-0.24267359607333616,0.16845932368699298,0.0,0.02536730823921884,-0.24267359607333616
236,cg236,ECG,FeatureAblation,10,28,269,41,False,0.1524163568773234,0.784843205574913,0.7804878048780488,0.020122265469032306,0.698164474129521,0.7804878048780488,0.862942676099383,1.0,0.6841158232400393,0.7804878048780488,0.8407288012165989,1.0
236,cg236,ECG,KernelSHAP,10,28,269,41,False,0.1524163568773234,0.784843205574913,0.7804878048780488,0.028519423554201073,0.727450361611942,0.8048780487804879,0.9092498301089444,1.0388335498772918,0.7067038966344743,0.8048780487804879,0.8764453009840464,1.0388335498772918
236,cg236,ECG,MPNative,10,28,269,41,False,0.1524163568773234,0.784843205574913,0.7804878048780488,0.0,0.6612266922185697,0.8048780487804879,0.8045362659556321,1.0388335498772918,0.6612266922185697,0.8048780487804879,0.8045362659556321,1.0388335498772918
237,cg237,ECG,Random,40,26,1021,811,False,0.7943192948090108,0.9931233994119323,0.9938347718865598,0.0,0.7899248058553672,0.7755856966707768,-0.022104618827769432,-0.09389546321237245,0.7899248058553672,0.7755856966707768,-0.022104618827769432,-0.09389546321237245
237,cg237,ECG,FeatureAblation,40,26,1021,811,False,0.7943192948090108,0.9931233994119323,0.9938347718865598,0.724792467847044,0.9999999999996979,0.781750924784217,1.0345898320434606,-0.06299446142671207,0.9999999999999163,0.8249075215782984,1.034589832044559,0.15331255107290945
237,cg237,ECG,KernelSHAP,40,26,1021,811,False,0.7943192948090108,0.9931233994119323,0.9938347718865598,0.18574462099209635,0.9551103931445394,0.8471023427866831,0.8087916426910922,0.26455615750128614,0.8901226144162016,0.8051787916152897,0.48189809661396155,0.05442934535879647
237,cg237,ECG,MPNative,40,26,1021,811,False,0.7943192948090108,0.9931233994119323,0.9938347718865598,0.0,1.0000000000000002,0.8002466091245376,1.0345898320449813,0.029708543930268505,1.0000000000000002,0.8002466091245376,1.0345898320449813,0.029708543930268505
238,cg238,ECG,Random,15,28,409,181,False,0.44254278728606355,0.9512628255722181,0.9613259668508287,0.0,0.4228537848324516,0.3701657458563536,-0.038703021252991986,-0.1395130842338237,0.4228537848324516,0.3701657458563536,-0.038703021252991986,-0.1395130842338237
238,cg238,ECG,FeatureAblation,15,28,409,181,False,0.44254278728606355,0.9512628255722181,0.9613259668508287,2.0719798181523894e-15,0.7594062578596796,0.47513812154696133,0.622864142802609,0.06283036063012633,0.759406257859678,0.4530386740331492,0.6228641428026057,0.020231740658768434
238,cg238,ECG,KernelSHAP,15,28,409,181,False,0.44254278728606355,0.9512628255722181,0.9613259668508287,0.03602465214706273,0.7810429368470795,0.7016574585635359,0.6653957463547169,0.4994662153365447,0.7542532685232042,0.7016574585635359,0.6127348202899052,0.4994662153365447
238,cg238,ECG,MPNative,15,28,409,181,False,0.44254278728606355,0.9512628255722181,0.9613259668508287,0.0,0.8829369542679703,0.5414364640883977,0.8656906232071507,0.1906262205441999,0.8829369542679703,0.5414364640883977,0.8656906232071507,0.1906262205441999
239,cg239,Gait,Random,11,31,313,65,False,0.20766773162939298,0.9583126550868487,0.9538461538461539,0.0,0.19879574062872718,0.0,-0.011819158064510156,-0.2783084118305777,0.19879574062872718,0.0,-0.011819158064510156,-0.2783084118305777
239,cg239,Gait,FeatureAblation,11,31,313,65,False,0.20766773162939298,0.9583126550868487,0.9538461538461539,0.6544901531164339,0.29208229240916633,0.49230769230769234,0.11245604698285516,0.38146367169488177,0.16425506488089536,0.09230769230769231,-0.05783382447794322,-0.15460114616955403
239,cg239,Gait,KernelSHAP,11,31,313,65,False,0.20766773162939298,0.9583126550868487,0.9538461538461539,0.06839461435928093,0.8882793930675527,0.9538461538461539,0.9067025435984777,1.0,0.829390610092326,0.9538461538461539,0.8282516260807968,1.0
239,cg239,Gait,MPNative,11,31,313,65,False,0.20766773162939298,0.9583126550868487,0.9538461538461539,0.0,0.4042334958513803,0.046153846153846156,0.2618625105950351,-0.21645477900006588,0.4042334958513803,0.046153846153846156,0.2618625105950351,-0.21645477900006588
240,cg240,Gait,Random,12,31,349,101,False,0.28939828080229224,0.9412328329607149,0.9504950495049505,0.0,0.3190549999838344,0.3069306930693069,0.04549731075675528,0.026520190533407744,0.3190549999838344,0.3069306930693069,0.04549731075675528,0.026520190533407744
240,cg240,Gait,FeatureAblation,12,31,349,101,False,0.28939828080229224,0.9412328329607149,0.9504950495049505,0.1466436489382037,0.25806451612903225,0.3069306930693069,-0.048070119280274964,0.026520190533407744,0.36686464276060265,0.48514851485148514,0.11884359566671589,0.2960992146933871
240,cg240,Gait,KernelSHAP,12,31,349,101,False,0.28939828080229224,0.9412328329607149,0.9504950495049505,0.14443156594076312,0.3346030709805312,0.46534653465346537,0.06935009816302641,0.2661459897867228,0.4076024350472885,0.46534653465346537,0.18134073110053203,0.2661459897867228
240,cg240,Gait,MPNative,12,31,349,101,False,0.28939828080229224,0.9412328329607149,0.9504950495049505,0.0,0.36968217237486617,0.46534653465346537,0.12316605694915914,0.2661459897867228,0.36968217237486617,0.46534653465346537,0.12316605694915914,0.2661459897867228
241,cg241,Gait,Random,63,31,1949,1701,False,0.8727552591072345,0.997951868919611,0.9976484420928865,0.0,0.846392437331687,0.8565549676660787,-0.21057137102239143,-0.12971317612280633,0.846392437331687,0.8565549676660787,-0.21057137102239143,-0.12971317612280633
241,cg241,Gait,FeatureAblation,63,31,1949,1701,False,0.8727552591072345,0.997951868919611,0.9976484420928865,0.0,1.0000000000000002,0.8700764256319812,1.0163593174244787,-0.021448996744370577,1.0000000000000002,0.8700764256319812,1.0163593174244787,-0.021448996744370577
241,cg241,Gait,KernelSHAP,63,31,1949,1701,False,0.8727552591072345,0.997951868919611,0.9976484420928865,0.2581145518012791,0.9685194132771118,0.8724279835390947,0.7649101226733888,-0.002620443808990174,0.9555512413490285,0.8724279835390947,0.6613276698616248,-0.002620443808990174
241,cg241,Gait,MPNative,63,31,1949,1701,False,0.8727552591072345,0.997951868919611,0.9976484420928865,0.0,1.0,0.8747795414462081,1.016359317424477,0.01620810912638934,1.0,0.8747795414462081,1.016359317424477,0.01620810912638934
242,cg242,ABP,Random,12,67,797,261,False,0.32747804265997493,0.9759821581746438,0.9731800766283525,0.0,0.39957703397844396,0.2567049808429119,0.11117738437365118,-0.1096063789393748,0.39957703397844396,0.2567049808429119,0.11117738437365118,-0.1096063789393748
242,cg242,ABP,FeatureAblation,12,67,797,261,False,0.32747804265997493,0.9759821581746438,0.9731800766283525,0.3975306138963169,0.9999999999999952,0.5632183908045977,1.0370357585260508,0.3650915371844219,0.9946318832231296,0.7701149425287356,1.0287580673773902,0.6855126305679846
242,cg242,ABP,KernelSHAP,12,67,797,261,False,0.32747804265997493,0.9759821581746438,0.9731800766283525,0.09673999961629967,0.7798980309585624,0.5134099616858238,0.6976362639418807,0.28795312581430493,0.7577045329335474,0.5134099616858238,0.6634136622743467,0.28795312581430493
242,cg242,ABP,MPNative,12,67,797,261,False,0.32747804265997493,0.9759821581746438,0.9731800766283525,0.0,0.9539998028370421,0.7701149425287356,0.9661029825228542,0.6855126305679846,0.9539998028370421,0.7701149425287356,0.9661029825228542,0.6855126305679846
243,cg243,ABP,Random,9,62,544,46,True,0.08455882352941177,0.741935483870968,0.6956521739130435,0.0,0.11389499417052427,0.0,0.04462612138658859,-0.1383730054930683,0.11389499417052427,0.0,0.04462612138658859,-0.1383730054930683
243,cg243,ABP,FeatureAblation,9,62,544,46,True,0.08455882352941177,0.741935483870968,0.6956521739130435,0.07693991477083927,0.6554165112771837,0.7391304347826086,0.8683875199511476,1.0711483128433168,0.6049888207601163,0.7391304347826086,0.7916770226681037,1.0711483128433168
243,cg243,ABP,KernelSHAP,9,62,544,46,True,0.08455882352941177,0.741935483870968,0.6956521739130435,0.09038246757927416,0.6172284489689852,0.6956521739130435,0.8102959194852033,1.0,0.5614418186910403,0.6956521739130435,0.7254334142527241,1.0
243,cg243,ABP,MPNative,9,62,544,46,True,0.08455882352941177,0.741935483870968,0.6956521739130435,0.0,0.49776229394565247,0.8043478260869565,0.6285642544740647,1.177870782108292,0.49776229394565247,0.8043478260869565,0.6285642544740647,1.177870782108292
244,cg244,ABP,Random,15,41,591,261,False,0.4416243654822335,0.9588823474441642,0.9540229885057471,0.0,0.47316834848346995,0.5210727969348659,0.06098307633957021,0.15505200030365135,0.47316834848346995,0.5210727969348659,0.06098307633957021,0.15505200030365135
244,cg244,ABP,FeatureAblation,15,41,591,261,False,0.4416243654822335,0.9588823474441642,0.9540229885057471,0.2964802669562226,0.8139456219610247,0.8544061302681992,0.7197979914521521,0.8055871859105748,0.5726268066741779,0.4329501915708812,0.253263256943971,-0.01692856600622486
244,cg244,ABP,KernelSHAP,15,41,591,261,False,0.4416243654822335,0.9588823474441642,0.9540229885057471,0.09870601127443991,0.4515511603912232,0.4329501915708812,0.019191187483154834,-0.01692856600622486,0.4719043971484865,0.4329501915708812,0.058539515526473865,-0.01692856600622486
244,cg244,ABP,MPNative,15,41,591,261,False,0.4416243654822335,0.9588823474441642,0.9540229885057471,0.0,0.47764355952485893,0.4827586206896552,0.06963487331023223,0.08027784103848788,0.47764355952485893,0.4827586206896552,0.06963487331023223,0.08027784103848788
245,cg245,ABP,Random,15,41,601,271,False,0.4509151414309484,0.9612996129961301,0.9630996309963099,0.0,0.3088687082128631,0.15129151291512916,-0.27831260771409344,-0.5849916087269239,0.3088687082128631,0.15129151291512916,-0.27831260771409344,-0.5849916087269239
245,cg245,ABP,FeatureAblation,15,41,601,271,False,0.4509151414309484,0.9612996129961301,0.9630996309963099,0.3379725589589644,0.6963356546526914,0.5202952029520295,0.4808541930539517,0.13545912251258682,0.7722396926687669,0.4944649446494465,0.6295735257235031,0.0850275713258212
245,cg245,ABP,KernelSHAP,15,41,601,271,False,0.4509151414309484,0.9612996129961301,0.9630996309963099,0.014909264164449454,0.5331923927172271,0.6605166051660517,0.16120641569278416,0.40923040038360115,0.5401521506481806,0.6605166051660517,0.17484271992753134,0.40923040038360115
245,cg245,ABP,MPNative,15,41,601,271,False,0.4509151414309484,0.9612996129961301,0.9630996309963099,0.0,0.4886457910717955,0.5276752767527675,0.07392593572672691,0.14986813713737707,0.4886457910717955,0.5276752767527675,0.07392593572672691,0.14986813713737707
246,cg246,ABP,Random,13,59,741,271,False,0.3657219973009447,0.9432109575333042,0.948339483394834,0.0,0.5473636527982745,0.6531365313653137,0.31453701803103584,0.4933160108037882,0.5473636527982745,0.6531365313653137,0.31453701803103584,0.4933160108037882
246,cg246,ABP,FeatureAblation,13,59,741,271,False,0.3657219973009447,0.9432109575333042,0.948339483394834,0.5908829698365655,0.9999999999999998,0.5608856088560885,1.0983378841456048,0.33497726417997187,0.5474265190018094,0.7859778597785978,0.3146458793389812,0.7213238059420835
246,cg246,ABP,KernelSHAP,13,59,741,271,False,0.3657219973009447,0.9432109575333042,0.948339483394834,0.205857624937461,0.8548677044366808,0.7232472324723247,0.8470217455566987,0.6136534582378884,0.6821709789039486,0.6568265682656826,0.5479740798433219,0.4996495606687407
246,cg246,ABP,MPNative,13,59,741,271,False,0.3657219973009447,0.9432109575333042,0.948339483394834,0.0,0.8814820249084593,0.43911439114391143,0.8931080299786033,0.12597011863653454,0.8814820249084593,0.43911439114391143,0.8931080299786033,0.12597011863653454
248,cg248,Gait,Random,9,6,52,6,False,0.11538461538461539,0.7222222222222223,0.8333333333333334,0.0,0.1423470484325264,0.0,0.044431051642332235,-0.16071428571428573,0.1423470484325264,0.0,0.044431051642332235,-0.16071428571428573
248,cg248,Gait,FeatureAblation,9,6,52,6,False,0.11538461538461539,0.7222222222222223,0.8333333333333334,0.47383900993568373,0.8304674087102814,0.8333333333333334,1.17837587069159,1.0,0.48227197960978796,0.8333333333333334,0.6045890368217631,1.0
248,cg248,Gait,KernelSHAP,9,6,52,6,False,0.11538461538461539,0.7222222222222223,0.8333333333333334,0.15318741145907763,0.8006538411132246,0.8333333333333334,1.1292464705668628,1.0,0.6948550572447167,0.8333333333333334,0.9549019957412936,1.0
248,cg248,Gait,MPNative,9,6,52,6,False,0.11538461538461539,0.7222222222222223,0.8333333333333334,0.0,0.2650314678179525,0.8333333333333334,0.24660115119296394,1.0,0.2650314678179525,0.8333333333333334,0.24660115119296394,1.0
249,cg249,Gait,Random,13,6,77,31,False,0.4025974025974026,0.9731182795698929,0.967741935483871,0.0,0.3757336596030008,0.41935483870967744,-0.04708634526567401,0.029651593773165296,0.3757336596030008,0.41935483870967744,-0.04708634526567401,0.029651593773165296
249,cg249,Gait,FeatureAblation,13,6,77,31,False,0.4025974025974026,0.9731182795698929,0.967741935483871,0.6708077894513766,0.014478846624801527,0.3548387096774194,-0.6802880869709446,-0.08450704225352114,0.5624166865813159,0.45161290322580644,0.2801287217253218,0.08673091178650846
249,cg249,Gait,KernelSHAP,13,6,77,31,False,0.4025974025974026,0.9731182795698929,0.967741935483871,0.2187118692070634,0.4783898932025322,0.5806451612903226,0.13284788281075333,0.3150481838398814,0.49643305270380816,0.6129032258064516,0.16447364836910283,0.3721275018532246
249,cg249,Gait,MPNative,13,6,77,31,False,0.4025974025974026,0.9731182795698929,0.967741935483871,0.0,0.3130905580336319,0.5806451612903226,-0.1568861862492135,0.3150481838398814,0.3130905580336319,0.5806451612903226,-0.1568861862492135,0.3150481838398814
250,cg250,Gait,Random,9,6,53,7,False,0.1320754716981132,0.8809523809523809,1.0,0.0,0.09198541437823426,0.0,-0.053533573841661984,-0.15217391304347824,0.09198541437823426,0.0,-0.053533573841661984,-0.15217391304347824
250,cg250,Gait,FeatureAblation,9,6,53,7,False,0.1320754716981132,0.8809523809523809,1.0,0.5685268024508328,0.8389364953766812,0.8571428571428571,0.9438948042642427,0.8354037267080745,0.3682066445302014,0.14285714285714285,0.3153137316881994,0.012422360248447197
250,cg250,Gait,KernelSHAP,9,6,53,7,False,0.1320754716981132,0.8809523809523809,1.0,0.06778179850020148,0.2490039300893041,0.0,0.15613842134300596,-0.15217391304347824,0.23212599587423247,0.0,0.13360075993763734,-0.15217391304347824
250,cg250,Gait,MPNative,9,6,53,7,False,0.1320754716981132,0.8809523809523809,1.0,0.0,0.4728763716500271,0.2857142857142857,0.4550826654426876,0.17701863354037264,0.4728763716500271,0.2857142857142857,0.4550826654426876,0.17701863354037264
