part,ops,n_const_train_gt0,gt_ge_w,before_lt_root_w,n,n_series,reversal,reversal_rate,am,rev_pos,rev_neg,rev_zero,rev_n,p_neg_rev,norev_pos,norev_neg,norev_zero,norev_n,p_neg_norev,diff_p_neg,series_id,op,L,w,resp_after,root_w
1_cells,B1–B3,False,True,True,123,41,123,1,,,,,,,,,,,,,,,,,,
1_cells,B1–B3,False,True,False,48,16,28,0.5833333333,,,,,,,,,,,,,,,,,,
1_cells,B1–B3,False,False,True,60,20,40,0.6666666667,,,,,,,,,,,,,,,,,,
1_cells,B1–B3,False,False,False,21,7,15,0.7142857143,,,,,,,,,,,,,,,,,,
1_cells,B1–B3,True,True,True,9,3,0,0,,,,,,,,,,,,,,,,,,
1_cells,B1–B3,True,True,False,0,0,0,,,,,,,,,,,,,,,,,,,
1_cells,B1–B3,True,False,True,6,2,6,1,,,,,,,,,,,,,,,,,,
1_cells,B1–B3,True,False,False,0,0,0,,,,,,,,,,,,,,,,,,,
1_cells,B1_zero,False,True,True,41,41,41,1,,,,,,,,,,,,,,,,,,
1_cells,B1_zero,False,True,False,16,16,9,0.5625,,,,,,,,,,,,,,,,,,
1_cells,B1_zero,False,False,True,20,20,17,0.85,,,,,,,,,,,,,,,,,,
1_cells,B1_zero,False,False,False,7,7,5,0.7142857143,,,,,,,,,,,,,,,,,,
1_cells,B1_zero,True,True,True,3,3,0,0,,,,,,,,,,,,,,,,,,
1_cells,B1_zero,True,True,False,0,0,0,,,,,,,,,,,,,,,,,,,
1_cells,B1_zero,True,False,True,2,2,2,1,,,,,,,,,,,,,,,,,,
1_cells,B1_zero,True,False,False,0,0,0,,,,,,,,,,,,,,,,,,,
1_cells,B2_global_mean,False,True,True,41,41,41,1,,,,,,,,,,,,,,,,,,
1_cells,B2_global_mean,False,True,False,16,16,10,0.625,,,,,,,,,,,,,,,,,,
1_cells,B2_global_mean,False,False,True,20,20,11,0.55,,,,,,,,,,,,,,,,,,
1_cells,B2_global_mean,False,False,False,7,7,5,0.7142857143,,,,,,,,,,,,,,,,,,
1_cells,B2_global_mean,True,True,True,3,3,0,0,,,,,,,,,,,,,,,,,,
1_cells,B2_global_mean,True,True,False,0,0,0,,,,,,,,,,,,,,,,,,,
1_cells,B2_global_mean,True,False,True,2,2,2,1,,,,,,,,,,,,,,,,,,
1_cells,B2_global_mean,True,False,False,0,0,0,,,,,,,,,,,,,,,,,,,
1_cells,B3_local_mean,False,True,True,41,41,41,1,,,,,,,,,,,,,,,,,,
1_cells,B3_local_mean,False,True,False,16,16,9,0.5625,,,,,,,,,,,,,,,,,,
1_cells,B3_local_mean,False,False,True,20,20,12,0.6,,,,,,,,,,,,,,,,,,
1_cells,B3_local_mean,False,False,False,7,7,5,0.7142857143,,,,,,,,,,,,,,,,,,
1_cells,B3_local_mean,True,True,True,3,3,0,0,,,,,,,,,,,,,,,,,,
1_cells,B3_local_mean,True,True,False,0,0,0,,,,,,,,,,,,,,,,,,,
1_cells,B3_local_mean,True,False,True,2,2,2,1,,,,,,,,,,,,,,,,,,
1_cells,B3_local_mean,True,False,False,0,0,0,,,,,,,,,,,,,,,,,,,
1_cells,B4_linear_interp,False,True,True,41,41,29,0.7073170732,,,,,,,,,,,,,,,,,,
1_cells,B4_linear_interp,False,True,False,16,16,6,0.375,,,,,,,,,,,,,,,,,,
1_cells,B4_linear_interp,False,False,True,20,20,11,0.55,,,,,,,,,,,,,,,,,,
1_cells,B4_linear_interp,False,False,False,7,7,4,0.5714285714,,,,,,,,,,,,,,,,,,
1_cells,B4_linear_interp,True,True,True,3,3,0,0,,,,,,,,,,,,,,,,,,
1_cells,B4_linear_interp,True,True,False,0,0,0,,,,,,,,,,,,,,,,,,,
1_cells,B4_linear_interp,True,False,True,2,2,0,0,,,,,,,,,,,,,,,,,,
1_cells,B4_linear_interp,True,False,False,0,0,0,,,,,,,,,,,,,,,,,,,
1_cells,B5_gaussian,False,True,True,41,41,40,0.9756097561,,,,,,,,,,,,,,,,,,
1_cells,B5_gaussian,False,True,False,16,16,14,0.875,,,,,,,,,,,,,,,,,,
1_cells,B5_gaussian,False,False,True,20,20,15,0.75,,,,,,,,,,,,,,,,,,
1_cells,B5_gaussian,False,False,False,7,7,7,1,,,,,,,,,,,,,,,,,,
1_cells,B5_gaussian,True,True,True,3,3,1,0.3333333333,,,,,,,,,,,,,,,,,,
1_cells,B5_gaussian,True,True,False,0,0,0,,,,,,,,,,,,,,,,,,,
1_cells,B5_gaussian,True,False,True,2,2,2,1,,,,,,,,,,,,,,,,,,
1_cells,B5_gaussian,True,False,False,0,0,0,,,,,,,,,,,,,,,,,,,
1_cells,B6_shuffle,False,True,True,41,41,41,1,,,,,,,,,,,,,,,,,,
1_cells,B6_shuffle,False,True,False,16,16,14,0.875,,,,,,,,,,,,,,,,,,
1_cells,B6_shuffle,False,False,True,20,20,14,0.7,,,,,,,,,,,,,,,,,,
1_cells,B6_shuffle,False,False,False,7,7,7,1,,,,,,,,,,,,,,,,,,
1_cells,B6_shuffle,True,True,True,3,3,2,0.6666666667,,,,,,,,,,,,,,,,,,
1_cells,B6_shuffle,True,True,False,0,0,0,,,,,,,,,,,,,,,,,,,
1_cells,B6_shuffle,True,False,True,2,2,0,0,,,,,,,,,,,,,,,,,,
1_cells,B6_shuffle,True,False,False,0,0,0,,,,,,,,,,,,,,,,,,,
1_cells,B4–B6,False,True,True,123,41,110,0.8943089431,,,,,,,,,,,,,,,,,,
1_cells,B4–B6,False,True,False,48,16,34,0.7083333333,,,,,,,,,,,,,,,,,,
1_cells,B4–B6,False,False,True,60,20,40,0.6666666667,,,,,,,,,,,,,,,,,,
1_cells,B4–B6,False,False,False,21,7,18,0.8571428571,,,,,,,,,,,,,,,,,,
1_cells,B4–B6,True,True,True,9,3,3,0.3333333333,,,,,,,,,,,,,,,,,,
1_cells,B4–B6,True,True,False,0,0,0,,,,,,,,,,,,,,,,,,,
1_cells,B4–B6,True,False,True,6,2,2,0.3333333333,,,,,,,,,,,,,,,,,,
1_cells,B4–B6,True,False,False,0,0,0,,,,,,,,,,,,,,,,,,,
2_crosstab,B1_zero,,,,,,,,Random,26,47,1,74,0.6351351351,11,4,0,15,0.2666666667,0.3684684685,,,,,,
2_crosstab,B1_zero,,,,,,,,FeatureAblation,38,34,2,74,0.4594594595,10,5,0,15,0.3333333333,0.1261261261,,,,,,
2_crosstab,B1_zero,,,,,,,,KernelSHAP,40,34,0,74,0.4594594595,10,5,0,15,0.3333333333,0.1261261261,,,,,,
2_crosstab,B1_zero,,,,,,,,MPNative,26,48,0,74,0.6486486486,12,3,0,15,0.2,0.4486486486,,,,,,
2_crosstab,B2_global_mean,,,,,,,,Random,31,37,1,69,0.5362318841,11,9,0,20,0.45,0.08623188406,,,,,,
2_crosstab,B2_global_mean,,,,,,,,FeatureAblation,44,23,2,69,0.3333333333,11,9,0,20,0.45,-0.1166666667,,,,,,
2_crosstab,B2_global_mean,,,,,,,,KernelSHAP,42,27,0,69,0.3913043478,15,5,0,20,0.25,0.1413043478,,,,,,
2_crosstab,B2_global_mean,,,,,,,,MPNative,15,54,0,69,0.7826086957,12,8,0,20,0.4,0.3826086957,,,,,,
2_crosstab,B3_local_mean,,,,,,,,Random,29,39,1,69,0.5652173913,12,8,0,20,0.4,0.1652173913,,,,,,
2_crosstab,B3_local_mean,,,,,,,,FeatureAblation,46,21,2,69,0.3043478261,13,7,0,20,0.35,-0.04565217391,,,,,,
2_crosstab,B3_local_mean,,,,,,,,KernelSHAP,39,30,0,69,0.4347826087,15,5,0,20,0.25,0.1847826087,,,,,,
2_crosstab,B3_local_mean,,,,,,,,MPNative,21,48,0,69,0.6956521739,12,8,0,20,0.4,0.2956521739,,,,,,
2_crosstab,B4_linear_interp,,,,,,,,Random,22,28,0,50,0.56,17,22,0,39,0.5641025641,-0.004102564103,,,,,,
2_crosstab,B4_linear_interp,,,,,,,,FeatureAblation,30,20,0,50,0.4,27,12,0,39,0.3076923077,0.09230769231,,,,,,
2_crosstab,B4_linear_interp,,,,,,,,KernelSHAP,31,19,0,50,0.38,35,4,0,39,0.1025641026,0.2774358974,,,,,,
2_crosstab,B4_linear_interp,,,,,,,,MPNative,25,25,0,50,0.5,29,10,0,39,0.2564102564,0.2435897436,,,,,,
2_crosstab,B5_gaussian,,,,,,,,Random,38,39,2,79,0.4936708861,5,5,0,10,0.5,-0.006329113924,,,,,,
2_crosstab,B5_gaussian,,,,,,,,FeatureAblation,40,37,2,79,0.4683544304,8,2,0,10,0.2,0.2683544304,,,,,,
2_crosstab,B5_gaussian,,,,,,,,KernelSHAP,38,39,2,79,0.4936708861,6,4,0,10,0.4,0.09367088608,,,,,,
2_crosstab,B5_gaussian,,,,,,,,MPNative,20,57,2,79,0.7215189873,4,6,0,10,0.6,0.1215189873,,,,,,
2_crosstab,B6_shuffle,,,,,,,,Random,34,44,0,78,0.5641025641,4,7,0,11,0.6363636364,-0.07226107226,,,,,,
2_crosstab,B6_shuffle,,,,,,,,FeatureAblation,38,40,0,78,0.5128205128,5,6,0,11,0.5454545455,-0.03263403263,,,,,,
2_crosstab,B6_shuffle,,,,,,,,KernelSHAP,32,46,0,78,0.5897435897,5,6,0,11,0.5454545455,0.04428904429,,,,,,
2_crosstab,B6_shuffle,,,,,,,,MPNative,12,66,0,78,0.8461538462,4,7,0,11,0.6363636364,0.2097902098,,,,,,
