num,n,train_end,w,a,b,L,L_over_w,n_windows,max_abs_delta,t_patch_s,identity_bitexact,identity_ai_zero,scale_ok,unperturbed_vs_gate1_max_abs
11,30000,10000,91,25633,25724,91,1.0,181,2.345901251032956e-13,0.007711083002504893,True,True,True,3.15636405900932e-13
11,30000,10000,91,11124,11147,23,0.25274725274725274,113,1.233457780358549e-13,0.0065308329940307885,True,True,True,5.492273302820649e-13
11,30000,10000,91,22734,22757,23,0.25274725274725274,113,8.770761894538737e-14,0.005706500000087544,True,True,True,1.6109336087311021e-13
11,30000,10000,91,10726,10749,23,0.25274725274725274,113,7.360778653264788e-14,0.008308832999318838,True,True,True,2.000621890374532e-13
11,30000,10000,91,11835,11858,23,0.25274725274725274,113,4.707345624410664e-14,0.006458333009504713,True,True,True,2.6201263381153694e-14
11,30000,10000,91,24322,24368,46,0.5054945054945055,136,1.0036416142611415e-13,0.005850834000739269,True,True,True,2.433608869978343e-13
11,30000,10000,91,20939,20985,46,0.5054945054945055,136,1.0080825063596421e-13,0.006337375001749024,True,True,True,8.948397578478762e-14
11,30000,10000,91,24570,24616,46,0.5054945054945055,136,4.884981308350689e-14,0.007412333012325689,True,True,True,1.3566925360919413e-13
11,30000,10000,91,19905,19951,46,0.5054945054945055,136,6.52811138479592e-14,0.007892541005276144,True,True,True,8.970602038971265e-14
11,30000,10000,91,14765,14856,91,1.0,181,4.75175454539567e-14,0.006634958001086488,True,True,True,3.148592497836944e-13
11,30000,10000,91,17836,17927,91,1.0,181,6.861178292183467e-14,0.0069804999948246405,True,True,True,2.651212582804874e-13
11,30000,10000,91,17590,17613,23,0.25274725274725274,113,8.126832540256146e-14,0.007629415995324962,True,True,True,9.14823772291129e-14
11,30000,10000,91,15472,15563,91,1.0,181,6.838973831690964e-14,0.009717416993225925,True,True,True,1.2867484855405564e-13
11,30000,10000,91,28603,28626,23,0.25274725274725274,113,3.68594044175552e-14,0.005228750000242144,True,True,True,1.1235457009206584e-13
11,30000,10000,91,22447,22470,23,0.25274725274725274,113,4.263256414560601e-14,0.006235916996956803,True,True,True,1.800781745942004e-13
11,30000,10000,91,15947,16038,91,1.0,181,3.8413716652030416e-14,0.006404208004823886,True,True,True,1.4832579608992091e-13
11,30000,10000,91,17124,17147,23,0.25274725274725274,113,8.104628079763643e-14,0.006881875000544824,True,True,True,2.3592239273284576e-13
11,30000,10000,91,10392,10438,46,0.5054945054945055,136,1.325606291402437e-13,0.009755041988682933,True,True,True,1.7508217098338719e-13
11,30000,10000,91,18958,18981,23,0.25274725274725274,113,1.438849039914203e-13,0.008638291008537635,True,True,True,1.509903313490213e-13
11,30000,10000,91,11521,11544,23,0.25274725274725274,113,2.1271873151818e-13,0.007689250007388182,True,True,True,2.708944180085382e-13
16,30000,5000,166,23699,23782,83,0.5,248,2.3092638912203256e-14,0.006564166993484832,True,True,True,5.1958437552457326e-14
16,30000,5000,166,10157,10323,166,1.0,331,2.2470914018413168e-13,0.00751416600542143,True,True,True,2.97761815204467e-13
16,30000,5000,166,11270,11312,42,0.25301204819277107,207,9.103828801926284e-14,0.006747874998836778,True,True,True,1.5654144647214707e-13
16,30000,5000,166,19252,19294,42,0.25301204819277107,207,1.2434497875801753e-13,0.005712875004974194,True,True,True,2.462474668618597e-13
16,30000,5000,166,21589,21672,83,0.5,248,8.970602038971265e-14,0.0056744999892544,True,True,True,1.6608936448392342e-13
16,30000,5000,166,27331,27497,166,1.0,331,4.973799150320701e-14,0.009101708987145685,True,True,True,9.348077867343818e-14
16,30000,5000,166,22528,22611,83,0.5,248,1.2079226507921703e-13,0.0060916250076843426,True,True,True,8.815170815523743e-14
16,30000,5000,166,24305,24471,166,1.0,331,7.505107646466058e-14,0.007125457996153273,True,True,True,1.0791367799356522e-13
16,30000,5000,166,12691,12774,83,0.5,248,5.10702591327572e-14,0.006612791999941692,True,True,True,1.0302869668521453e-13
16,30000,5000,166,7375,7458,83,0.5,248,1.2523315717771766e-13,0.007749832991976291,True,True,True,1.7319479184152442e-13
16,30000,5000,166,17740,17906,166,1.0,331,1.1457501614131615e-13,0.00936283300688956,True,True,True,1.9184653865522705e-13
16,30000,5000,166,29267,29309,42,0.25301204819277107,207,2.007283228522283e-13,0.007106040997314267,True,True,True,1.8784973576657649e-13
16,30000,5000,166,5196,5279,83,0.5,248,1.376676550535194e-13,0.005989416007651016,True,True,True,1.9984014443252818e-13
16,30000,5000,166,13480,13522,42,0.25301204819277107,207,3.108624468950438e-14,0.006120958001702093,True,True,True,1.0125233984581428e-13
16,30000,5000,166,25759,25842,83,0.5,248,7.949196856316121e-14,0.007725582996499725,True,True,True,1.283417816466681e-13
16,30000,5000,166,9078,9120,42,0.25301204819277107,207,1.532107773982716e-13,0.008604792004916817,True,True,True,2.0405899192610377e-13
16,30000,5000,166,25231,25397,166,1.0,331,7.327471962526033e-14,0.0063807499973336235,True,True,True,6.59472476627343e-14
16,30000,5000,166,18534,18700,166,1.0,331,2.34035013590983e-13,0.006988332999753766,True,True,True,3.390621117205228e-13
16,30000,5000,166,21191,21233,42,0.25301204819277107,207,2.142730437526552e-13,0.006220709008630365,True,True,True,2.948752353404416e-13
16,30000,5000,166,27984,28150,166,1.0,331,6.217248937900877e-14,0.007442208006978035,True,True,True,1.3455903058456897e-13
17,30000,5000,166,20499,20541,42,0.25301204819277107,207,1.8429702208777599e-13,0.008032708006794564,True,True,True,2.318145675417327e-13
17,30000,5000,166,14809,14892,83,0.5,248,2.5757174171303632e-14,0.0063641670130891725,True,True,True,8.704148513061227e-14
17,30000,5000,166,26676,26842,166,1.0,331,3.8191672047105385e-14,0.009148209006525576,True,True,True,9.192646643896296e-14
17,30000,5000,166,16009,16092,83,0.5,248,1.4077627952246985e-13,0.006969125010073185,True,True,True,1.7141843500212417e-13
17,30000,5000,166,12446,12529,83,0.5,248,4.39648317751562e-14,0.005865207989700139,True,True,True,1.2589929099249275e-13
17,30000,5000,166,27465,27631,166,1.0,331,1.0480505352461478e-13,0.006009500008076429,True,True,True,2.1604940059205546e-13
17,30000,5000,166,6494,6660,166,1.0,331,9.85878045867139e-14,0.008375208009965718,True,True,True,9.370282327836321e-14
17,30000,5000,166,29859,29901,42,0.25301204819277107,141,8.526512829121202e-14,0.006466042003012262,True,True,True,2.864375403532904e-13
17,30000,5000,166,23048,23131,83,0.5,248,1.5987211554602254e-14,0.007135416992241517,True,True,True,7.638334409421077e-14
17,30000,5000,166,8210,8293,83,0.5,248,1.3855583347321954e-13,0.0065190000022994354,True,True,True,2.3070434451710753e-13
17,30000,5000,166,22210,22293,83,0.5,248,2.191580250610059e-13,0.0066348340042168275,True,True,True,2.3225865675158275e-13
17,30000,5000,166,25400,25566,166,1.0,331,7.638334409421077e-14,0.007631041007698514,True,True,True,8.393286066166183e-14
17,30000,5000,166,21474,21516,42,0.25301204819277107,207,5.5067062021407764e-14,0.005657083005644381,True,True,True,1.4011014570769476e-13
17,30000,5000,166,10253,10336,83,0.5,248,5.240252676230739e-14,0.007906375001766719,True,True,True,1.41886502547095e-13
17,30000,5000,166,28110,28152,42,0.25301204819277107,207,9.459100169806334e-14,0.006636292004259303,True,True,True,9.792167077193881e-14
17,30000,5000,166,11431,11514,83,0.5,248,7.72715225139109e-14,0.006903792003868148,True,True,True,2.0405899192610377e-13
17,30000,5000,166,8891,9057,166,1.0,331,1.1013412404281553e-13,0.008815249995677732,True,True,True,2.462474668618597e-13
17,30000,5000,166,18746,18788,42,0.25301204819277107,207,1.1723955140041653e-13,0.006684749998385087,True,True,True,1.532107773982716e-13
17,30000,5000,166,19408,19491,83,0.5,248,7.638334409421077e-14,0.007514417011407204,True,True,True,1.532107773982716e-13
17,30000,5000,166,17628,17670,42,0.25301204819277107,207,9.525713551283843e-14,0.005083750002086163,True,True,True,1.800781745942004e-13
37,30001,5000,33,16146,16154,8,0.24242424242424243,40,7.926992395823618e-14,0.00316137500340119,True,True,True,6.59472476627343e-14
37,30001,5000,33,14865,14873,8,0.24242424242424243,40,5.950795411990839e-14,0.0029825410019839182,True,True,True,5.595524044110789e-14
37,30001,5000,33,24586,24603,17,0.5151515151515151,49,3.8191672047105385e-14,0.0027173749986104667,True,True,True,5.062616992290714e-14
37,30001,5000,33,9536,9544,8,0.24242424242424243,40,4.529709940470639e-14,0.0024354999914066866,True,True,True,6.639133687258436e-14
37,30001,5000,33,23429,23462,33,1.0,65,6.483702463810914e-14,0.0029367079987423494,True,True,True,5.88418203051333e-14
37,30001,5000,33,12739,12772,33,1.0,65,2.1316282072803006e-14,0.0030474589875666425,True,True,True,5.795364188543317e-14
37,30001,5000,33,13370,13378,8,0.24242424242424243,40,5.3290705182007514e-14,0.002899917002650909,True,True,True,4.9960036108132044e-14
37,30001,5000,33,27482,27515,33,1.0,65,7.682743330406083e-14,0.0032789590040920302,True,True,True,1.0946799022804043e-13
37,30001,5000,33,18226,18243,17,0.5151515151515151,49,5.306866057708248e-14,0.0030517499981215224,True,True,True,7.882583474838611e-14
37,30001,5000,33,16762,16770,8,0.24242424242424243,40,4.1300296516055823e-14,0.00254829200275708,True,True,True,6.417089082333405e-14
37,30001,5000,33,12380,12413,33,1.0,65,3.552713678800501e-14,0.002480499999364838,True,True,True,6.461498003318411e-14
37,30001,5000,33,7577,7610,33,1.0,65,5.595524044110789e-14,0.0028074579895474017,True,True,True,7.749356711883593e-14
37,30001,5000,33,20235,20252,17,0.5151515151515151,49,4.929390229335695e-14,0.0029719999874942005,True,True,True,6.328271240363392e-14
37,30001,5000,33,13585,13593,8,0.24242424242424243,40,5.639932965095795e-14,0.002221499991719611,True,True,True,6.394884621840902e-14
37,30001,5000,33,12215,12232,17,0.5151515151515151,49,3.1530333899354446e-14,0.0031401659944094718,True,True,True,6.816769371198461e-14
37,30001,5000,33,9850,9883,33,1.0,65,3.375077994860476e-14,0.003262083002482541,True,True,True,5.417888360170764e-14
37,30001,5000,33,19491,19508,17,0.5151515151515151,49,5.284661597215745e-14,0.00307370800874196,True,True,True,9.614531393253856e-14
37,30001,5000,33,26276,26284,8,0.24242424242424243,40,1.4876988529977098e-14,0.0024613329878775403,True,True,True,5.3512749786932545e-14
37,30001,5000,33,16351,16368,17,0.5151515151515151,49,3.730349362740526e-14,0.002789916004985571,True,True,True,5.218048215738236e-14
37,30001,5000,33,17559,17576,17,0.5151515151515151,49,5.306866057708248e-14,0.002626375004183501,True,True,True,7.66053886991358e-14
58,38501,10000,40,10611,10621,10,0.25,49,2.020605904817785e-14,0.005188625000300817,True,True,True,1.3034018309099338e-13
58,38501,10000,40,23123,23163,40,1.0,79,1.341149413747189e-13,0.004364458000054583,True,True,True,3.445688179226636e-12
58,38501,10000,40,38370,38390,20,0.5,59,4.511946372076636e-13,0.0033216659940080717,True,True,True,2.7182700534922333e-12
58,38501,10000,40,19559,19569,10,0.25,49,4.4275694222051243e-13,0.004382999992230907,True,True,True,5.511147094239277e-13
58,38501,10000,40,22623,22663,40,1.0,79,1.8829382497642655e-13,0.005892375003895722,True,True,True,4.3649528436162655e-12
58,38501,10000,40,22440,22460,20,0.5,59,1.3944401189291966e-13,0.00554050000209827,True,True,True,9.630074515598608e-13
58,38501,10000,40,20424,20464,40,1.0,79,7.860379014346108e-13,0.005931499996222556,True,True,True,2.156941292241754e-12
58,38501,10000,40,17002,17022,20,0.5,59,3.6770586575585185e-13,0.003798417004873045,True,True,True,1.809219440929155e-12
58,38501,10000,40,23435,23445,10,0.25,49,3.872457909892546e-12,0.004309333991841413,True,True,True,2.615685446016869e-12
58,38501,10000,40,36128,36148,20,0.5,59,3.567146578120628e-13,0.0055334589997073635,True,True,True,1.4859224961583095e-12
58,38501,10000,40,25384,25394,10,0.25,49,9.769962616701378e-14,0.004506792000029236,True,True,True,7.706058013923212e-13
58,38501,10000,40,11769,11789,20,0.5,59,7.513989430663059e-13,0.0049302499974146485,True,True,True,2.8343993818680246e-13
58,38501,10000,40,16149,16159,10,0.25,49,1.674216321134736e-12,0.004580583001370542,True,True,True,1.5134560271690134e-12
58,38501,10000,40,18047,18087,40,1.0,79,4.121147867408581e-13,0.005968750003376044,True,True,True,1.4974688156144111e-12
58,38501,10000,40,20215,20225,10,0.25,49,6.483702463810914e-14,0.003974624996772036,True,True,True,2.5699442574023124e-12
58,38501,10000,40,26605,26615,10,0.25,49,1.177724584522366e-12,0.004868250005529262,True,True,True,9.78328529299688e-13
58,38501,10000,40,37804,37814,10,0.25,49,2.509104035652854e-13,0.005390791004174389,True,True,True,3.148592497836944e-13
58,38501,10000,40,21856,21896,40,1.0,79,9.263700917472306e-13,0.005877707997569814,True,True,True,6.970424237806583e-12
58,38501,10000,40,19988,19998,10,0.25,49,2.753353101070388e-13,0.004926791007164866,True,True,True,1.1020073742429304e-12
58,38501,10000,40,34225,34245,20,0.5,59,4.050093593832571e-13,0.005329332998371683,True,True,True,2.475575300309174e-12
65,10001,3000,26,9762,9775,13,0.5,38,1.5659695762337833e-13,0.0016954999882727861,True,True,True,2.7985946893238633e-13
65,10001,3000,26,5359,5385,26,1.0,51,7.138734048339757e-14,0.0017644159961491823,True,True,True,2.521871600436043e-13
65,10001,3000,26,3761,3768,7,0.2692307692307692,32,9.875433804040767e-14,0.0022094169980846345,True,True,True,1.5776269179923474e-13
65,10001,3000,26,6771,6778,7,0.2692307692307692,32,6.550315845288424e-14,0.0024874590017134324,True,True,True,7.169542737273105e-13
65,10001,3000,26,8905,8931,26,1.0,51,1.5284995491526843e-13,0.0020015830086776987,True,True,True,4.0026315595298456e-13
65,10001,3000,26,6150,6157,7,0.2692307692307692,32,6.23945339839338e-14,0.0018538330041337758,True,True,True,1.234568003383174e-13
65,10001,3000,26,3048,3074,26,1.0,51,4.218847493575595e-14,0.0025482080091023818,True,True,True,1.0874634526203408e-13
65,10001,3000,26,3449,3456,7,0.2692307692307692,32,5.81756864903582e-14,0.0018027909973170608,True,True,True,4.0800696154974503e-13
65,10001,3000,26,9173,9186,13,0.5,38,4.6851411639181606e-14,0.001860791991930455,True,True,True,9.869882688917642e-14
65,10001,3000,26,8299,8325,26,1.0,51,1.0114131754335176e-13,0.001869290994363837,True,True,True,1.7263968032921184e-13
65,10001,3000,26,5195,5202,7,0.2692307692307692,32,7.677192215282957e-14,0.0021555839921347797,True,True,True,2.2479240691097857e-13
65,10001,3000,26,7747,7760,13,0.5,38,7.505107646466058e-14,0.001918082998599857,True,True,True,4.3232084578903596e-13
65,10001,3000,26,8217,8230,13,0.5,38,2.2870594307278225e-14,0.0024659170012455434,True,True,True,2.7144952952085077e-13
65,10001,3000,26,5912,5925,13,0.5,38,3.1635805086693836e-13,0.0016489999979967251,True,True,True,2.737809978725636e-13
65,10001,3000,26,9910,9917,7,0.2692307692307692,32,7.505107646466058e-14,0.0023767919919919223,True,True,True,2.615685446016869e-13
65,10001,3000,26,4755,4768,13,0.5,38,2.7977620220553945e-14,0.002294582998729311,True,True,True,4.716227408607665e-13
65,10001,3000,26,8460,8473,13,0.5,38,2.353672812205332e-14,0.002142625002306886,True,True,True,2.9770630405323573e-13
65,10001,3000,26,7977,8003,26,1.0,51,3.2424063434177697e-13,0.002076791992294602,True,True,True,2.9504176879413535e-13
65,10001,3000,26,7234,7241,7,0.2692307692307692,32,4.196643033083092e-14,0.0020524579886114225,True,True,True,1.0191847366058937e-13
65,10001,3000,26,6932,6939,7,0.2692307692307692,32,6.417089082333405e-14,0.0017013330070767552,True,True,True,1.7424950371491832e-13
66,9998,3700,26,4257,4264,7,0.2692307692307692,32,6.750155989720952e-14,0.0024017499963520095,True,True,True,1.2390088954816747e-13
66,9998,3700,26,7480,7506,26,1.0,51,1.2401191185062999e-13,0.0024215000012191013,True,True,True,6.039613253960852e-13
66,9998,3700,26,6708,6721,13,0.5,38,1.496580637194711e-13,0.002182625001296401,True,True,True,1.1235457009206584e-13
66,9998,3700,26,6222,6229,7,0.2692307692307692,32,1.340039190722564e-13,0.0019621670071501285,True,True,True,2.3275825711266407e-13
66,9998,3700,26,5305,5312,7,0.2692307692307692,32,1.0813572259849025e-13,0.002553874990553595,True,True,True,2.609024107869118e-13
66,9998,3700,26,8806,8813,7,0.2692307692307692,32,3.375077994860476e-14,0.002269874996272847,True,True,True,2.1438406605511773e-13
66,9998,3700,26,4124,4137,13,0.5,38,6.261657858885883e-14,0.0026259579899488017,True,True,True,3.160249839595508e-13
66,9998,3700,26,7402,7428,26,1.0,51,7.993605777301127e-14,0.002224750001914799,True,True,True,2.3581137043038325e-13
66,9998,3700,26,6314,6340,26,1.0,51,4.6629367034256575e-14,0.002561084009357728,True,True,True,9.264811140496931e-14
66,9998,3700,26,6550,6563,13,0.5,38,7.37188088351104e-14,0.0019004159985342994,True,True,True,3.0375701953744283e-13
66,9998,3700,26,6946,6959,13,0.5,38,9.259260025373806e-14,0.002005457994528115,True,True,True,3.0050961719041425e-13
66,9998,3700,26,3737,3744,7,0.2692307692307692,32,7.038813976123492e-14,0.0021489579958142713,True,True,True,1.6497914145929826e-13
66,9998,3700,26,5728,5754,26,1.0,51,2.2004620348070603e-13,0.0022174589976202697,True,True,True,3.4661162828797387e-13
66,9998,3700,26,5414,5440,26,1.0,51,8.093525849517391e-14,0.0025912499986588955,True,True,True,2.2570834090629432e-13
66,9998,3700,26,9035,9048,13,0.5,38,4.6851411639181606e-14,0.002407915992080234,True,True,True,1.503241975342462e-13
66,9998,3700,26,9574,9581,7,0.2692307692307692,32,1.617594946878853e-13,0.0017585839959792793,True,True,True,3.2901459334766514e-13
66,9998,3700,26,5525,5538,13,0.5,38,1.454392162258955e-13,0.0024857499956851825,True,True,True,4.002909115286002e-13
66,9998,3700,26,4320,4346,26,1.0,51,5.417888360170764e-14,0.0021960420126561075,True,True,True,1.7488788195407778e-13
66,9998,3700,26,3831,3838,7,0.2692307692307692,32,2.453592884421596e-13,0.002007458999287337,True,True,True,2.366162821232365e-13
66,9998,3700,26,8743,8750,7,0.2692307692307692,32,9.048317650695026e-14,0.0017149170016637072,True,True,True,2.7688962234151404e-13
74,36001,4000,188,21906,21953,47,0.25,234,2.842170943040401e-14,0.006853124999906868,True,True,True,7.904787935331115e-14
74,36001,4000,188,25456,25550,94,0.5,281,7.149836278586008e-14,0.008413542003836483,True,True,True,3.668176873361517e-13
74,36001,4000,188,21404,21451,47,0.25,234,1.2523315717771766e-13,0.005786167006590404,True,True,True,1.6431300764452317e-13
74,36001,4000,188,5866,5913,47,0.25,234,2.842170943040401e-14,0.007043667006655596,True,True,True,4.3076653355456074e-14
74,36001,4000,188,29382,29476,94,0.5,281,1.2434497875801753e-14,0.006697999997413717,True,True,True,4.618527782440651e-14
74,36001,4000,188,7707,7895,188,1.0,375,1.9539925233402755e-14,0.007013833004748449,True,True,True,8.038014698286133e-14
74,36001,4000,188,16822,16869,47,0.25,234,3.197442310920451e-14,0.006548625009600073,True,True,True,1.1546319456101628e-13
74,36001,4000,188,12570,12617,47,0.25,234,2.3092638912203256e-14,0.007585291998111643,True,True,True,9.237055564881302e-14
74,36001,4000,188,20244,20432,188,1.0,375,7.105427357601002e-14,0.00798150000628084,True,True,True,1.1013412404281553e-13
74,36001,4000,188,18456,18503,47,0.25,234,5.551115123125783e-14,0.008045624999795109,True,True,True,4.707345624410664e-14
74,36001,4000,188,32519,32707,188,1.0,375,4.8405723873656825e-14,0.008449042012216523,True,True,True,8.970602038971265e-14
74,36001,4000,188,6517,6564,47,0.25,234,3.5083047578154947e-14,0.008232082996983081,True,True,True,9.14823772291129e-14
74,36001,4000,188,10828,11016,188,1.0,375,4.440892098500626e-14,0.007535333003033884,True,True,True,4.529709940470639e-14
74,36001,4000,188,23223,23411,188,1.0,375,3.375077994860476e-14,0.010202000004937872,True,True,True,3.952393967665557e-14
74,36001,4000,188,4521,4709,188,1.0,375,2.3092638912203256e-14,0.009373249995405786,True,True,True,5.684341886080802e-14
74,36001,4000,188,24302,24490,188,1.0,375,4.973799150320701e-14,0.009393332991749048,True,True,True,2.4780177909633494e-13
74,36001,4000,188,31945,32133,188,1.0,375,6.661338147750939e-14,0.007072291991789825,True,True,True,9.592326932761353e-14
74,36001,4000,188,27931,28025,94,0.5,281,9.592326932761353e-14,0.007288666005479172,True,True,True,9.14823772291129e-14
74,36001,4000,188,14556,14744,188,1.0,375,4.529709940470639e-14,0.007628332998137921,True,True,True,7.37188088351104e-14
74,36001,4000,188,11569,11616,47,0.25,234,3.019806626980426e-14,0.007236834004288539,True,True,True,6.306066779870889e-14
86,80000,20000,276,53206,53275,69,0.25,344,2.3714363805993344e-13,0.03719108400400728,True,True,True,3.4861002973229915e-13
86,80000,20000,276,67861,68137,276,1.0,551,8.43769498715119e-14,0.035651250000228174,True,True,True,1.5631940186722204e-13
86,80000,20000,276,59227,59296,69,0.25,344,1.5631940186722204e-13,0.03018641599919647,True,True,True,6.212808045802376e-13
86,80000,20000,276,60549,60618,69,0.25,344,2.0872192862952943e-13,0.02968212500854861,True,True,True,1.723066134218243e-13
86,80000,20000,276,23237,23513,276,1.0,551,1.318944953254686e-13,0.04055687499931082,True,True,True,3.0375701953744283e-13
86,80000,20000,276,74959,75097,138,0.5,413,1.9584334154387761e-13,0.04006308400130365,True,True,True,3.5216274341109965e-13
86,80000,20000,276,51603,51879,276,1.0,551,2.0694557179012918e-13,0.04391937500622589,True,True,True,2.7622348852673895e-13
86,80000,20000,276,63923,64061,138,0.5,413,1.021405182655144e-13,0.03487387500354089,True,True,True,1.7141843500212417e-13
86,80000,20000,276,27049,27118,69,0.25,344,2.3936408410918375e-13,0.0366885419934988,True,True,True,5.702105454474804e-13
86,80000,20000,276,25025,25094,69,0.25,344,1.1013412404281553e-13,0.03811991600377951,True,True,True,3.2507330161024584e-13
86,80000,20000,276,66904,67042,138,0.5,413,3.97015753605956e-13,0.04167083300126251,True,True,True,2.9531932455029164e-13
86,80000,20000,276,42750,43026,276,1.0,551,1.127986593019159e-13,0.044583583003259264,True,True,True,2.7711166694643907e-13
86,80000,20000,276,30387,30456,69,0.25,344,1.8829382497642655e-13,0.03579054199508391,True,True,True,7.394085344003543e-13
86,80000,20000,276,39416,39692,276,1.0,551,2.398081733190338e-13,0.04048441699706018,True,True,True,5.058176100192213e-13
86,80000,20000,276,58064,58202,138,0.5,413,1.5720758028692217e-13,0.040643458007252775,True,True,True,4.005684672847565e-13
86,80000,20000,276,33178,33454,276,1.0,551,1.1546319456101628e-13,0.0420905000064522,True,True,True,3.588240815588506e-13
86,80000,20000,276,55602,55671,69,0.25,344,1.9895196601282805e-13,0.03502070800459478,True,True,True,3.992361996552063e-13
86,80000,20000,276,31373,31649,276,1.0,551,2.327027459614328e-13,0.04050533298868686,True,True,True,4.1167069753100805e-13
86,80000,20000,276,69594,69870,276,1.0,551,2.2382096176443156e-13,0.039321209012996405,True,True,True,2.6334490144108713e-13
86,80000,20000,276,47441,47510,69,0.25,344,8.482103908136196e-14,0.03308054200897459,True,True,True,2.2293278334473143e-13
123,200000,5000,125,88972,89035,63,0.504,187,7.485123632022805e-13,0.005880292010260746,True,True,True,9.08340069827318e-12
123,200000,5000,125,123418,123481,63,0.504,187,2.3092638912203256e-13,0.007063457989715971,True,True,True,1.1324274851176597e-12
123,200000,5000,125,104209,104240,31,0.248,155,2.000621890374532e-13,0.005736709004850127,True,True,True,9.483525076348087e-13
123,200000,5000,125,132382,132445,63,0.504,187,8.952838470577262e-13,0.005394916996010579,True,True,True,2.5224267119483557e-12
123,200000,5000,125,196661,196786,125,1.0,249,5.258016244624741e-13,0.0075383329967735335,True,True,True,5.091038701721118e-12
123,200000,5000,125,131048,131111,63,0.504,187,2.0872192862952943e-13,0.006529542006319389,True,True,True,7.594813666855771e-12
123,200000,5000,125,144425,144456,31,0.248,155,4.618527782440651e-13,0.006398416997399181,True,True,True,8.173017818080552e-12
123,200000,5000,125,10034,10159,125,1.0,249,6.565858967633176e-13,0.007653082997421734,True,True,True,5.353051335532655e-12
123,200000,5000,125,151934,151997,63,0.504,187,9.048317650695026e-13,0.008030249999137595,True,True,True,1.2854162179110062e-12
123,200000,5000,125,82930,82961,31,0.248,155,5.432099214885966e-12,0.006457082999986596,True,True,True,1.819100425848319e-12
123,200000,5000,125,143795,143858,63,0.504,187,3.6187719487656977e-13,0.006625708003412001,True,True,True,8.095746295566641e-13
123,200000,5000,125,41192,41317,125,1.0,249,1.0871303857129533e-12,0.006361750012729317,True,True,True,9.441003534504944e-12
123,200000,5000,125,154574,154699,125,1.0,249,2.299271883998699e-13,0.0065306250035064295,True,True,True,1.1540768340978502e-12
123,200000,5000,125,82400,82431,31,0.248,155,1.1173284519827575e-12,0.004691458001616411,True,True,True,7.66231522675298e-12
123,200000,5000,125,192718,192843,125,1.0,249,1.9628743075372768e-13,0.00642012499156408,True,True,True,6.759925952337653e-12
123,200000,5000,125,98100,98225,125,1.0,249,1.3300471835009375e-12,0.008845624994137324,True,True,True,1.3639089857520048e-12
123,200000,5000,125,186447,186572,125,1.0,249,4.725109192804666e-13,0.005713292004656978,True,True,True,7.30970839413203e-12
123,200000,5000,125,45812,45875,63,0.504,187,5.613287612504791e-13,0.00771474999783095,True,True,True,7.440270621827949e-12
123,200000,5000,125,25480,25511,31,0.248,155,8.810729923425242e-13,0.007201375003205612,True,True,True,1.5374368445009168e-12
123,200000,5000,125,66092,66123,31,0.248,155,8.100187187665142e-13,0.005929999999352731,True,True,True,2.0330404026935867e-12
124,30000,5000,166,6624,6666,42,0.25301204819277107,207,1.4654943925052066e-14,0.007935708010336384,True,True,True,2.7977620220553945e-14
124,30000,5000,166,28244,28410,166,1.0,331,8.748557434046234e-14,0.006967958994209766,True,True,True,1.6697754290362354e-13
124,30000,5000,166,13699,13741,42,0.25301204819277107,207,3.8191672047105385e-14,0.00746987501042895,True,True,True,6.483702463810914e-14
124,30000,5000,166,17586,17752,166,1.0,331,3.519406988061746e-13,0.008468667001579888,True,True,True,1.6764367671839864e-13
124,30000,5000,166,29413,29579,166,1.0,331,3.0819791163594346e-13,0.008437791009782813,True,True,True,3.3728575488112256e-13
124,30000,5000,166,25110,25276,166,1.0,331,9.903189379656396e-14,0.009212208999088034,True,True,True,1.1257661469699087e-13
124,30000,5000,166,16402,16485,83,0.5,248,2.1049828546892968e-13,0.008955500001320615,True,True,True,2.935429677108914e-13
124,30000,5000,166,23750,23833,83,0.5,248,5.950795411990839e-14,0.007874832997913472,True,True,True,1.0258460747536446e-13
124,30000,5000,166,5006,5172,166,1.0,331,1.3877787807814457e-13,0.00810220799758099,True,True,True,3.2507330161024584e-13
124,30000,5000,166,8508,8591,83,0.5,248,6.750155989720952e-14,0.006259542002226226,True,True,True,2.5512925105886097e-13
124,30000,5000,166,9970,10012,42,0.25301204819277107,207,1.8962609260597674e-13,0.008844750002026558,True,True,True,2.1604940059205546e-13
124,30000,5000,166,27407,27490,83,0.5,248,8.43769498715119e-14,0.007393125008093193,True,True,True,1.270095140171179e-13
124,30000,5000,166,18976,19018,42,0.25301204819277107,207,5.395683899678261e-14,0.008894250000594184,True,True,True,3.439470930288735e-13
124,30000,5000,166,25894,26060,166,1.0,331,7.505107646466058e-14,0.01926837499195244,True,True,True,1.1057821325266559e-13
124,30000,5000,166,15791,15874,83,0.5,248,9.636735853746359e-14,0.008194499998353422,True,True,True,1.8141044222375058e-13
124,30000,5000,166,14646,14812,166,1.0,331,1.5853984791647235e-13,0.007811458999640308,True,True,True,1.858513343222512e-13
124,30000,5000,166,29945,29987,42,0.25301204819277107,55,1.1501910535116622e-13,0.005506542001967318,True,True,True,6.52589093874667e-13
124,30000,5000,166,7535,7577,42,0.25301204819277107,207,1.1435297153639112e-13,0.005572750000283122,True,True,True,1.1746159600534156e-13
124,30000,5000,166,26577,26743,166,1.0,331,1.234568003383174e-13,0.007585874991491437,True,True,True,5.306866057708248e-14
124,30000,5000,166,9286,9328,42,0.25301204819277107,207,7.593925488436071e-14,0.007441207999363542,True,True,True,1.7275070263167436e-13
126,30000,8000,166,23010,23176,166,1.0,331,8.704148513061227e-14,0.014166667009703815,True,True,True,1.503241975342462e-13
126,30000,8000,166,18683,18849,166,1.0,331,2.611244553918368e-13,0.00921441700484138,True,True,True,3.8391512191537913e-13
126,30000,8000,166,19387,19470,83,0.5,248,2.389199948993337e-13,0.013537000006181188,True,True,True,5.186961971048731e-13
126,30000,8000,166,27220,27303,83,0.5,248,1.0969003483296547e-13,0.011594875002629124,True,True,True,2.2581936320875684e-13
126,30000,8000,166,20685,20851,166,1.0,331,2.162714451969805e-13,0.011365874990588054,True,True,True,2.9043434324194095e-13
126,30000,8000,166,14706,14872,166,1.0,331,1.0969003483296547e-13,0.014510374996461906,True,True,True,9.459100169806334e-14
126,30000,8000,166,26312,26354,42,0.25301204819277107,207,1.0169642905566434e-13,0.010746291998657398,True,True,True,2.879918525877656e-13
126,30000,8000,166,13227,13393,166,1.0,331,8.704148513061227e-14,0.010500791991944425,True,True,True,1.212363542890671e-13
126,30000,8000,166,10020,10103,83,0.5,248,1.3011813848606835e-13,0.013065417006146163,True,True,True,2.34035013590983e-13
126,30000,8000,166,23543,23585,42,0.25301204819277107,207,6.439293542825908e-14,0.011543500004336238,True,True,True,1.2922996006636822e-13
126,30000,8000,166,9048,9090,42,0.25301204819277107,207,1.9051427102567686e-13,0.009250749993952923,True,True,True,5.124789481669723e-13
126,30000,8000,166,24812,24895,83,0.5,248,6.350475700855895e-14,0.012052292004227638,True,True,True,7.416289804496046e-14
126,30000,8000,166,9569,9611,42,0.25301204819277107,207,1.6431300764452317e-13,0.009003166007460095,True,True,True,1.6653345369377348e-13
126,30000,8000,166,28234,28317,83,0.5,248,3.2818192607919627e-13,0.010009291989263147,True,True,True,2.886579864025407e-13
126,30000,8000,166,10482,10524,42,0.25301204819277107,207,1.0036416142611415e-13,0.012452875002054498,True,True,True,2.653433028854124e-13
126,30000,8000,166,11255,11338,83,0.5,248,1.6364687382974807e-13,0.007952582993311808,True,True,True,2.6556534749033744e-13
126,30000,8000,166,12702,12868,166,1.0,331,9.459100169806334e-14,0.013001665996853262,True,True,True,2.0894397323445446e-13
126,30000,8000,166,16949,16991,42,0.25301204819277107,207,1.3322676295501878e-13,0.012507958002970554,True,True,True,1.4765966227514582e-13
126,30000,8000,166,13946,14029,83,0.5,248,1.2079226507921703e-13,0.008745917002670467,True,True,True,1.8274270985330077e-13
126,30000,8000,166,17437,17520,83,0.5,248,2.1227464230832993e-13,0.010811750005814247,True,True,True,5.59996493620929e-13
148,30066,6000,34,19637,19646,9,0.2647058823529412,42,4.374278717023117e-14,0.003069209007662721,True,True,True,8.126832540256146e-14
148,30066,6000,34,14826,14860,34,1.0,67,3.375077994860476e-14,0.0038345420034602284,True,True,True,9.969802761133906e-14
148,30066,6000,34,21328,21362,34,1.0,67,5.684341886080802e-14,0.002568500000052154,True,True,True,7.016609515630989e-14
148,30066,6000,34,27547,27556,9,0.2647058823529412,42,5.5067062021407764e-14,0.003875750000588596,True,True,True,6.217248937900877e-14
148,30066,6000,34,22549,22558,9,0.2647058823529412,42,4.973799150320701e-14,0.0027771250024670735,True,True,True,1.1168843627729075e-13
148,30066,6000,34,9726,9743,17,0.5,50,5.3734794391857577e-14,0.0025015419960254803,True,True,True,2.1094237467877974e-14
148,30066,6000,34,17354,17363,9,0.2647058823529412,42,5.773159728050814e-14,0.003116040999884717,True,True,True,1.2723155862204294e-13
148,30066,6000,34,13128,13137,9,0.2647058823529412,42,4.04121180963557e-14,0.003505583998048678,True,True,True,9.392486788328824e-14
148,30066,6000,34,10063,10097,34,1.0,67,4.529709940470639e-14,0.003527416003635153,True,True,True,1.1812772982011666e-13
148,30066,6000,34,26164,26198,34,1.0,67,4.973799150320701e-14,0.0029420829960145056,True,True,True,9.792167077193881e-14
148,30066,6000,34,27067,27101,34,1.0,67,4.263256414560601e-14,0.0034854590048780665,True,True,True,9.303668946358812e-14
148,30066,6000,34,11809,11826,17,0.5,50,5.3290705182007514e-14,0.0035181670100428164,True,True,True,6.084022174945858e-14
148,30066,6000,34,24973,24982,9,0.2647058823529412,42,4.4853010194856324e-14,0.0025846669886959717,True,True,True,8.681944052568724e-14
148,30066,6000,34,7006,7015,9,0.2647058823529412,42,3.68594044175552e-14,0.0027414999931352213,True,True,True,5.906386491005833e-14
148,30066,6000,34,12666,12683,17,0.5,50,3.885780586188048e-14,0.002909999995608814,True,True,True,7.793765632868599e-14
148,30066,6000,34,14444,14478,34,1.0,67,5.440092820663267e-14,0.003936125009204261,True,True,True,9.43689570931383e-14
148,30066,6000,34,9873,9890,17,0.5,50,5.595524044110789e-14,0.0023545000003650784,True,True,True,6.994405055138486e-14
148,30066,6000,34,7294,7303,9,0.2647058823529412,42,2.0872192862952943e-14,0.002837833992089145,True,True,True,9.769962616701378e-14
148,30066,6000,34,13015,13024,9,0.2647058823529412,42,5.684341886080802e-14,0.0032716660061851144,True,True,True,5.5289106626332796e-14
148,30066,6000,34,15206,15240,34,1.0,67,4.618527782440651e-14,0.0036417500086827204,True,True,True,1.9029222642075183e-13
152,29931,9000,168,13861,13903,42,0.25,209,2.007283228522283e-13,0.008666832989547402,True,True,True,1.91402449445377e-13
152,29931,9000,168,23178,23262,84,0.5,251,3.446132268436486e-13,0.014165415996103548,True,True,True,6.470379787515412e-13
152,29931,9000,168,26371,26413,42,0.25,209,1.9628743075372768e-13,0.012416666999342851,True,True,True,3.019806626980426e-13
152,29931,9000,168,15482,15566,84,0.5,251,9.059419880941277e-14,0.010689458998967893,True,True,True,2.646771690706373e-13
152,29931,9000,168,13053,13221,168,1.0,335,1.545430450278218e-13,0.012486583989812061,True,True,True,1.9673151996357774e-13
152,29931,9000,168,22136,22220,84,0.5,251,4.39648317751562e-13,0.013231584001914598,True,True,True,4.1300296516055823e-13
152,29931,9000,168,9606,9690,84,0.5,251,1.1013412404281553e-13,0.011817708000307903,True,True,True,9.14823772291129e-14
152,29931,9000,168,19942,19984,42,0.25,209,1.6608936448392342e-13,0.008717832999536768,True,True,True,3.9390712913700554e-13
152,29931,9000,168,16281,16365,84,0.5,251,2.4802382370125997e-13,0.008462874990073033,True,True,True,2.686739719592879e-13
152,29931,9000,168,26932,26974,42,0.25,209,8.260059303211165e-14,0.011605624997173436,True,True,True,1.0458300891968975e-13
152,29931,9000,168,17103,17187,84,0.5,251,1.2323475573339238e-13,0.011211500008357689,True,True,True,2.369215934550084e-13
152,29931,9000,168,22680,22722,42,0.25,209,1.723066134218243e-13,0.009800291998544708,True,True,True,6.301625887772389e-13
152,29931,9000,168,21463,21505,42,0.25,209,3.299582829185965e-13,0.009750957993674092,True,True,True,3.0686564400639327e-13
152,29931,9000,168,14903,14945,42,0.25,209,2.1938006966593093e-13,0.008750374996452592,True,True,True,1.9317880628477724e-13
152,29931,9000,168,11599,11683,84,0.5,251,1.9317880628477724e-13,0.012379250008962117,True,True,True,2.2115642650533118e-13
152,29931,9000,168,20627,20795,168,1.0,335,1.8340884366807586e-13,0.013983541997731663,True,True,True,3.3661962106634746e-13
152,29931,9000,168,11007,11175,168,1.0,335,2.1183055309847987e-13,0.009748374999617226,True,True,True,1.4876988529977098e-13
152,29931,9000,168,28613,28655,42,0.25,209,9.281464485866309e-14,0.010200417003943585,True,True,True,1.0347278589506459e-13
152,29931,9000,168,25720,25888,168,1.0,335,2.0605739337042905e-13,0.009662500000558794,True,True,True,2.7400304247748863e-13
152,29931,9000,168,24393,24477,84,0.5,251,1.8784973576657649e-13,0.009933374996762723,True,True,True,1.91402449445377e-13
154,29931,16000,168,22163,22331,168,1.0,335,5.770939282001564e-13,0.022545249987160787,True,True,True,4.460876112943879e-13
154,29931,16000,168,19128,19212,84,0.5,251,6.923350781562476e-13,0.018620875009219162,True,True,True,7.682743330406083e-13
154,29931,16000,168,25828,25996,168,1.0,335,7.815970093361102e-14,0.0203707500040764,True,True,True,3.006483950684924e-13
154,29931,16000,168,24085,24127,42,0.25,209,7.189804307472514e-13,0.017210707999765873,True,True,True,8.322231792590173e-13
154,29931,16000,168,29717,29801,84,0.5,214,2.438049762076844e-13,0.015237416009767912,True,True,True,4.511946372076636e-13
154,29931,16000,168,28915,28999,84,0.5,251,3.410605131648481e-13,0.020741957996506244,True,True,True,5.577760475716786e-13
154,29931,16000,168,19721,19805,84,0.5,251,2.9043434324194095e-13,0.020264917009626515,True,True,True,3.170796958329447e-13
154,29931,16000,168,17851,18019,168,1.0,335,4.147793219999585e-13,0.024291749999974854,True,True,True,2.1804780203638074e-13
154,29931,16000,168,16607,16691,84,0.5,251,1.9628743075372768e-13,0.02168087499740068,True,True,True,1.765254609153999e-13
154,29931,16000,168,27087,27255,168,1.0,335,2.788880237858393e-13,0.02493229201354552,True,True,True,2.631228568361621e-13
154,29931,16000,168,23580,23664,84,0.5,251,2.566835632933362e-13,0.024820374994305894,True,True,True,2.0650148258027912e-13
154,29931,16000,168,21264,21306,42,0.25,209,1.1537437671904627e-12,0.018258167008752935,True,True,True,9.692247004977617e-13
154,29931,16000,168,20779,20821,42,0.25,209,2.8332891588433995e-13,0.020016750000650063,True,True,True,3.452793606584237e-13
154,29931,16000,168,25176,25260,84,0.5,251,3.2596148002994596e-13,0.022060417002649046,True,True,True,2.957634137601417e-13
154,29931,16000,168,26423,26591,168,1.0,335,1.9184653865522705e-13,0.017739125003572553,True,True,True,3.9124259387790516e-13
154,29931,16000,168,18469,18511,42,0.25,209,1.8962609260597674e-13,0.019442459000856616,True,True,True,2.3936408410918375e-13
154,29931,16000,168,22895,22937,42,0.25,209,5.795364188543317e-13,0.02195987501181662,True,True,True,7.527312106958561e-13
154,29931,16000,168,21733,21817,84,0.5,251,1.1994849558050191e-12,0.021092915994813666,True,True,True,4.383160501220118e-13
154,29931,16000,168,27924,28008,84,0.5,251,2.282618538629322e-13,0.022011499997461215,True,True,True,7.409628466348295e-13
154,29931,16000,168,28368,28536,168,1.0,335,2.398081733190338e-13,0.02139020900358446,True,True,True,4.525269048372138e-13
158,11308,3500,98,6374,6399,25,0.25510204081632654,122,2.5268676040468563e-13,0.0031566660036332905,True,True,True,4.603539771608212e-13
158,11308,3500,98,6636,6661,25,0.25510204081632654,122,2.824407374646398e-13,0.0046826250036247075,True,True,True,4.674594045184222e-13
158,11308,3500,98,8250,8348,98,1.0,195,1.603162047558726e-13,0.0038764170021750033,True,True,True,9.95370452727684e-13
158,11308,3500,98,3761,3810,49,0.5,146,2.2071233729548112e-13,0.004432624991750345,True,True,True,7.946421298754558e-13
158,11308,3500,98,4356,4381,25,0.25510204081632654,122,6.771805338701142e-13,0.0033460839913459495,True,True,True,1.3692380562702056e-12
158,11308,3500,98,5130,5155,25,0.25510204081632654,122,1.2290168882600483e-13,0.003721290995599702,True,True,True,9.128253708468037e-13
158,11308,3500,98,11227,11276,49,0.5,81,1.7832402221529264e-12,0.002764667005976662,True,True,True,1.235622715256568e-12
158,11308,3500,98,5611,5660,49,0.5,146,3.9035441545820504e-13,0.0036135840055067092,True,True,True,8.409939411535561e-13
158,11308,3500,98,9769,9867,98,1.0,195,8.65085780787922e-13,0.004914374992949888,True,True,True,1.0584033649507774e-12
158,11308,3500,98,9060,9158,98,1.0,195,1.4055423491754482e-13,0.00369204199523665,True,True,True,1.0710043962802729e-12
158,11308,3500,98,8589,8638,49,0.5,146,1.2020939799128882e-12,0.00415783301286865,True,True,True,5.950795411990839e-13
158,11308,3500,98,6965,6990,25,0.25510204081632654,122,1.0969003483296547e-13,0.003134749989840202,True,True,True,1.3366530104974572e-12
158,11308,3500,98,5884,5982,98,1.0,195,1.1901590823981678e-13,0.0040312920027645305,True,True,True,7.505107646466058e-13
158,11308,3500,98,7838,7887,49,0.5,146,1.1457501614131615e-13,0.0038655829994240776,True,True,True,2.172817481493894e-12
158,11308,3500,98,10908,11006,98,1.0,195,3.4994229736184934e-13,0.003757041005883366,True,True,True,1.6288081994275672e-12
158,11308,3500,98,10462,10511,49,0.5,146,7.792100298331661e-13,0.004679833000409417,True,True,True,1.896593992967155e-12
158,11308,3500,98,3503,3552,49,0.5,146,1.114830450177351e-12,0.0040374169911956415,True,True,True,6.969980148596733e-13
158,11308,3500,98,9444,9469,25,0.25510204081632654,122,6.056266599330229e-13,0.0027544579934328794,True,True,True,6.057931933867167e-13
158,11308,3500,98,7436,7534,98,1.0,195,5.05095965053215e-13,0.004176915987045504,True,True,True,6.446232436729815e-13
158,11308,3500,98,4135,4160,25,0.25510204081632654,122,8.189560141147467e-13,0.0034483749914215878,True,True,True,1.1003697952816083e-12
177,10028,3200,26,9284,9297,13,0.5,38,4.979350265443827e-14,0.0022455830039689317,True,True,True,5.504485756091526e-13
177,10028,3200,26,8945,8952,7,0.2692307692307692,32,5.639932965095795e-14,0.0023487920116167516,True,True,True,1.50712775592865e-13
177,10028,3200,26,5002,5028,26,1.0,51,3.8191672047105385e-14,0.002311875010491349,True,True,True,3.2354674495138624e-13
177,10028,3200,26,3302,3309,7,0.2692307692307692,32,1.1290968160437842e-13,0.0017837500054156408,True,True,True,4.09727807237914e-13
177,10028,3200,26,3668,3675,7,0.2692307692307692,32,3.2862601528904634e-14,0.0022052079875720665,True,True,True,4.0870085094013575e-13
177,10028,3200,26,5132,5145,13,0.5,38,1.800781745942004e-13,0.0021440840064315125,True,True,True,4.2962855495431995e-13
177,10028,3200,26,6017,6024,7,0.2692307692307692,32,1.398603455271541e-13,0.0016710829950170591,True,True,True,7.422396031131484e-13
177,10028,3200,26,7600,7613,13,0.5,38,2.449984659591564e-13,0.0020248329965397716,True,True,True,5.071498776487715e-13
177,10028,3200,26,5692,5699,7,0.2692307692307692,32,1.6209256159527285e-14,0.002044708002358675,True,True,True,2.2840063174101033e-13
177,10028,3200,26,4445,4471,26,1.0,51,1.2445600106048005e-13,0.002274291997309774,True,True,True,4.526934382909076e-13
177,10028,3200,26,6353,6360,7,0.2692307692307692,32,6.250555628639631e-14,0.0018710000003920868,True,True,True,1.7552626019323725e-13
177,10028,3200,26,7058,7084,26,1.0,51,8.515410598874951e-14,0.002474375010933727,True,True,True,8.369693826892899e-13
177,10028,3200,26,9378,9385,7,0.2692307692307692,32,3.4861002973229915e-14,0.001836750001530163,True,True,True,3.167049955621337e-13
177,10028,3200,26,7723,7749,26,1.0,51,1.245115122117113e-13,0.0023710420064162463,True,True,True,3.665123760043798e-13
177,10028,3200,26,6654,6661,7,0.2692307692307692,32,4.75175454539567e-14,0.0019033749995287508,True,True,True,4.422295862838155e-13
177,10028,3200,26,6189,6196,7,0.2692307692307692,32,5.262457136723242e-14,0.001588792001712136,True,True,True,2.2259971643734389e-13
177,10028,3200,26,7348,7374,26,1.0,51,4.263256414560601e-14,0.001523459010059014,True,True,True,6.201983371312281e-13
177,10028,3200,26,9884,9897,13,0.5,38,1.053046538856961e-13,0.0018610419938340783,True,True,True,2.0200507933054723e-13
177,10028,3200,26,6272,6279,7,0.2692307692307692,32,2.55351295663786e-14,0.001494541997089982,True,True,True,4.413969190153466e-13
177,10028,3200,26,9773,9786,13,0.5,38,8.104628079763643e-14,0.0024068329948931932,True,True,True,4.446720769379908e-13
224,199753,76123,100,115138,115238,100,1.0,199,3.0397906414236786e-13,0.038682875005179085,True,True,True,8.186784583585904e-13
224,199753,76123,100,78168,78193,25,0.25,124,1.4832579608992091e-13,0.033259374991757795,True,True,True,5.941913627793838e-13
224,199753,76123,100,124563,124613,50,0.5,149,3.643751966819764e-13,0.0354987919999985,True,True,True,5.321298957028375e-13
224,199753,76123,100,151254,151304,50,0.5,149,1.290079154614432e-13,0.03348545799963176,True,True,True,7.471800955727304e-13
224,199753,76123,100,131720,131745,25,0.25,124,2.915445662665661e-13,0.03427558299154043,True,True,True,2.4233393070005604e-12
224,199753,76123,100,84271,84371,100,1.0,199,1.4632739464559563e-13,0.03889033300220035,True,True,True,4.612976667317525e-13
224,199753,76123,100,82124,82174,50,0.5,149,6.317169010117141e-13,0.035262958001112565,True,True,True,7.803757640090225e-13
224,199753,76123,100,135128,135178,50,0.5,149,3.451128272047299e-13,0.035259958007372916,True,True,True,1.0328959909600144e-12
224,199753,76123,100,95770,95870,100,1.0,199,2.2382096176443156e-13,0.03912191599374637,True,True,True,9.511280651963716e-13
224,199753,76123,100,161287,161387,100,1.0,199,7.657208200839705e-13,0.039805541004170664,True,True,True,8.105738302788268e-13
224,199753,76123,100,198122,198147,25,0.25,124,2.0727863869751673e-13,0.03305670799454674,True,True,True,4.1233683134578314e-13
224,199753,76123,100,176654,176754,100,1.0,199,3.494982081519993e-13,0.03821433299162891,True,True,True,1.4844792062262968e-12
224,199753,76123,100,153412,153462,50,0.5,149,1.5920598173124745e-13,0.03351199999451637,True,True,True,4.819478149897805e-13
224,199753,76123,100,185391,185441,50,0.5,149,7.19757586864489e-13,0.036671750000095926,True,True,True,1.4060419495365295e-12
224,199753,76123,100,104028,104128,100,1.0,199,9.803269307440132e-14,0.053182417002972215,True,True,True,8.72635297355373e-13
224,199753,76123,100,185810,185835,25,0.25,124,1.5210055437364645e-13,0.03496379099669866,True,True,True,4.900524430695441e-13
224,199753,76123,100,130769,130869,100,1.0,199,2.0672352718520415e-13,0.04007474999525584,True,True,True,1.176614361497741e-12
224,199753,76123,100,126134,126234,100,1.0,199,1.821875983409882e-13,0.03945083399594296,True,True,True,7.415734692983733e-13
224,199753,76123,100,150972,150997,25,0.25,124,2.6700863742235015e-13,0.03283587501209695,True,True,True,5.211386877590485e-13
224,199753,76123,100,171450,171475,25,0.25,124,6.012967901369848e-13,0.032861415995284915,True,True,True,9.872103134966892e-13
245,298747,100211,166,218163,218329,166,1.0,331,7.212008767965017e-13,0.07883800000126939,True,True,True,2.5843771567224394e-12
245,298747,100211,166,100761,100927,166,1.0,331,1.0121681270902627e-11,0.07797237500199117,True,True,True,2.723155034800584e-12
245,298747,100211,166,274307,274473,166,1.0,331,1.8258727862985324e-12,0.0780967910104664,True,True,True,2.19779749954796e-12
245,298747,100211,166,290234,290317,83,0.5,248,4.618527782440651e-13,0.0743751669942867,True,True,True,4.6983528179112e-12
245,298747,100211,166,108617,108659,42,0.25301204819277107,207,5.944134073843088e-13,0.06882245899760164,True,True,True,8.996137168537643e-13
245,298747,100211,166,192144,192310,166,1.0,331,9.992007221626409e-13,0.07878787499794271,True,True,True,2.7736146712697973e-12
245,298747,100211,166,159208,159374,166,1.0,331,7.451816941284051e-13,0.07925445900764316,True,True,True,5.620948151374705e-12
245,298747,100211,166,167771,167813,42,0.25301204819277107,207,1.131428284395497e-12,0.06822854200436268,True,True,True,2.1305179842556754e-12
245,298747,100211,166,247804,247887,83,0.5,248,1.4379608614945028e-12,0.07043137500295416,True,True,True,3.3690827905275e-12
245,298747,100211,166,134928,134970,42,0.25301204819277107,207,8.535394613318203e-13,0.07055762500385754,True,True,True,1.7641443861293737e-12
245,298747,100211,166,169025,169191,166,1.0,331,2.2511437158811987e-12,0.08322537499770988,True,True,True,3.6299296901631806e-12
245,298747,100211,166,249709,249875,166,1.0,331,1.4850343177386094e-12,0.07860108300519641,True,True,True,2.787547970228843e-12
245,298747,100211,166,201859,202025,166,1.0,331,1.1971534874533063e-12,0.0936563750001369,True,True,True,4.704125977639251e-12
245,298747,100211,166,280340,280423,83,0.5,248,2.597033699203166e-12,0.07085516600636765,True,True,True,3.6962100047333024e-12
245,298747,100211,166,173681,173723,42,0.25301204819277107,207,1.52522439123004e-12,0.06945808399177622,True,True,True,3.479327936872778e-12
245,298747,100211,166,181778,181820,42,0.25301204819277107,207,1.0160761121369433e-12,0.07056374999228865,True,True,True,4.057421065795097e-12
245,298747,100211,166,131706,131789,83,0.5,248,5.228040222959862e-13,0.07194870800594799,True,True,True,1.2544409955239644e-12
245,298747,100211,166,168201,168284,83,0.5,248,1.4618306565239436e-12,0.07225137499335688,True,True,True,2.7835511673401925e-12
245,298747,100211,166,297658,297824,166,1.0,331,4.976019596369952e-13,0.07701399999496061,True,True,True,1.5865087021893487e-12
245,298747,100211,166,198474,198557,83,0.5,248,1.5427659150191175e-12,0.07260166700871196,True,True,True,7.060518836254914e-12
250,10468,2951,24,3249,3255,6,0.25,29,4.39648317751562e-14,0.002248875010991469,True,True,True,4.9960036108132044e-14
250,10468,2951,24,3481,3493,12,0.5,35,2.3314683517128287e-14,0.002066499990178272,True,True,True,4.1300296516055823e-14
250,10468,2951,24,9384,9390,6,0.25,29,6.061817714453355e-14,0.0018839170079445466,True,True,True,7.571721027943568e-14
250,10468,2951,24,4267,4291,24,1.0,47,5.313083306646149e-12,0.0023489580053137615,True,True,True,1.9562129693895258e-13
250,10468,2951,24,5413,5437,24,1.0,47,3.241851231905457e-14,0.002100209007039666,True,True,True,3.7969627442180354e-14
250,10468,2951,24,9693,9717,24,1.0,47,2.19824158875781e-14,0.0016146249981829897,True,True,True,4.785061236134425e-14
250,10468,2951,24,10257,10263,6,0.25,29,5.014877402231832e-13,0.0021682500082533807,True,True,True,4.766187444715797e-13
250,10468,2951,24,6475,6487,12,0.5,35,1.305622276959184e-13,0.002198207992478274,True,True,True,7.557566120810049e-08
250,10468,2951,24,5954,5966,12,0.5,35,8.482103908136196e-14,0.0015624170046066865,True,True,True,1.0769163338864018e-13
250,10468,2951,24,3025,3031,6,0.25,29,1.2656542480726785e-14,0.002329291994101368,True,True,True,3.597122599785507e-14
250,10468,2951,24,3653,3677,24,1.0,47,3.7969627442180354e-14,0.0022349159989971668,True,True,True,4.884981308350689e-14
250,10468,2951,24,10005,10017,12,0.5,35,2.398081733190338e-14,0.002000958993448876,True,True,True,6.17284001691587e-14
250,10468,2951,24,7901,7907,6,0.25,29,3.019806626980426e-14,0.0024188749957829714,True,True,True,5.728750807065808e-14
250,10468,2951,24,10176,10182,6,0.25,29,6.492584248007915e-13,0.0018937499989988282,True,True,True,3.241851231905457e-14
250,10468,2951,24,3352,3364,12,0.5,35,3.68594044175552e-14,0.002109791006660089,True,True,True,5.573319583618286e-14
250,10468,2951,24,5737,5743,6,0.25,29,1.4210854715202004e-14,0.0020459590014070272,True,True,True,2.9753977059954195e-14
250,10468,2951,24,5852,5864,12,0.5,35,3.907985046680551e-14,0.001933874998940155,True,True,True,4.218847493575595e-14
250,10468,2951,24,8435,8459,24,1.0,47,9.272582701669307e-13,0.0022812499955762178,True,True,True,3.41042971641059e-10
250,10468,2951,24,7081,7087,6,0.25,29,4.75175454539567e-14,0.0016465410008095205,True,True,True,8.847332675504527e-11
250,10468,2951,24,8219,8225,6,0.25,29,1.9984014443252818e-14,0.002142958008334972,True,True,True,5.950795411990839e-14
