file,source,domain,distorted,name,tr,anom_start,anom_end,length,n_channels,anomaly_ratio,n_anomaly_segments,last_anom_frac,min_seg_len
001_UCR_Anomaly_DISTORTED1sddb40_35000_52000_52620.txt,UCR,,True,1sddb40,35000,52000,52620,79795,1,0.007782442508929131,1,0.6594398145247196,621
002_UCR_Anomaly_DISTORTED2sddb40_35000_56600_56900.txt,UCR,,True,2sddb40,35000,56600,56900,80001,1,0.0037624529693378833,1,0.7112411094861314,301
003_UCR_Anomaly_DISTORTED3sddb40_35000_46600_46900.txt,UCR,,True,3sddb40,35000,46600,46900,80000,1,0.0037625,1,0.58625,301
004_UCR_Anomaly_DISTORTEDBIDMC1_2500_5400_5600.txt,UCR,,True,BIDMC1,2500,5400,5600,11000,1,0.018272727272727274,1,0.509090909090909,201
005_UCR_Anomaly_DISTORTEDCIMIS44AirTemperature1_4000_5391_5392.txt,UCR,,True,CIMIS44AirTemperature1,4000,5391,5392,8184,1,0.00024437927663734115,1,0.6588465298142717,2
006_UCR_Anomaly_DISTORTEDCIMIS44AirTemperature2_4000_5703_5727.txt,UCR,,True,CIMIS44AirTemperature2,4000,5703,5727,8184,1,0.0030547409579667643,1,0.6997800586510264,25
007_UCR_Anomaly_DISTORTEDCIMIS44AirTemperature3_4000_6520_6544.txt,UCR,,True,CIMIS44AirTemperature3,4000,6520,6544,8184,1,0.0030547409579667643,1,0.7996089931573802,25
008_UCR_Anomaly_DISTORTEDCIMIS44AirTemperature4_4000_5549_5597.txt,UCR,,True,CIMIS44AirTemperature4,4000,5549,5597,8184,1,0.005987292277614858,1,0.6838954056695992,49
009_UCR_Anomaly_DISTORTEDCIMIS44AirTemperature5_4000_4852_4900.txt,UCR,,True,CIMIS44AirTemperature5,4000,4852,4900,8184,1,0.005987292277614858,1,0.5987292277614858,49
010_UCR_Anomaly_DISTORTEDCIMIS44AirTemperature6_4000_6006_6054.txt,UCR,,True,CIMIS44AirTemperature6,4000,6006,6054,8184,1,0.005987292277614858,1,0.7397360703812317,49
011_UCR_Anomaly_DISTORTEDECG1_10000_11800_12100.txt,UCR,,True,ECG1,10000,11800,12100,30000,1,0.010033333333333333,1,0.4033333333333333,301
012_UCR_Anomaly_DISTORTEDECG2_15000_16000_16100.txt,UCR,,True,ECG2,15000,16000,16100,30000,1,0.0033666666666666667,1,0.5366666666666666,101
013_UCR_Anomaly_DISTORTEDECG3_15000_16000_16100.txt,UCR,,True,ECG3,15000,16000,16100,30000,1,0.0033666666666666667,1,0.5366666666666666,101
014_UCR_Anomaly_DISTORTEDECG3_8000_17000_17100.txt,UCR,,True,ECG3,8000,17000,17100,30000,1,0.0033666666666666667,1,0.57,101
015_UCR_Anomaly_DISTORTEDECG4_5000_16800_17100.txt,UCR,,True,ECG4,5000,16800,17100,200000,1,0.001505,1,0.0855,301
016_UCR_Anomaly_DISTORTEDECG4_5000_16900_17100.txt,UCR,,True,ECG4,5000,16900,17100,30000,1,0.0067,1,0.57,201
017_UCR_Anomaly_DISTORTEDECG4_5000_17000_17100.txt,UCR,,True,ECG4,5000,17000,17100,30000,1,0.0033666666666666667,1,0.57,101
018_UCR_Anomaly_DISTORTEDECG4_8000_17000_17100.txt,UCR,,True,ECG4,8000,17000,17100,30000,1,0.0033666666666666667,1,0.57,101
019_UCR_Anomaly_DISTORTEDGP711MarkerLFM5z1_5000_6168_6212.txt,UCR,,True,GP711MarkerLFM5z1,5000,6168,6212,12000,1,0.00375,1,0.5176666666666667,45
020_UCR_Anomaly_DISTORTEDGP711MarkerLFM5z2_5000_7175_7388.txt,UCR,,True,GP711MarkerLFM5z2,5000,7175,7388,12000,1,0.017833333333333333,1,0.6156666666666667,214
021_UCR_Anomaly_DISTORTEDGP711MarkerLFM5z3_5000_5948_5993.txt,UCR,,True,GP711MarkerLFM5z3,5000,5948,5993,12000,1,0.003833333333333333,1,0.4994166666666667,46
022_UCR_Anomaly_DISTORTEDGP711MarkerLFM5z4_4000_6527_6645.txt,UCR,,True,GP711MarkerLFM5z4,4000,6527,6645,12000,1,0.009916666666666667,1,0.55375,119
023_UCR_Anomaly_DISTORTEDGP711MarkerLFM5z5_5000_8612_8716.txt,UCR,,True,GP711MarkerLFM5z5,5000,8612,8716,12000,1,0.00875,1,0.7263333333333334,105
024_UCR_Anomaly_DISTORTEDInternalBleeding10_3200_4526_4556.txt,UCR,,True,InternalBleeding10,3200,4526,4556,7501,1,0.0041327822956939075,1,0.6073856819090788,31
025_UCR_Anomaly_DISTORTEDInternalBleeding14_2800_5607_5634.txt,UCR,,True,InternalBleeding14,2800,5607,5634,7501,1,0.0037328356219170776,1,0.7510998533528863,28
026_UCR_Anomaly_DISTORTEDInternalBleeding15_1700_5684_5854.txt,UCR,,True,InternalBleeding15,1700,5684,5854,7601,1,0.0224970398631759,1,0.770161820813051,171
027_UCR_Anomaly_DISTORTEDInternalBleeding16_1200_4187_4199.txt,UCR,,True,InternalBleeding16,1200,4187,4199,7501,1,0.0017331022530329288,1,0.5597920277296361,13
028_UCR_Anomaly_DISTORTEDInternalBleeding17_1600_3198_3309.txt,UCR,,True,InternalBleeding17,1600,3198,3309,7500,1,0.014933333333333333,1,0.4412,112
029_UCR_Anomaly_DISTORTEDInternalBleeding18_2300_4485_4587.txt,UCR,,True,InternalBleeding18,2300,4485,4587,7500,1,0.013733333333333334,1,0.6116,103
030_UCR_Anomaly_DISTORTEDInternalBleeding19_3000_4187_4197.txt,UCR,,True,InternalBleeding19,3000,4187,4197,7500,1,0.0014666666666666667,1,0.5596,11
031_UCR_Anomaly_DISTORTEDInternalBleeding20_2700_5759_5919.txt,UCR,,True,InternalBleeding20,2700,5759,5919,7500,1,0.021466666666666665,1,0.7892,161
032_UCR_Anomaly_DISTORTEDInternalBleeding4_1000_4675_5033.txt,UCR,,True,InternalBleeding4,1000,4675,5033,7321,1,0.04903701680098347,1,0.687474388744707,359
033_UCR_Anomaly_DISTORTEDInternalBleeding5_4000_6200_6370.txt,UCR,,True,InternalBleeding5,4000,6200,6370,7415,1,0.02306136210384356,1,0.8590694538098449,171
034_UCR_Anomaly_DISTORTEDInternalBleeding6_1500_3474_3629.txt,UCR,,True,InternalBleeding6,1500,3474,3629,7654,1,0.02038149986934936,1,0.4741311732427489,156
035_UCR_Anomaly_DISTORTEDInternalBleeding8_2500_5865_5974.txt,UCR,,True,InternalBleeding8,2500,5865,5974,7501,1,0.014664711371817091,1,0.7964271430475937,110
036_UCR_Anomaly_DISTORTEDInternalBleeding9_4200_6599_6681.txt,UCR,,True,InternalBleeding9,4200,6599,6681,7501,1,0.011065191307825623,1,0.8906812425009999,83
037_UCR_Anomaly_DISTORTEDLab2Cmac011215EPG1_5000_17210_17260.txt,UCR,,True,Lab2Cmac011215EPG1,5000,17210,17260,30001,1,0.0016999433352221593,1,0.5753141561947935,51
038_UCR_Anomaly_DISTORTEDLab2Cmac011215EPG2_5000_27862_27932.txt,UCR,,True,Lab2Cmac011215EPG2,5000,27862,27932,29950,1,0.0023706176961602672,1,0.9326210350584307,71
039_UCR_Anomaly_DISTORTEDLab2Cmac011215EPG3_5000_16390_16420.txt,UCR,,True,Lab2Cmac011215EPG3,5000,16390,16420,29950,1,0.001035058430717863,1,0.5482470784641068,31
040_UCR_Anomaly_DISTORTEDLab2Cmac011215EPG4_6000_17390_17520.txt,UCR,,True,Lab2Cmac011215EPG4,6000,17390,17520,30066,1,0.004357081088272467,1,0.5827180203552185,131
041_UCR_Anomaly_DISTORTEDLab2Cmac011215EPG5_7000_17390_17520.txt,UCR,,True,Lab2Cmac011215EPG5,7000,17390,17520,29826,1,0.004392141084959431,1,0.5874069603701468,131
042_UCR_Anomaly_DISTORTEDLab2Cmac011215EPG6_7000_12190_12420.txt,UCR,,True,Lab2Cmac011215EPG6,7000,12190,12420,29859,1,0.007736360896212198,1,0.4159549884456948,231
043_UCR_Anomaly_DISTORTEDMesoplodonDensirostris_10000_19280_19440.txt,UCR,,True,MesoplodonDensirostris,10000,19280,19440,24667,1,0.006526938825151011,1,0.7880974581424576,161
044_UCR_Anomaly_DISTORTEDPowerDemand1_9000_18485_18821.txt,UCR,,True,PowerDemand1,9000,18485,18821,29931,1,0.01125922956132438,1,0.6288129364204337,337
045_UCR_Anomaly_DISTORTEDPowerDemand2_14000_23357_23717.txt,UCR,,True,PowerDemand2,14000,23357,23717,29931,1,0.012061073803080418,1,0.7923891617386656,361
046_UCR_Anomaly_DISTORTEDPowerDemand3_16000_23405_23477.txt,UCR,,True,PowerDemand3,16000,23405,23477,29931,1,0.0024389429020079518,1,0.7843707193211052,73
047_UCR_Anomaly_DISTORTEDPowerDemand4_18000_24005_24077.txt,UCR,,True,PowerDemand4,18000,24005,24077,29931,1,0.0024389429020079518,1,0.8044168253650061,73
048_UCR_Anomaly_DISTORTEDTkeepFifthMARS_3500_5988_6085.txt,UCR,,True,TkeepFifthMARS,3500,5988,6085,11334,1,0.008646550202929239,1,0.5368801835186165,98
049_UCR_Anomaly_DISTORTEDTkeepFirstMARS_3500_5365_5380.txt,UCR,,True,TkeepFirstMARS,3500,5365,5380,11406,1,0.0014027704716815712,1,0.4716815711029283,16
050_UCR_Anomaly_DISTORTEDTkeepForthMARS_3500_5988_6085.txt,UCR,,True,TkeepForthMARS,3500,5988,6085,11308,1,0.008666430845419171,1,0.5381146091262823,98
051_UCR_Anomaly_DISTORTEDTkeepSecondMARS_3500_9330_9340.txt,UCR,,True,TkeepSecondMARS,3500,9330,9340,11388,1,0.000965929048120829,1,0.8201615735862311,11
052_UCR_Anomaly_DISTORTEDTkeepThirdMARS_3500_4711_4809.txt,UCR,,True,TkeepThirdMARS,3500,4711,4809,11308,1,0.008754863813229572,1,0.42527414220021226,99
053_UCR_Anomaly_DISTORTEDWalkingAceleration1_1500_2764_2995.txt,UCR,,True,WalkingAceleration1,1500,2764,2995,6684,1,0.034709754637941355,1,0.44808497905445843,232
054_UCR_Anomaly_DISTORTEDWalkingAceleration5_2700_5920_5979.txt,UCR,,True,WalkingAceleration5,2700,5920,5979,6684,1,0.008976660682226212,1,0.894524236983842,60
055_UCR_Anomaly_DISTORTEDapneaecg2_10000_20950_21100.txt,UCR,,True,apneaecg2,10000,20950,21100,38501,1,0.0039219760525700635,1,0.5480377133061479,151
056_UCR_Anomaly_DISTORTEDapneaecg3_5000_11111_11211.txt,UCR,,True,apneaecg3,5000,11111,11211,38379,1,0.00263164751556841,1,0.2921128742280935,101
057_UCR_Anomaly_DISTORTEDapneaecg4_6000_16000_16100.txt,UCR,,True,apneaecg4,6000,16000,16100,38269,1,0.002639211894745094,1,0.4207060545088714,101
058_UCR_Anomaly_DISTORTEDapneaecg_10000_12240_12308.txt,UCR,,True,apneaecg,10000,12240,12308,38501,1,0.0017921612425651282,1,0.3196800083114724,69
059_UCR_Anomaly_DISTORTEDgait1_20000_38500_38800.txt,UCR,,True,gait1,20000,38500,38800,65000,1,0.004630769230769231,1,0.5969230769230769,301
060_UCR_Anomaly_DISTORTEDgait2_22000_46500_46800.txt,UCR,,True,gait2,22000,46500,46800,65000,1,0.004630769230769231,1,0.72,301
061_UCR_Anomaly_DISTORTEDgait3_24500_59900_60500.txt,UCR,,True,gait3,24500,59900,60500,65000,1,0.009246153846153847,1,0.9307692307692308,601
062_UCR_Anomaly_DISTORTEDgaitHunt1_18500_33070_33180.txt,UCR,,True,gaitHunt1,18500,33070,33180,64000,1,0.001734375,1,0.5184375,111
063_UCR_Anomaly_DISTORTEDgaitHunt2_18500_31200_31850.txt,UCR,,True,gaitHunt2,18500,31200,31850,64000,1,0.010171875,1,0.49765625,651
064_UCR_Anomaly_DISTORTEDgaitHunt3_23400_38400_39200.txt,UCR,,True,gaitHunt3,23400,38400,39200,64000,1,0.012515625,1,0.6125,801
065_UCR_Anomaly_DISTORTEDinsectEPG1_3000_7000_7030.txt,UCR,,True,insectEPG1,3000,7000,7030,10001,1,0.0030996900309969004,1,0.702929707029297,31
066_UCR_Anomaly_DISTORTEDinsectEPG2_3700_8000_8025.txt,UCR,,True,insectEPG2,3700,8000,8025,9998,1,0.002600520104020804,1,0.8026605321064213,26
067_UCR_Anomaly_DISTORTEDinsectEPG3_5200_7000_7050.txt,UCR,,True,insectEPG3,5200,7000,7050,9998,1,0.005101020204040808,1,0.7051410282056412,51
068_UCR_Anomaly_DISTORTEDinsectEPG4_1300_6508_6558.txt,UCR,,True,insectEPG4,1300,6508,6558,9998,1,0.005101020204040808,1,0.6559311862372474,51
069_UCR_Anomaly_DISTORTEDinsectEPG5_3200_8500_8501.txt,UCR,,True,insectEPG5,3200,8500,8501,10028,1,0.00019944156362185878,1,0.8477263661747108,2
070_UCR_Anomaly_DISTORTEDltstdbs30791AI_17555_52600_52800.txt,UCR,,True,ltstdbs30791AI,17555,52600,52800,56123,1,0.0035814193824278816,1,0.9407907631452346,201
071_UCR_Anomaly_DISTORTEDltstdbs30791AS_23000_52600_52800.txt,UCR,,True,ltstdbs30791AS,23000,52600,52800,55000,1,0.0036545454545454546,1,0.96,201
072_UCR_Anomaly_DISTORTEDltstdbs30791ES_20000_52600_52800.txt,UCR,,True,ltstdbs30791ES,20000,52600,52800,55000,1,0.0036545454545454546,1,0.96,201
073_UCR_Anomaly_DISTORTEDpark3m_60000_72150_72495.txt,UCR,,True,park3m,60000,72150,72495,90000,1,0.0038444444444444446,1,0.8055,346
074_UCR_Anomaly_DISTORTEDqtdbSel1005V_4000_12400_12800.txt,UCR,,True,qtdbSel1005V,4000,12400,12800,36001,1,0.011138579483903226,1,0.35554567928668646,401
075_UCR_Anomaly_DISTORTEDqtdbSel100MLII_4000_13400_13800.txt,UCR,,True,qtdbSel100MLII,4000,13400,13800,30000,1,0.013366666666666667,1,0.46,401
076_UCR_Anomaly_DISTORTEDresperation10_48000_130700_131880.txt,UCR,,True,resperation10,48000,130700,131880,195000,1,0.006056410256410257,1,0.6763076923076923,1181
077_UCR_Anomaly_DISTORTEDresperation11_58000_110800_110801.txt,UCR,,True,resperation11,58000,110800,110801,195000,1,1.0256410256410256e-05,1,0.5682102564102565,2
078_UCR_Anomaly_DISTORTEDresperation1_100000_110260_110412.txt,UCR,,True,resperation1,100000,110260,110412,200000,1,0.000765,1,0.55206,153
079_UCR_Anomaly_DISTORTEDresperation2_30000_168250_168250.txt,UCR,,True,resperation2,30000,168250,168250,200051,1,4.998725325042114e-06,1,0.8410355359383357,1
080_UCR_Anomaly_DISTORTEDresperation2_30000_168250_168251.txt,UCR,,True,resperation2,30000,168250,168251,190050,1,1.0523546435148646e-05,1,0.8852986056300973,2
081_UCR_Anomaly_DISTORTEDresperation3_45000_158250_158251.txt,UCR,,True,resperation3,45000,158250,158251,190100,1,1.0520778537611784e-05,1,0.8324618621778012,2
082_UCR_Anomaly_DISTORTEDresperation4_70000_128430_128431.txt,UCR,,True,resperation4,70000,128430,128431,195250,1,1.0243277848911652e-05,1,0.6577772087067861,2
083_UCR_Anomaly_DISTORTEDresperation9_38000_143411_143511.txt,UCR,,True,resperation9,38000,143411,143511,195000,1,0.0005179487179487179,1,0.7359538461538462,101
084_UCR_Anomaly_DISTORTEDs20101mML2_12000_35774_35874.txt,UCR,,True,s20101mML2,12000,35774,35874,40000,1,0.002525,1,0.89685,101
085_UCR_Anomaly_DISTORTEDs20101m_10000_35774_35874.txt,UCR,,True,s20101m,10000,35774,35874,40000,1,0.002525,1,0.89685,101
086_UCR_Anomaly_DISTORTEDsddb49_20000_67950_68200.txt,UCR,,True,sddb49,20000,67950,68200,80000,1,0.0031375,1,0.8525,251
087_UCR_Anomaly_DISTORTEDsel840mECG1_17000_51370_51740.txt,UCR,,True,sel840mECG1,17000,51370,51740,60000,1,0.006183333333333333,1,0.8623333333333333,371
088_UCR_Anomaly_DISTORTEDsel840mECG2_20000_49370_49740.txt,UCR,,True,sel840mECG2,20000,49370,49740,57001,1,0.006508657742846617,1,0.872616269890002,371
089_UCR_Anomaly_DISTORTEDtiltAPB1_100000_114283_114350.txt,UCR,,True,tiltAPB1,100000,114283,114350,130001,1,0.0005230728994392351,1,0.8796086183952431,68
090_UCR_Anomaly_DISTORTEDtiltAPB2_50000_124159_124985.txt,UCR,,True,tiltAPB2,50000,124159,124985,128767,1,0.006422452957667725,1,0.9706291208151157,827
091_UCR_Anomaly_DISTORTEDtiltAPB3_40000_114000_114370.txt,UCR,,True,tiltAPB3,40000,114000,114370,129489,1,0.002865108233131772,1,0.8832410475021044,371
092_UCR_Anomaly_DISTORTEDtiltAPB4_20000_67995_67996.txt,UCR,,True,tiltAPB4,20000,67995,67996,128001,1,1.5624877930641168e-05,1,0.5312145998859384,2
093_UCR_Anomaly_NOISE1sddb40_35000_52000_52620.txt,UCR,,False,NOISE1sddb40,35000,52000,52620,79795,1,0.007782442508929131,1,0.6594398145247196,621
094_UCR_Anomaly_NOISEBIDMC1_2500_5400_5600.txt,UCR,,False,NOISEBIDMC1,2500,5400,5600,11000,1,0.018272727272727274,1,0.509090909090909,201
095_UCR_Anomaly_NOISECIMIS44AirTemperature4_4000_5549_5597.txt,UCR,,False,NOISECIMIS44AirTemperature4,4000,5549,5597,8184,1,0.005987292277614858,1,0.6838954056695992,49
096_UCR_Anomaly_NOISEECG4_5000_16900_17100.txt,UCR,,False,NOISEECG4,5000,16900,17100,30000,1,0.0067,1,0.57,201
097_UCR_Anomaly_NOISEGP711MarkerLFM5z3_5000_5948_5993.txt,UCR,,False,NOISEGP711MarkerLFM5z3,5000,5948,5993,12000,1,0.003833333333333333,1,0.4994166666666667,46
098_UCR_Anomaly_NOISEInternalBleeding16_1200_4187_4199.txt,UCR,,False,NOISEInternalBleeding16,1200,4187,4199,7501,1,0.0017331022530329288,1,0.5597920277296361,13
099_UCR_Anomaly_NOISEInternalBleeding6_1500_3474_3629.txt,UCR,,False,NOISEInternalBleeding6,1500,3474,3629,7654,1,0.02038149986934936,1,0.4741311732427489,156
100_UCR_Anomaly_NOISELab2Cmac011215EPG1_5000_17210_17260.txt,UCR,,False,NOISELab2Cmac011215EPG1,5000,17210,17260,30001,1,0.0016999433352221593,1,0.5753141561947935,51
101_UCR_Anomaly_NOISELab2Cmac011215EPG4_6000_17390_17520.txt,UCR,,False,NOISELab2Cmac011215EPG4,6000,17390,17520,30066,1,0.004357081088272467,1,0.5827180203552185,131
102_UCR_Anomaly_NOISEMesoplodonDensirostris_10000_19280_19440.txt,UCR,,False,NOISEMesoplodonDensirostris,10000,19280,19440,24667,1,0.006526938825151011,1,0.7880974581424576,161
103_UCR_Anomaly_NOISETkeepThirdMARS_3500_4711_4809.txt,UCR,,False,NOISETkeepThirdMARS,3500,4711,4809,11308,1,0.008754863813229572,1,0.42527414220021226,99
104_UCR_Anomaly_NOISEapneaecg4_6000_16000_16100.txt,UCR,,False,NOISEapneaecg4,6000,16000,16100,38269,1,0.002639211894745094,1,0.4207060545088714,101
105_UCR_Anomaly_NOISEgait3_24500_59900_60500.txt,UCR,,False,NOISEgait3,24500,59900,60500,65000,1,0.009246153846153847,1,0.9307692307692308,601
106_UCR_Anomaly_NOISEgaitHunt2_18500_31200_31850.txt,UCR,,False,NOISEgaitHunt2,18500,31200,31850,64000,1,0.010171875,1,0.49765625,651
107_UCR_Anomaly_NOISEinsectEPG3_5200_7000_7050.txt,UCR,,False,NOISEinsectEPG3,5200,7000,7050,9998,1,0.005101020204040808,1,0.7051410282056412,51
108_UCR_Anomaly_NOISEresperation2_30000_168250_168250.txt,UCR,,False,NOISEresperation2,30000,168250,168250,200051,1,4.998725325042114e-06,1,0.8410355359383357,1
109_UCR_Anomaly_1sddb40_35000_52000_52620.txt,UCR,,False,1sddb40,35000,52000,52620,79795,1,0.007782442508929131,1,0.6594398145247196,621
110_UCR_Anomaly_2sddb40_35000_56600_56900.txt,UCR,,False,2sddb40,35000,56600,56900,80001,1,0.0037624529693378833,1,0.7112411094861314,301
111_UCR_Anomaly_3sddb40_35000_46600_46900.txt,UCR,,False,3sddb40,35000,46600,46900,80000,1,0.0037625,1,0.58625,301
112_UCR_Anomaly_BIDMC1_2500_5400_5600.txt,UCR,,False,BIDMC1,2500,5400,5600,11000,1,0.018272727272727274,1,0.509090909090909,201
113_UCR_Anomaly_CIMIS44AirTemperature1_4000_5391_5392.txt,UCR,,False,CIMIS44AirTemperature1,4000,5391,5392,8184,1,0.00024437927663734115,1,0.6588465298142717,2
114_UCR_Anomaly_CIMIS44AirTemperature2_4000_5703_5727.txt,UCR,,False,CIMIS44AirTemperature2,4000,5703,5727,8184,1,0.0030547409579667643,1,0.6997800586510264,25
115_UCR_Anomaly_CIMIS44AirTemperature3_4000_6520_6544.txt,UCR,,False,CIMIS44AirTemperature3,4000,6520,6544,8184,1,0.0030547409579667643,1,0.7996089931573802,25
116_UCR_Anomaly_CIMIS44AirTemperature4_4000_5549_5597.txt,UCR,,False,CIMIS44AirTemperature4,4000,5549,5597,8184,1,0.005987292277614858,1,0.6838954056695992,49
117_UCR_Anomaly_CIMIS44AirTemperature5_4000_4852_4900.txt,UCR,,False,CIMIS44AirTemperature5,4000,4852,4900,8184,1,0.005987292277614858,1,0.5987292277614858,49
118_UCR_Anomaly_CIMIS44AirTemperature6_4000_6006_6054.txt,UCR,,False,CIMIS44AirTemperature6,4000,6006,6054,8184,1,0.005987292277614858,1,0.7397360703812317,49
119_UCR_Anomaly_ECG1_10000_11800_12100.txt,UCR,,False,ECG1,10000,11800,12100,30000,1,0.010033333333333333,1,0.4033333333333333,301
120_UCR_Anomaly_ECG2_15000_16000_16100.txt,UCR,,False,ECG2,15000,16000,16100,30000,1,0.0033666666666666667,1,0.5366666666666666,101
121_UCR_Anomaly_ECG3_15000_16000_16100.txt,UCR,,False,ECG3,15000,16000,16100,30000,1,0.0033666666666666667,1,0.5366666666666666,101
122_UCR_Anomaly_ECG3_8000_17000_17100.txt,UCR,,False,ECG3,8000,17000,17100,30000,1,0.0033666666666666667,1,0.57,101
123_UCR_Anomaly_ECG4_5000_16800_17100.txt,UCR,,False,ECG4,5000,16800,17100,200000,1,0.001505,1,0.0855,301
124_UCR_Anomaly_ECG4_5000_16900_17100.txt,UCR,,False,ECG4,5000,16900,17100,30000,1,0.0067,1,0.57,201
125_UCR_Anomaly_ECG4_5000_17000_17100.txt,UCR,,False,ECG4,5000,17000,17100,30000,1,0.0033666666666666667,1,0.57,101
126_UCR_Anomaly_ECG4_8000_17000_17100.txt,UCR,,False,ECG4,8000,17000,17100,30000,1,0.0033666666666666667,1,0.57,101
127_UCR_Anomaly_GP711MarkerLFM5z1_5000_6168_6212.txt,UCR,,False,GP711MarkerLFM5z1,5000,6168,6212,12000,1,0.00375,1,0.5176666666666667,45
128_UCR_Anomaly_GP711MarkerLFM5z2_5000_7175_7388.txt,UCR,,False,GP711MarkerLFM5z2,5000,7175,7388,12000,1,0.017833333333333333,1,0.6156666666666667,214
129_UCR_Anomaly_GP711MarkerLFM5z3_5000_5948_5993.txt,UCR,,False,GP711MarkerLFM5z3,5000,5948,5993,12000,1,0.003833333333333333,1,0.4994166666666667,46
130_UCR_Anomaly_GP711MarkerLFM5z4_4000_6527_6645.txt,UCR,,False,GP711MarkerLFM5z4,4000,6527,6645,12000,1,0.009916666666666667,1,0.55375,119
131_UCR_Anomaly_GP711MarkerLFM5z5_5000_8612_8716.txt,UCR,,False,GP711MarkerLFM5z5,5000,8612,8716,12000,1,0.00875,1,0.7263333333333334,105
132_UCR_Anomaly_InternalBleeding10_3200_4526_4556.txt,UCR,,False,InternalBleeding10,3200,4526,4556,7501,1,0.0041327822956939075,1,0.6073856819090788,31
133_UCR_Anomaly_InternalBleeding14_2800_5607_5634.txt,UCR,,False,InternalBleeding14,2800,5607,5634,7501,1,0.0037328356219170776,1,0.7510998533528863,28
134_UCR_Anomaly_InternalBleeding15_1700_5684_5854.txt,UCR,,False,InternalBleeding15,1700,5684,5854,7601,1,0.0224970398631759,1,0.770161820813051,171
135_UCR_Anomaly_InternalBleeding16_1200_4187_4199.txt,UCR,,False,InternalBleeding16,1200,4187,4199,7501,1,0.0017331022530329288,1,0.5597920277296361,13
136_UCR_Anomaly_InternalBleeding17_1600_3198_3309.txt,UCR,,False,InternalBleeding17,1600,3198,3309,7500,1,0.014933333333333333,1,0.4412,112
137_UCR_Anomaly_InternalBleeding18_2300_4485_4587.txt,UCR,,False,InternalBleeding18,2300,4485,4587,7500,1,0.013733333333333334,1,0.6116,103
138_UCR_Anomaly_InternalBleeding19_3000_4187_4197.txt,UCR,,False,InternalBleeding19,3000,4187,4197,7500,1,0.0014666666666666667,1,0.5596,11
139_UCR_Anomaly_InternalBleeding20_2700_5759_5919.txt,UCR,,False,InternalBleeding20,2700,5759,5919,7500,1,0.021466666666666665,1,0.7892,161
140_UCR_Anomaly_InternalBleeding4_1000_4675_5033.txt,UCR,,False,InternalBleeding4,1000,4675,5033,7321,1,0.04903701680098347,1,0.687474388744707,359
141_UCR_Anomaly_InternalBleeding5_4000_6200_6370.txt,UCR,,False,InternalBleeding5,4000,6200,6370,7415,1,0.02306136210384356,1,0.8590694538098449,171
142_UCR_Anomaly_InternalBleeding6_1500_3474_3629.txt,UCR,,False,InternalBleeding6,1500,3474,3629,7654,1,0.02038149986934936,1,0.4741311732427489,156
143_UCR_Anomaly_InternalBleeding8_2500_5865_5974.txt,UCR,,False,InternalBleeding8,2500,5865,5974,7501,1,0.014664711371817091,1,0.7964271430475937,110
144_UCR_Anomaly_InternalBleeding9_4200_6599_6681.txt,UCR,,False,InternalBleeding9,4200,6599,6681,7501,1,0.011065191307825623,1,0.8906812425009999,83
145_UCR_Anomaly_Lab2Cmac011215EPG1_5000_17210_17260.txt,UCR,,False,Lab2Cmac011215EPG1,5000,17210,17260,30001,1,0.0016999433352221593,1,0.5753141561947935,51
146_UCR_Anomaly_Lab2Cmac011215EPG2_5000_27862_27932.txt,UCR,,False,Lab2Cmac011215EPG2,5000,27862,27932,29950,1,0.0023706176961602672,1,0.9326210350584307,71
147_UCR_Anomaly_Lab2Cmac011215EPG3_5000_16390_16420.txt,UCR,,False,Lab2Cmac011215EPG3,5000,16390,16420,29950,1,0.001035058430717863,1,0.5482470784641068,31
148_UCR_Anomaly_Lab2Cmac011215EPG4_6000_17390_17520.txt,UCR,,False,Lab2Cmac011215EPG4,6000,17390,17520,30066,1,0.004357081088272467,1,0.5827180203552185,131
149_UCR_Anomaly_Lab2Cmac011215EPG5_7000_17390_17520.txt,UCR,,False,Lab2Cmac011215EPG5,7000,17390,17520,29826,1,0.004392141084959431,1,0.5874069603701468,131
150_UCR_Anomaly_Lab2Cmac011215EPG6_7000_12190_12420.txt,UCR,,False,Lab2Cmac011215EPG6,7000,12190,12420,29859,1,0.007736360896212198,1,0.4159549884456948,231
151_UCR_Anomaly_MesoplodonDensirostris_10000_19280_19440.txt,UCR,,False,MesoplodonDensirostris,10000,19280,19440,24667,1,0.006526938825151011,1,0.7880974581424576,161
152_UCR_Anomaly_PowerDemand1_9000_18485_18821.txt,UCR,,False,PowerDemand1,9000,18485,18821,29931,1,0.01125922956132438,1,0.6288129364204337,337
153_UCR_Anomaly_PowerDemand2_14000_23357_23717.txt,UCR,,False,PowerDemand2,14000,23357,23717,29931,1,0.012061073803080418,1,0.7923891617386656,361
154_UCR_Anomaly_PowerDemand3_16000_23405_23477.txt,UCR,,False,PowerDemand3,16000,23405,23477,29931,1,0.0024389429020079518,1,0.7843707193211052,73
155_UCR_Anomaly_PowerDemand4_18000_24005_24077.txt,UCR,,False,PowerDemand4,18000,24005,24077,29931,1,0.0024389429020079518,1,0.8044168253650061,73
156_UCR_Anomaly_TkeepFifthMARS_3500_5988_6085.txt,UCR,,False,TkeepFifthMARS,3500,5988,6085,11334,1,0.008646550202929239,1,0.5368801835186165,98
157_UCR_Anomaly_TkeepFirstMARS_3500_5365_5380.txt,UCR,,False,TkeepFirstMARS,3500,5365,5380,11406,1,0.0014027704716815712,1,0.4716815711029283,16
158_UCR_Anomaly_TkeepForthMARS_3500_5988_6085.txt,UCR,,False,TkeepForthMARS,3500,5988,6085,11308,1,0.008666430845419171,1,0.5381146091262823,98
159_UCR_Anomaly_TkeepSecondMARS_3500_9330_9340.txt,UCR,,False,TkeepSecondMARS,3500,9330,9340,11388,1,0.000965929048120829,1,0.8201615735862311,11
160_UCR_Anomaly_TkeepThirdMARS_3500_4711_4809.txt,UCR,,False,TkeepThirdMARS,3500,4711,4809,11308,1,0.008754863813229572,1,0.42527414220021226,99
161_UCR_Anomaly_WalkingAceleration1_1500_2764_2995.txt,UCR,,False,WalkingAceleration1,1500,2764,2995,6684,1,0.034709754637941355,1,0.44808497905445843,232
162_UCR_Anomaly_WalkingAceleration5_2700_5920_5979.txt,UCR,,False,WalkingAceleration5,2700,5920,5979,6684,1,0.008976660682226212,1,0.894524236983842,60
163_UCR_Anomaly_apneaecg2_10000_20950_21100.txt,UCR,,False,apneaecg2,10000,20950,21100,38501,1,0.0039219760525700635,1,0.5480377133061479,151
164_UCR_Anomaly_apneaecg3_5000_11111_11211.txt,UCR,,False,apneaecg3,5000,11111,11211,38379,1,0.00263164751556841,1,0.2921128742280935,101
165_UCR_Anomaly_apneaecg4_6000_16000_16100.txt,UCR,,False,apneaecg4,6000,16000,16100,38269,1,0.002639211894745094,1,0.4207060545088714,101
166_UCR_Anomaly_apneaecg_10000_12240_12308.txt,UCR,,False,apneaecg,10000,12240,12308,38501,1,0.0017921612425651282,1,0.3196800083114724,69
167_UCR_Anomaly_gait1_20000_38500_38800.txt,UCR,,False,gait1,20000,38500,38800,65000,1,0.004630769230769231,1,0.5969230769230769,301
168_UCR_Anomaly_gait2_22000_46500_46800.txt,UCR,,False,gait2,22000,46500,46800,65000,1,0.004630769230769231,1,0.72,301
169_UCR_Anomaly_gait3_24500_59900_60500.txt,UCR,,False,gait3,24500,59900,60500,65000,1,0.009246153846153847,1,0.9307692307692308,601
170_UCR_Anomaly_gaitHunt1_18500_33070_33180.txt,UCR,,False,gaitHunt1,18500,33070,33180,64000,1,0.001734375,1,0.5184375,111
171_UCR_Anomaly_gaitHunt2_18500_31200_31850.txt,UCR,,False,gaitHunt2,18500,31200,31850,64000,1,0.010171875,1,0.49765625,651
172_UCR_Anomaly_gaitHunt3_23400_38400_39200.txt,UCR,,False,gaitHunt3,23400,38400,39200,64000,1,0.012515625,1,0.6125,801
173_UCR_Anomaly_insectEPG1_3000_7000_7030.txt,UCR,,False,insectEPG1,3000,7000,7030,10001,1,0.0030996900309969004,1,0.702929707029297,31
174_UCR_Anomaly_insectEPG2_3700_8000_8025.txt,UCR,,False,insectEPG2,3700,8000,8025,9998,1,0.002600520104020804,1,0.8026605321064213,26
175_UCR_Anomaly_insectEPG3_5200_7000_7050.txt,UCR,,False,insectEPG3,5200,7000,7050,9998,1,0.005101020204040808,1,0.7051410282056412,51
176_UCR_Anomaly_insectEPG4_1300_6508_6558.txt,UCR,,False,insectEPG4,1300,6508,6558,9998,1,0.005101020204040808,1,0.6559311862372474,51
177_UCR_Anomaly_insectEPG5_3200_8500_8501.txt,UCR,,False,insectEPG5,3200,8500,8501,10028,1,0.00019944156362185878,1,0.8477263661747108,2
178_UCR_Anomaly_ltstdbs30791AI_17555_52600_52800.txt,UCR,,False,ltstdbs30791AI,17555,52600,52800,56123,1,0.0035814193824278816,1,0.9407907631452346,201
179_UCR_Anomaly_ltstdbs30791AS_23000_52600_52800.txt,UCR,,False,ltstdbs30791AS,23000,52600,52800,55000,1,0.0036545454545454546,1,0.96,201
180_UCR_Anomaly_ltstdbs30791ES_20000_52600_52800.txt,UCR,,False,ltstdbs30791ES,20000,52600,52800,55000,1,0.0036545454545454546,1,0.96,201
181_UCR_Anomaly_park3m_60000_72150_72495.txt,UCR,,False,park3m,60000,72150,72495,90000,1,0.0038444444444444446,1,0.8055,346
182_UCR_Anomaly_qtdbSel1005V_4000_12400_12800.txt,UCR,,False,qtdbSel1005V,4000,12400,12800,36001,1,0.011138579483903226,1,0.35554567928668646,401
183_UCR_Anomaly_qtdbSel100MLII_4000_13400_13800.txt,UCR,,False,qtdbSel100MLII,4000,13400,13800,30000,1,0.013366666666666667,1,0.46,401
184_UCR_Anomaly_resperation10_48000_130700_131880.txt,UCR,,False,resperation10,48000,130700,131880,195000,1,0.006056410256410257,1,0.6763076923076923,1181
185_UCR_Anomaly_resperation11_58000_110800_110801.txt,UCR,,False,resperation11,58000,110800,110801,195000,1,1.0256410256410256e-05,1,0.5682102564102565,2
186_UCR_Anomaly_resperation1_100000_110260_110412.txt,UCR,,False,resperation1,100000,110260,110412,200000,1,0.000765,1,0.55206,153
187_UCR_Anomaly_resperation2_30000_168250_168250.txt,UCR,,False,resperation2,30000,168250,168250,200051,1,4.998725325042114e-06,1,0.8410355359383357,1
188_UCR_Anomaly_resperation2_30000_168250_168251.txt,UCR,,False,resperation2,30000,168250,168251,190050,1,1.0523546435148646e-05,1,0.8852986056300973,2
189_UCR_Anomaly_resperation3_45000_158250_158251.txt,UCR,,False,resperation3,45000,158250,158251,190100,1,1.0520778537611784e-05,1,0.8324618621778012,2
190_UCR_Anomaly_resperation4_70000_128430_128431.txt,UCR,,False,resperation4,70000,128430,128431,195250,1,1.0243277848911652e-05,1,0.6577772087067861,2
191_UCR_Anomaly_resperation9_38000_143411_143511.txt,UCR,,False,resperation9,38000,143411,143511,195000,1,0.0005179487179487179,1,0.7359538461538462,101
192_UCR_Anomaly_s20101mML2_12000_35774_35874.txt,UCR,,False,s20101mML2,12000,35774,35874,40000,1,0.002525,1,0.89685,101
193_UCR_Anomaly_s20101m_10000_35774_35874.txt,UCR,,False,s20101m,10000,35774,35874,40000,1,0.002525,1,0.89685,101
194_UCR_Anomaly_sddb49_20000_67950_68200.txt,UCR,,False,sddb49,20000,67950,68200,80000,1,0.0031375,1,0.8525,251
195_UCR_Anomaly_sel840mECG1_17000_51370_51740.txt,UCR,,False,sel840mECG1,17000,51370,51740,60000,1,0.006183333333333333,1,0.8623333333333333,371
196_UCR_Anomaly_sel840mECG2_20000_49370_49740.txt,UCR,,False,sel840mECG2,20000,49370,49740,57001,1,0.006508657742846617,1,0.872616269890002,371
197_UCR_Anomaly_tiltAPB1_100000_114283_114350.txt,UCR,,False,tiltAPB1,100000,114283,114350,130001,1,0.0005230728994392351,1,0.8796086183952431,68
198_UCR_Anomaly_tiltAPB2_50000_124159_124985.txt,UCR,,False,tiltAPB2,50000,124159,124985,128767,1,0.006422452957667725,1,0.9706291208151157,827
199_UCR_Anomaly_tiltAPB3_40000_114000_114370.txt,UCR,,False,tiltAPB3,40000,114000,114370,129489,1,0.002865108233131772,1,0.8832410475021044,371
200_UCR_Anomaly_tiltAPB4_20000_67995_67996.txt,UCR,,False,tiltAPB4,20000,67995,67996,128001,1,1.5624877930641168e-05,1,0.5312145998859384,2
201_UCR_Anomaly_CHARISfive_10000_17001_17016.txt,UCR,,False,CHARISfive,10000,17001,17016,41347,1,0.0003869688248240501,1,0.4115413452003773,16
202_UCR_Anomaly_CHARISfive_10411_10998_11028.txt,UCR,,False,CHARISfive,10411,10998,11028,41790,1,0.0007418042593921991,1,0.2638908829863604,31
203_UCR_Anomaly_CHARISfive_10500_10995_11028.txt,UCR,,False,CHARISfive,10500,10995,11028,41612,1,0.0008170719984619821,1,0.2650197058540806,34
204_UCR_Anomaly_CHARISfive_12412_15000_15070.txt,UCR,,False,CHARISfive,12412,15000,15070,41999,1,0.0016905164408676397,1,0.3588180670968356,71
205_UCR_Anomaly_CHARISfive_9812_28995_29085.txt,UCR,,False,CHARISfive,9812,28995,29085,39870,1,0.0022824178580386255,1,0.7294958615500376,91
206_UCR_Anomaly_CHARISten_25130_29080_29140.txt,UCR,,False,CHARISten,25130,29080,29140,42000,1,0.0014523809523809524,1,0.6938095238095238,61
207_UCR_Anomaly_CHARISten_3165_26929_26989.txt,UCR,,False,CHARISten,3165,26929,26989,39870,1,0.001529972410333584,1,0.6769250062703788,61
208_UCR_Anomaly_CHARISten_5130_27929_27989.txt,UCR,,False,CHARISten,5130,27929,27989,40870,1,0.0014925373134328358,1,0.6848299486175679,61
209_UCR_Anomaly_Fantasia_19000_26970_27270.txt,UCR,,False,Fantasia,19000,26970,27270,92000,1,0.0032717391304347824,1,0.29641304347826086,301
210_UCR_Anomaly_Italianpowerdemand_36123_74900_74996.txt,UCR,,False,Italianpowerdemand,36123,74900,74996,119819,1,0.0008095544112369491,1,0.6259107487126415,97
211_UCR_Anomaly_Italianpowerdemand_38113_39240_39336.txt,UCR,,False,Italianpowerdemand,38113,39240,39336,119580,1,0.0008111724368623516,1,0.32895132965378826,97
212_UCR_Anomaly_Italianpowerdemand_8913_29480_29504.txt,UCR,,False,Italianpowerdemand,8913,29480,29504,29931,1,0.0008352544184958738,1,0.9857338545320905,25
213_UCR_Anomaly_STAFFIIIDatabase_33211_126920_127370.txt,UCR,,False,STAFFIIIDatabase,33211,126920,127370,300000,1,0.0015033333333333333,1,0.42456666666666665,451
214_UCR_Anomaly_STAFFIIIDatabase_34211_125720_126370.txt,UCR,,False,STAFFIIIDatabase,34211,125720,126370,299690,1,0.0021722446528079013,1,0.4216690580266275,651
215_UCR_Anomaly_STAFFIIIDatabase_36276_106720_107370.txt,UCR,,False,STAFFIIIDatabase,36276,106720,107370,299990,1,0.002170072335744525,1,0.35791193039767993,651
216_UCR_Anomaly_STAFFIIIDatabase_37216_160720_161370.txt,UCR,,False,STAFFIIIDatabase,37216,160720,161370,299890,1,0.0021707959585181235,1,0.5380973023441928,651
217_UCR_Anomaly_STAFFIIIDatabase_38211_150720_151370.txt,UCR,,False,STAFFIIIDatabase,38211,150720,151370,299690,1,0.0021722446528079013,1,0.5050885915445961,651
218_UCR_Anomaly_STAFFIIIDatabase_41117_210720_211370.txt,UCR,,False,STAFFIIIDatabase,41117,210720,211370,299940,1,0.0021704340868173634,1,0.7047076081883044,651
219_UCR_Anomaly_STAFFIIIDatabase_41612_64632_64852.txt,UCR,,False,STAFFIIIDatabase,41612,64632,64852,299840,1,0.000737059765208111,1,0.21628868729989328,221
220_UCR_Anomaly_STAFFIIIDatabase_43217_250720_251370.txt,UCR,,False,STAFFIIIDatabase,43217,250720,251370,299790,1,0.002171520064044831,1,0.838486940858601,651
221_UCR_Anomaly_STAFFIIIDatabase_45616_163632_164852.txt,UCR,,False,STAFFIIIDatabase,45616,163632,164852,298340,1,0.004092645974391634,1,0.552564188509754,1221
222_UCR_Anomaly_mit14046longtermecg_56123_91200_91700.txt,UCR,,False,mit14046longtermecg,56123,91200,91700,211502,1,0.002368771926506605,1,0.43356564004122894,501
223_UCR_Anomaly_mit14046longtermecg_74123_131200_131700.txt,UCR,,False,mit14046longtermecg,74123,131200,131700,180386,1,0.0027773774017939307,1,0.7301010056212788,501
224_UCR_Anomaly_mit14046longtermecg_76123_191200_191700.txt,UCR,,False,mit14046longtermecg,76123,191200,191700,199753,1,0.00250809750041301,1,0.9596852112358764,501
225_UCR_Anomaly_mit14046longtermecg_81214_143000_143300.txt,UCR,,False,mit14046longtermecg,81214,143000,143300,199999,1,0.0015050075250376252,1,0.7165035825179126,301
226_UCR_Anomaly_mit14046longtermecg_96123_123000_123300.txt,UCR,,False,mit14046longtermecg,96123,123000,123300,190001,1,0.0015842021884095348,1,0.6489439529265636,301
227_UCR_Anomaly_mit14134longtermecg_11231_29000_29100.txt,UCR,,False,mit14134longtermecg,11231,29000,29100,59302,1,0.0017031466055107754,1,0.4907085764392432,101
228_UCR_Anomaly_mit14134longtermecg_11361_47830_47850.txt,UCR,,False,mit14134longtermecg,11361,47830,47850,59000,1,0.0003559322033898305,1,0.8110169491525424,21
229_UCR_Anomaly_mit14134longtermecg_16363_57960_57970.txt,UCR,,False,mit14134longtermecg,16363,57960,57970,59000,1,0.0001864406779661017,1,0.9825423728813559,11
230_UCR_Anomaly_mit14134longtermecg_19363_19510_19610.txt,UCR,,False,mit14134longtermecg,19363,19510,19610,59000,1,0.001711864406779661,1,0.3323728813559322,101
231_UCR_Anomaly_mit14134longtermecg_8763_47530_47790.txt,UCR,,False,mit14134longtermecg,8763,47530,47790,59000,1,0.004423728813559322,1,0.81,261
232_UCR_Anomaly_mit14134longtermecg_8763_57530_57790.txt,UCR,,False,mit14134longtermecg,8763,57530,57790,59000,1,0.004423728813559322,1,0.9794915254237289,261
233_UCR_Anomaly_mit14157longtermecg_18913_24500_24501.txt,UCR,,False,mit14157longtermecg,18913,24500,24501,92710,1,2.1572645885017798e-05,1,0.2642756984144105,2
234_UCR_Anomaly_mit14157longtermecg_18913_24600_24601.txt,UCR,,False,mit14157longtermecg,18913,24600,24601,98710,1,2.0261371694863742e-05,1,0.24922500253267146,2
235_UCR_Anomaly_mit14157longtermecg_18913_75450_75451.txt,UCR,,False,mit14157longtermecg,18913,75450,75451,97300,1,2.0554984583761563e-05,1,0.7754470709146968,2
236_UCR_Anomaly_mit14157longtermecg_19313_46350_46390.txt,UCR,,False,mit14157longtermecg,19313,46350,46390,97000,1,0.000422680412371134,1,0.47824742268041237,41
237_UCR_Anomaly_mit14157longtermecg_19313_89560_90370.txt,UCR,,False,mit14157longtermecg,19313,89560,90370,97000,1,0.008360824742268042,1,0.9316494845360824,811
238_UCR_Anomaly_mit14157longtermecg_21311_72600_72780.txt,UCR,,False,mit14157longtermecg,21311,72600,72780,99000,1,0.0018282828282828283,1,0.7351515151515151,181
239_UCR_Anomaly_taichidbS0715Master_190037_593450_593514.txt,UCR,,False,taichidbS0715Master,190037,593450,593514,897667,1,7.240992483849801e-05,1,0.6611739097014817,65
240_UCR_Anomaly_taichidbS0715Master_240030_884100_884200.txt,UCR,,False,taichidbS0715Master,240030,884100,884200,900000,1,0.00011222222222222223,1,0.9824444444444445,101
241_UCR_Anomaly_taichidbS0715Master_250000_837400_839100.txt,UCR,,False,taichidbS0715Master,250000,837400,839100,900000,1,0.00189,1,0.9323333333333333,1701
242_UCR_Anomaly_tilt12744mtable_100000_104630_104890.txt,UCR,,False,tilt12744mtable,100000,104630,104890,286667,1,0.000910464057599933,1,0.36589492337799606,261
243_UCR_Anomaly_tilt12744mtable_100000_203355_203400.txt,UCR,,False,tilt12744mtable,100000,203355,203400,250001,1,0.00018399926400294397,1,0.8135967456130175,46
244_UCR_Anomaly_tilt12754table_100013_104630_104890.txt,UCR,,False,tilt12754table,100013,104630,104890,300262,1,0.0008692408629796645,1,0.3493282533254291,261
245_UCR_Anomaly_tilt12754table_100211_270800_271070.txt,UCR,,False,tilt12754table,100211,270800,271070,298747,1,0.0009071220798869947,1,0.9073563918633493,271
246_UCR_Anomaly_tilt12755mtable_100211_270800_271070.txt,UCR,,False,tilt12755mtable,100211,270800,271070,299867,1,0.0009037339887350059,1,0.9039674255586644,271
247_UCR_Anomaly_tilt12755mtable_50211_121900_121980.txt,UCR,,False,tilt12755mtable,50211,121900,121980,200000,1,0.000405,1,0.6099,81
248_UCR_Anomaly_weallwalk_2000_4702_4707.txt,UCR,,False,weallwalk,2000,4702,4707,8432,1,0.0007115749525616698,1,0.55823055028463,6
249_UCR_Anomaly_weallwalk_2753_8285_8315.txt,UCR,,False,weallwalk,2753,8285,8315,10524,1,0.002945648042569365,1,0.7900988217407829,31
250_UCR_Anomaly_weallwalk_2951_7290_7296.txt,UCR,,False,weallwalk,2951,7290,7296,10468,1,0.0006687046236148261,1,0.6969812762705387,7
